animation,frames,first_week,last_week,fps,width,height,raster_crs,nrow,ncol,xmin,xmax,ymin,ymax,fixed_scale_min,fixed_scale_max,opaque_background,single_frame_spatial_check,cell_identity_check,status,boundary_alignment,nodata_handling,fixed_legend_scale,output_file,renderer,legend_min,legend_max,resolution_x,resolution_y,origin_x,origin_y
structured_a3_p_occurrence_2025_W01_to_2026_W29,81,2025-W01,2026-W29,4,800,700,"PROJCRS[""unknown"",
    BASEGEOGCRS[""WGS 84"",
        DATUM[""World Geodetic System 1984"",
            ELLIPSOID[""WGS 84"",6378137,298.257223563,
                LENGTHUNIT[""metre"",1]]],
        PRIMEM[""Greenwich"",0,
            ANGLEUNIT[""degree"",0.0174532925199433]],
        ID[""EPSG"",4326]],
    CONVERSION[""Albers Equal Area"",
        METHOD[""Albers Equal Area"",
            ID[""EPSG"",9822]],
        PARAMETER[""Latitude of false origin"",20,
            ANGLEUNIT[""degree"",0.0174532925199433],
            ID[""EPSG"",8821]],
        PARAMETER[""Longitude of false origin"",-75,
            ANGLEUNIT[""degree"",0.0174532925199433],
            ID[""EPSG"",8822]],
        PARAMETER[""Latitude of 1st standard parallel"",10,
            ANGLEUNIT[""degree"",0.0174532925199433],
            ID[""EPSG"",8823]],
        PARAMETER[""Latitude of 2nd standard parallel"",30,
            ANGLEUNIT[""degree"",0.0174532925199433],
            ID[""EPSG"",8824]],
        PARAMETER[""Easting at false origin"",0,
            LENGTHUNIT[""metre"",1],
            ID[""EPSG"",8826]],
        PARAMETER[""Northing at false origin"",0,
            LENGTHUNIT[""metre"",1],
            ID[""EPSG"",8827]]],
    CS[Cartesian,2],
        AXIS[""easting"",east,
            ORDER[1],
            LENGTHUNIT[""kilometre"",1000,
                ID[""EPSG"",9036]]],
        AXIS[""northing"",north,
            ORDER[2],
            LENGTHUNIT[""kilometre"",1000,
                ID[""EPSG"",9036]]]]",202,293,-4361.41088177553,2962.12966365311,-2202.99971555688,2835.61878908363,0,0.6,TRUE,YES - W29 direct frame matches reference nowcast map,PASS; max_absolute_difference=0e+00,GIF COMPLETE,canonical CRS transformed to raster CRS; fixed raster extent,NoData rendered as opaque white,TRUE,/project/disease_ecology/STGNN-output/structured_a3_fullfit/interpretation_revised/animation/structured_a3_p_occurrence_2025_W01_to_2026_W29.gif,decoder-synchronized dependency-free PNG-to-GIF helper,0,0.6,24.9950189263776,24.9436559635669,-12.2775885858255,-7.95799076299636
structured_a3_expected_count_2025_W01_to_2026_W29,81,2025-W01,2026-W29,4,800,700,"PROJCRS[""unknown"",
    BASEGEOGCRS[""WGS 84"",
        DATUM[""World Geodetic System 1984"",
            ELLIPSOID[""WGS 84"",6378137,298.257223563,
                LENGTHUNIT[""metre"",1]]],
        PRIMEM[""Greenwich"",0,
            ANGLEUNIT[""degree"",0.0174532925199433]],
        ID[""EPSG"",4326]],
    CONVERSION[""Albers Equal Area"",
        METHOD[""Albers Equal Area"",
            ID[""EPSG"",9822]],
        PARAMETER[""Latitude of false origin"",20,
            ANGLEUNIT[""degree"",0.0174532925199433],
            ID[""EPSG"",8821]],
        PARAMETER[""Longitude of false origin"",-75,
            ANGLEUNIT[""degree"",0.0174532925199433],
            ID[""EPSG"",8822]],
        PARAMETER[""Latitude of 1st standard parallel"",10,
            ANGLEUNIT[""degree"",0.0174532925199433],
            ID[""EPSG"",8823]],
        PARAMETER[""Latitude of 2nd standard parallel"",30,
            ANGLEUNIT[""degree"",0.0174532925199433],
            ID[""EPSG"",8824]],
        PARAMETER[""Easting at false origin"",0,
            LENGTHUNIT[""metre"",1],
            ID[""EPSG"",8826]],
        PARAMETER[""Northing at false origin"",0,
            LENGTHUNIT[""metre"",1],
            ID[""EPSG"",8827]]],
    CS[Cartesian,2],
        AXIS[""easting"",east,
            ORDER[1],
            LENGTHUNIT[""kilometre"",1000,
                ID[""EPSG"",9036]]],
        AXIS[""northing"",north,
            ORDER[2],
            LENGTHUNIT[""kilometre"",1000,
                ID[""EPSG"",9036]]]]",202,293,-4361.41088177553,2962.12966365311,-2202.99971555688,2835.61878908363,0,4.06121349334717,TRUE,SAME DIRECT COORDINATE RENDERER,PASS; max_absolute_difference=0e+00,GIF COMPLETE,canonical CRS transformed to raster CRS; fixed raster extent,NoData rendered as opaque white,TRUE,/project/disease_ecology/STGNN-output/structured_a3_fullfit/interpretation_revised/animation/structured_a3_expected_count_2025_W01_to_2026_W29.gif,decoder-synchronized dependency-free PNG-to-GIF helper,0,4.06121349334717,24.9950189263776,24.9436559635669,-12.2775885858255,-7.95799076299636
structured_a3_conditional_count_2025_W01_to_2026_W29,81,2025-W01,2026-W29,4,800,700,"PROJCRS[""unknown"",
    BASEGEOGCRS[""WGS 84"",
        DATUM[""World Geodetic System 1984"",
            ELLIPSOID[""WGS 84"",6378137,298.257223563,
                LENGTHUNIT[""metre"",1]]],
        PRIMEM[""Greenwich"",0,
            ANGLEUNIT[""degree"",0.0174532925199433]],
        ID[""EPSG"",4326]],
    CONVERSION[""Albers Equal Area"",
        METHOD[""Albers Equal Area"",
            ID[""EPSG"",9822]],
        PARAMETER[""Latitude of false origin"",20,
            ANGLEUNIT[""degree"",0.0174532925199433],
            ID[""EPSG"",8821]],
        PARAMETER[""Longitude of false origin"",-75,
            ANGLEUNIT[""degree"",0.0174532925199433],
            ID[""EPSG"",8822]],
        PARAMETER[""Latitude of 1st standard parallel"",10,
            ANGLEUNIT[""degree"",0.0174532925199433],
            ID[""EPSG"",8823]],
        PARAMETER[""Latitude of 2nd standard parallel"",30,
            ANGLEUNIT[""degree"",0.0174532925199433],
            ID[""EPSG"",8824]],
        PARAMETER[""Easting at false origin"",0,
            LENGTHUNIT[""metre"",1],
            ID[""EPSG"",8826]],
        PARAMETER[""Northing at false origin"",0,
            LENGTHUNIT[""metre"",1],
            ID[""EPSG"",8827]]],
    CS[Cartesian,2],
        AXIS[""easting"",east,
            ORDER[1],
            LENGTHUNIT[""kilometre"",1000,
                ID[""EPSG"",9036]]],
        AXIS[""northing"",north,
            ORDER[2],
            LENGTHUNIT[""kilometre"",1000,
                ID[""EPSG"",9036]]]]",202,293,-4361.41088177553,2962.12966365311,-2202.99971555688,2835.61878908363,0,7.2981481552124,TRUE,SAME DIRECT COORDINATE RENDERER,PASS; max_absolute_difference=0e+00,GIF COMPLETE,canonical CRS transformed to raster CRS; fixed raster extent,NoData rendered as opaque white,TRUE,/project/disease_ecology/STGNN-output/structured_a3_fullfit/interpretation_revised/animation/structured_a3_conditional_count_2025_W01_to_2026_W29.gif,decoder-synchronized dependency-free PNG-to-GIF helper,0,7.2981481552124,24.9950189263776,24.9436559635669,-12.2775885858255,-7.95799076299636
