branch,local_or_remote,ref,tip_sha,merge_base_with_main,commits_ahead_of_main,commits_behind_main,fully_merged_into_main,tip_reachable_from_main,shared_with_local_or_remote,notes
feature/atlas-preflight-data-contract,local,feature/atlas-preflight-data-contract,45842f994676cd0a39eb3b98f5f6ed834f89f1ee,45842f994676cd0a39eb3b98f5f6ed834f89f1ee,0,58,YES,YES,YES,See branch_relationships.md for scientific ancestry and supersession interpretation.
feature/controlled-predictor-augmentation,local,feature/controlled-predictor-augmentation,bd8346fc42e31e4f1f52b2ce7f2d3694f6a4af00,88bcf3ae238f3aae712b123acfa07e4b2c5e4ad1,7,0,NO,NO,YES,See branch_relationships.md for scientific ancestry and supersession interpretation.
feature/repository-reconciliation,local,feature/repository-reconciliation,88bcf3ae238f3aae712b123acfa07e4b2c5e4ad1,88bcf3ae238f3aae712b123acfa07e4b2c5e4ad1,0,0,YES,YES,NO,See branch_relationships.md for scientific ancestry and supersession interpretation.
feature/revised-domain-audit,local,feature/revised-domain-audit,45842f994676cd0a39eb3b98f5f6ed834f89f1ee,45842f994676cd0a39eb3b98f5f6ed834f89f1ee,0,58,YES,YES,YES,See branch_relationships.md for scientific ancestry and supersession interpretation.
feature/soil-feature-screening,local,feature/soil-feature-screening,97defc7595cfbc19dc5095168f12f7104c672806,45842f994676cd0a39eb3b98f5f6ed834f89f1ee,22,58,NO,NO,NO,See branch_relationships.md for scientific ancestry and supersession interpretation.
feature/stgnn-a3-ablation,local,feature/stgnn-a3-ablation,fc7c17d2ef5879d0fe2abd9aff3d8f911f4c1744,88bcf3ae238f3aae712b123acfa07e4b2c5e4ad1,5,0,NO,NO,YES,See branch_relationships.md for scientific ancestry and supersession interpretation.
feature/structured-a3-evaluation,local,feature/structured-a3-evaluation,beee8ade7df446b3a21c973ea3b04f0be36d83a0,88bcf3ae238f3aae712b123acfa07e4b2c5e4ad1,9,0,NO,NO,YES,See branch_relationships.md for scientific ancestry and supersession interpretation.
main,local,main,88bcf3ae238f3aae712b123acfa07e4b2c5e4ad1,88bcf3ae238f3aae712b123acfa07e4b2c5e4ad1,0,0,YES,YES,YES,See branch_relationships.md for scientific ancestry and supersession interpretation.
feature/atlas-preflight-data-contract,remote,origin/feature/atlas-preflight-data-contract,45842f994676cd0a39eb3b98f5f6ed834f89f1ee,45842f994676cd0a39eb3b98f5f6ed834f89f1ee,0,58,YES,YES,YES,See branch_relationships.md for scientific ancestry and supersession interpretation.
feature/controlled-predictor-augmentation,remote,origin/feature/controlled-predictor-augmentation,bd8346fc42e31e4f1f52b2ce7f2d3694f6a4af00,88bcf3ae238f3aae712b123acfa07e4b2c5e4ad1,7,0,NO,NO,YES,See branch_relationships.md for scientific ancestry and supersession interpretation.
feature/hurdle-loss-audit,remote,origin/feature/hurdle-loss-audit,a7b22cb3d400b41388bc0ca150b49e0bcd264f7a,a7b22cb3d400b41388bc0ca150b49e0bcd264f7a,0,47,YES,YES,NO,See branch_relationships.md for scientific ancestry and supersession interpretation.
feature/model-class-diagnostic,remote,origin/feature/model-class-diagnostic,844589d8bf79b0ecf2f9249b50ade91fbb0089d9,88bcf3ae238f3aae712b123acfa07e4b2c5e4ad1,2,0,NO,NO,NO,See branch_relationships.md for scientific ancestry and supersession interpretation.
feature/neural-a0-architecture-audit,remote,origin/feature/neural-a0-architecture-audit,45dd7fe342b536cbe2a9d410b5b26cb1e3f9e485,88bcf3ae238f3aae712b123acfa07e4b2c5e4ad1,7,0,NO,NO,NO,See branch_relationships.md for scientific ancestry and supersession interpretation.
feature/revised-domain-audit,remote,origin/feature/revised-domain-audit,e18777f1d98c539c92acc9ba1e7e4deb84b54319,e18777f1d98c539c92acc9ba1e7e4deb84b54319,0,46,YES,YES,YES,See branch_relationships.md for scientific ancestry and supersession interpretation.
feature/revised-domain-baselines,remote,origin/feature/revised-domain-baselines,ab98f7c8482aae587825d29a95609cd45d3028a1,ab98f7c8482aae587825d29a95609cd45d3028a1,0,42,YES,YES,NO,See branch_relationships.md for scientific ancestry and supersession interpretation.
feature/stgnn-a3-ablation,remote,origin/feature/stgnn-a3-ablation,4797edff54c019cdd978b92e57413b58992d18ec,88bcf3ae238f3aae712b123acfa07e4b2c5e4ad1,13,0,NO,NO,YES,See branch_relationships.md for scientific ancestry and supersession interpretation.
feature/structured-a3-evaluation,remote,origin/feature/structured-a3-evaluation,beee8ade7df446b3a21c973ea3b04f0be36d83a0,88bcf3ae238f3aae712b123acfa07e4b2c5e4ad1,9,0,NO,NO,YES,See branch_relationships.md for scientific ancestry and supersession interpretation.
feature/structured-a3-final-comparison,remote,origin/feature/structured-a3-final-comparison,93ecc92d05219840456dce67049a9c4a8a30f058,88bcf3ae238f3aae712b123acfa07e4b2c5e4ad1,6,0,NO,NO,NO,See branch_relationships.md for scientific ancestry and supersession interpretation.
feature/structured-revised-domain,remote,origin/feature/structured-revised-domain,5e58f4be2d5c60a77c8bb4e6af47f10e35b19a1e,5e58f4be2d5c60a77c8bb4e6af47f10e35b19a1e,0,40,YES,YES,NO,See branch_relationships.md for scientific ancestry and supersession interpretation.
feature/terminal-evaluation,remote,origin/feature/terminal-evaluation,19886ca2fab5efb2eea25ba6b1fb086f7ecb1ab0,19886ca2fab5efb2eea25ba6b1fb086f7ecb1ab0,0,36,YES,YES,NO,See branch_relationships.md for scientific ancestry and supersession interpretation.
feature/v2-delayed-nowcast,remote,origin/feature/v2-delayed-nowcast,ea4ba55eda5e3b41b8d61dc5905b9ce5d1c13f87,ea4ba55eda5e3b41b8d61dc5905b9ce5d1c13f87,0,2,YES,YES,NO,See branch_relationships.md for scientific ancestry and supersession interpretation.
feature/v2-front-hurdle,remote,origin/feature/v2-front-hurdle,66443123df639c1ae811aeb58ef87546814ecd6e,66443123df639c1ae811aeb58ef87546814ecd6e,0,9,YES,YES,NO,See branch_relationships.md for scientific ancestry and supersession interpretation.
feature/v2-observation-front-audit,remote,origin/feature/v2-observation-front-audit,d8aba83be3d54848e78a205167fe04ff94ee3570,d8aba83be3d54848e78a205167fe04ff94ee3570,0,27,YES,YES,NO,See branch_relationships.md for scientific ancestry and supersession interpretation.
feature/v2-prospective-harness,remote,origin/feature/v2-prospective-harness,0c6563141529bff8ee8725c5e2e17bd1ec913797,0c6563141529bff8ee8725c5e2e17bd1ec913797,0,4,YES,YES,NO,See branch_relationships.md for scientific ancestry and supersession interpretation.
feature/v2-raster-outputs,remote,origin/feature/v2-raster-outputs,2246cd1b690df1058922a05bf3a3504f9247ddbe,2246cd1b690df1058922a05bf3a3504f9247ddbe,0,1,YES,YES,NO,See branch_relationships.md for scientific ancestry and supersession interpretation.
integration/pre-main-v2a,remote,origin/integration/pre-main-v2a,88bcf3ae238f3aae712b123acfa07e4b2c5e4ad1,88bcf3ae238f3aae712b123acfa07e4b2c5e4ad1,0,0,YES,YES,NO,See branch_relationships.md for scientific ancestry and supersession interpretation.
main,remote,origin/main,88bcf3ae238f3aae712b123acfa07e4b2c5e4ad1,88bcf3ae238f3aae712b123acfa07e4b2c5e4ad1,0,0,YES,YES,YES,See branch_relationships.md for scientific ancestry and supersession interpretation.
