component,canonical_file,source_branch,source_commit,superseded_alternatives,notes
domain construction,R/canonical_mask.R; scripts/build_canonical_mask.R,main,d7e634c,older preflight/domain masks,revised 10,037-node mask is canonical
response construction,scripts/observation_to_grid.R; scripts/build_production_dataset.R,main,5966c8e,earlier grid/response prototypes,weekly node counts and presence are the response contract
30-feature V2-A, scripts/run_task3b_v2a.py; python/task2b_models.py,main,7c50c75; 7a17bcc,earlier 24-feature baselines,V2-A is the frozen A0 reference for A3
structured hurdle fitting,analysis/predictor_augmentation/scripts/run_predictor_augmentation.py,feature/structured-a3-final-comparison,a018674,neural/GConvGRU fitting paths,configured fixed-theta structured implementation with A0/A3 model mapping
exact hurdle NLL,python/task2c_metrics.py,main,4c026d6,approximate or component-only score implementations,shared metric helper records exact joint hurdle NLL
fixed theta and penalty,analysis/structured_a3_final_comparison/results/structured_a3_final_manifest.json,feature/structured-a3-final-comparison,93ecc92,learned/re-estimated theta protocols,theta 0.7018903965556372 and penalty 0.01 are frozen
four A3 additions,analysis/predictor_augmentation/scripts/aggregate_road_night_features.R; analysis/structured_a3_final_comparison/results/a3_feature_manifest.json,feature/structured-a3-final-comparison,abea8e3,earlier candidate additions,road density/night illumination plus two soil features
F1-F4 development evaluation,analysis/structured_a3_final_comparison/results/fold_metrics.csv; analysis/structured_a3_final_comparison/results/structured_a3_final_report.md,feature/structured-a3-final-comparison,93ecc92,earlier Task 2F/3B development comparisons,development-only freeze; F5/F6 excluded from selection
history/front generation,scripts/run_task3b_v2a.py; docs/V2A_FRONT_FEATURES.md,main,7c50c75; cda6f64,noncausal/current-week history implementations,history features use observations from weeks before t
static feature joins,analysis/predictor_augmentation/scripts/aggregate_road_night_features.R; analysis/structured_a3_final_comparison/results/a3_feature_manifest.json,feature/structured-a3-final-comparison,abea8e3,unverified/static ad hoc joins,static artifacts are joined by canonical model_node_id and checksummed
historical exposed holdout,analysis/structured_a3_evaluation/scripts/run_frozen_a3_evaluation.py; analysis/structured_a3_evaluation/results/structured_a3_evaluation_report.md,feature/structured-a3-evaluation,beee8ad,prospective claims or recalibrated evaluations,2026-W17--W29 is exposed historical holdout only
evaluation boundary,analysis/structured_a3_evaluation/results/frozen_a3_evaluation_manifest.json; analysis/structured_a3_evaluation/results/frozen_a3_evaluation_manifest.json.sha256,feature/structured-a3-evaluation,0457ca2,mutable post-outcome specifications,manifest frozen before evaluation outcomes; SHA-256 is 9d7bc7b9ce41263064104aa933e75771b2b918ed853e4e34145db83c3a2c8f61
