branch,local_tip_sha,remote_tip_sha,classification,tip_reachable_from_main,active_worktree,unique_unpreserved_history,deletion_allowed,local_deleted,remote_deleted,reason
main,6e757b1b101d18c4cb54b580051c22397d048ff6,6e757b1b101d18c4cb54b580051c22397d048ff6,CANONICAL-INTEGRATE,YES,YES,NO,NO,NO,NO,canonical main retained
integration/pre-main-v2a,,88bcf3ae238f3aae712b123acfa07e4b2c5e4ad1,FULLY-MERGED,YES,NO,NO,YES,N/A,YES,verified ancestor of main and remote ref deleted
feature/atlas-preflight-data-contract,45842f994676cd0a39eb3b98f5f6ed834f89f1ee,45842f994676cd0a39eb3b98f5f6ed834f89f1ee,FULLY-MERGED,YES,NO,NO,YES,YES,YES,verified ancestor of main with no active worktree
feature/revised-domain-audit,45842f994676cd0a39eb3b98f5f6ed834f89f1ee,e18777f1d98c539c92acc9ba1e7e4deb84b54319,FULLY-MERGED,YES,NO,NO,YES,YES,YES,both divergent tips verified ancestors of main
feature/revised-domain-baselines,,ab98f7c8482aae587825d29a95609cd45d3028a1,FULLY-MERGED,YES,NO,NO,YES,N/A,YES,verified ancestor of main and remote ref deleted
feature/hurdle-loss-audit,,a7b22cb3d400b41388bc0ca150b49e0bcd264f7a,FULLY-MERGED,YES,NO,NO,YES,N/A,YES,verified ancestor of main and remote ref deleted
feature/structured-revised-domain,,5e58f4be2d5c60a77c8bb4e6af47f10e35b19a1e,FULLY-MERGED,YES,NO,NO,YES,N/A,YES,verified ancestor of main and remote ref deleted
feature/terminal-evaluation,,19886ca2fab5efb2eea25ba6b1fb086f7ecb1ab0,FULLY-MERGED,YES,NO,NO,YES,N/A,YES,verified ancestor of main and remote ref deleted
feature/v2-delayed-nowcast,,ea4ba55eda5e3b41b8d61dc5905b9ce5d1c13f87,FULLY-MERGED,YES,NO,NO,YES,N/A,YES,verified ancestor of main and remote ref deleted
feature/v2-front-hurdle,,66443123df639c1ae811aeb58ef87546814ecd6e,FULLY-MERGED,YES,NO,NO,YES,N/A,YES,verified ancestor of main and remote ref deleted
feature/v2-observation-front-audit,,d8aba83be3d54848e78a205167fe04ff94ee3570,FULLY-MERGED,YES,NO,NO,YES,N/A,YES,verified ancestor of main and remote ref deleted
feature/v2-prospective-harness,,0c6563141529bff8ee8725c5e2e17bd1ec913797,FULLY-MERGED,YES,NO,NO,YES,N/A,YES,verified ancestor of main and remote ref deleted
feature/v2-raster-outputs,,2246cd1b690df1058922a05bf3a3504f9247ddbe,FULLY-MERGED,YES,NO,NO,YES,N/A,YES,verified ancestor of main and remote ref deleted
feature/soil-feature-screening,97defc7595cfbc19dc5095168f12f7104c672806,,SUPERSEDED-BUT-PRESERVE,NO,YES,YES,NO,NO,N/A,historical scientific provenance retained
feature/controlled-predictor-augmentation,bd8346fc42e31e4f1f52b2ce7f2d3694f6a4af00,bd8346fc42e31e4f1f52b2ce7f2d3694f6a4af00,CANONICAL-INTEGRATE,YES,YES,NO,NO,NO,NO,canonical implementation branch retained active
feature/structured-a3-final-comparison,,93ecc92d05219840456dce67049a9c4a8a30f058,CANONICAL-INTEGRATE,NO,YES,YES,NO,N/A,NO,selective integration provenance retained
feature/structured-a3-evaluation,beee8ade7df446b3a21c973ea3b04f0be36d83a0,beee8ade7df446b3a21c973ea3b04f0be36d83a0,CANONICAL-INTEGRATE,NO,YES,YES,NO,NO,NO,historical evaluation provenance retained
feature/model-class-diagnostic,,844589d8bf79b0ecf2f9249b50ade91fbb0089d9,HISTORICAL-EXPERIMENT,NO,YES,YES,NO,N/A,NO,historical diagnostic branch retained
feature/neural-a0-architecture-audit,,45dd7fe342b536cbe2a9d410b5b26cb1e3f9e485,HISTORICAL-EXPERIMENT,NO,YES,YES,NO,N/A,NO,historical neural audit branch retained
feature/stgnn-a3-ablation,fc7c17d2ef5879d0fe2abd9aff3d8f911f4c1744,4797edff54c019cdd978b92e57413b58992d18ec,HISTORICAL-EXPERIMENT,NO,YES,YES,NO,NO,NO,divergent historical graph and neural evidence retained
feature/repository-reconciliation,a0b9775fb88e6218d57cf7f3ee2122531c923291,a0b9775fb88e6218d57cf7f3ee2122531c923291,ACTIVE-FUTURE-WORK,YES,YES,NO,NO,NO,NO,merged branch retained as provenance

