branch,tip_sha_or_tips,unique_commits,classification,integrated,final_action,notes
main,6e757b1b101d18c4cb54b580051c22397d048ff6,0,CANONICAL-INTEGRATE,YES,RETAIN,canonical main after no-fast-forward integration
integration/pre-main-v2a,88bcf3ae238f3aae712b123acfa07e4b2c5e4ad1,0,FULLY-MERGED,YES,DELETED-AFTER-VERIFICATION,ancestor of main with no active worktree
feature/atlas-preflight-data-contract,45842f994676cd0a39eb3b98f5f6ed834f89f1ee,0,FULLY-MERGED,YES,DELETED-AFTER-VERIFICATION,local and remote refs deleted after reachability and worktree checks
feature/revised-domain-audit,local=45842f9; remote=e18777f,0/0,FULLY-MERGED,YES,DELETED-AFTER-VERIFICATION,both divergent tips were ancestors of main and both refs were deleted
feature/revised-domain-baselines,ab98f7c8482aae587825d29a95609cd45d3028a1,0,FULLY-MERGED,YES,DELETED-AFTER-VERIFICATION,ancestor of main with no active worktree
feature/hurdle-loss-audit,a7b22cb3d400b41388bc0ca150b49e0bcd264f7a,0,FULLY-MERGED,YES,DELETED-AFTER-VERIFICATION,ancestor of main with no active worktree
feature/structured-revised-domain,5e58f4be2d5c60a77c8bb4e6af47f10e35b19a1e,0,FULLY-MERGED,YES,DELETED-AFTER-VERIFICATION,ancestor of main with no active worktree
feature/terminal-evaluation,19886ca2fab5efb2eea25ba6b1fb086f7ecb1ab0,0,FULLY-MERGED,YES,DELETED-AFTER-VERIFICATION,ancestor of main with no active worktree
feature/v2-delayed-nowcast,ea4ba55eda5e3b41b8d61dc5905b9ce5d1c13f87,0,FULLY-MERGED,YES,DELETED-AFTER-VERIFICATION,ancestor of main with no active worktree
feature/v2-front-hurdle,66443123df639c1ae811aeb58ef87546814ecd6e,0,FULLY-MERGED,YES,DELETED-AFTER-VERIFICATION,ancestor of main with no active worktree
feature/v2-observation-front-audit,d8aba83be3d54848e78a205167fe04ff94ee3570,0,FULLY-MERGED,YES,DELETED-AFTER-VERIFICATION,ancestor of main with no active worktree
feature/v2-prospective-harness,0c6563141529bff8ee8725c5e2e17bd1ec913797,0,FULLY-MERGED,YES,DELETED-AFTER-VERIFICATION,ancestor of main with no active worktree
feature/v2-raster-outputs,2246cd1b690df1058922a05bf3a3504f9247ddbe,0,FULLY-MERGED,YES,DELETED-AFTER-VERIFICATION,ancestor of main with no active worktree
feature/soil-feature-screening,97defc7595cfbc19dc5095168f12f7104c672806,22,SUPERSEDED-BUT-PRESERVE,DOCUMENT-ONLY,RETAIN-AS-HISTORICAL,meaningful soil screening and active dirty worktree
feature/controlled-predictor-augmentation,bd8346fc42e31e4f1f52b2ce7f2d3694f6a4af00,7,CANONICAL-INTEGRATE,YES,RETAIN-ACTIVE,canonical A3 augmentation implementation and active worktree
feature/structured-a3-final-comparison,93ecc92d05219840456dce67049a9c4a8a30f058,6,CANONICAL-INTEGRATE,SELECTIVE,RETAIN-AS-PROVENANCE,F1-F4 A3 freeze and comparison provenance
feature/structured-a3-evaluation,beee8ade7df446b3a21c973ea3b04f0be36d83a0,9,CANONICAL-INTEGRATE,SELECTIVE,RETAIN-AS-PROVENANCE,historical exposed holdout and immutable evaluation boundary
feature/model-class-diagnostic,844589d8bf79b0ecf2f9249b50ade91fbb0089d9,2,HISTORICAL-EXPERIMENT,DOCUMENT-ONLY,RETAIN-AS-HISTORICAL,model-class diagnostic evidence and active Atlas worktree
feature/neural-a0-architecture-audit,45dd7fe342b536cbe2a9d410b5b26cb1e3f9e485,7,HISTORICAL-EXPERIMENT,DOCUMENT-ONLY,RETAIN-AS-HISTORICAL,neural A0 validity audit and active Atlas worktree
feature/stgnn-a3-ablation,local=fc7c17d; remote=4797edf,5/13,HISTORICAL-EXPERIMENT,DOCUMENT-ONLY,RETAIN-AS-HISTORICAL,divergent graph/neural evidence and active worktrees
feature/repository-reconciliation,a0b9775fb88e6218d57cf7f3ee2122531c923291,0,ACTIVE-FUTURE-WORK,YES,RETAIN-AS-PROVENANCE,merged branch retained with its review history

