branch,local_or_remote,ref,tip_sha,merge_base_with_main,commits_ahead_of_main,commits_behind_main,fully_merged_into_main,tip_reachable_from_main,shared_with_local_or_remote,notes
feature/controlled-predictor-augmentation,local,feature/controlled-predictor-augmentation,bd8346fc42e31e4f1f52b2ce7f2d3694f6a4af00,bd8346fc42e31e4f1f52b2ce7f2d3694f6a4af00,0,17,YES,YES,YES,See branch_relationships.md for scientific ancestry and supersession interpretation.
feature/repository-reconciliation,local,feature/repository-reconciliation,a0b9775fb88e6218d57cf7f3ee2122531c923291,a0b9775fb88e6218d57cf7f3ee2122531c923291,0,1,YES,YES,YES,See branch_relationships.md for scientific ancestry and supersession interpretation.
feature/soil-feature-screening,local,feature/soil-feature-screening,97defc7595cfbc19dc5095168f12f7104c672806,45842f994676cd0a39eb3b98f5f6ed834f89f1ee,22,82,NO,NO,NO,See branch_relationships.md for scientific ancestry and supersession interpretation.
feature/stgnn-a3-ablation,local,feature/stgnn-a3-ablation,fc7c17d2ef5879d0fe2abd9aff3d8f911f4c1744,88bcf3ae238f3aae712b123acfa07e4b2c5e4ad1,5,24,NO,NO,YES,See branch_relationships.md for scientific ancestry and supersession interpretation.
feature/structured-a3-evaluation,local,feature/structured-a3-evaluation,beee8ade7df446b3a21c973ea3b04f0be36d83a0,88bcf3ae238f3aae712b123acfa07e4b2c5e4ad1,9,24,NO,NO,YES,See branch_relationships.md for scientific ancestry and supersession interpretation.
main,local,main,6e757b1b101d18c4cb54b580051c22397d048ff6,6e757b1b101d18c4cb54b580051c22397d048ff6,0,0,YES,YES,YES,See branch_relationships.md for scientific ancestry and supersession interpretation.
feature/controlled-predictor-augmentation,remote,origin/feature/controlled-predictor-augmentation,bd8346fc42e31e4f1f52b2ce7f2d3694f6a4af00,bd8346fc42e31e4f1f52b2ce7f2d3694f6a4af00,0,17,YES,YES,YES,See branch_relationships.md for scientific ancestry and supersession interpretation.
feature/model-class-diagnostic,remote,origin/feature/model-class-diagnostic,844589d8bf79b0ecf2f9249b50ade91fbb0089d9,88bcf3ae238f3aae712b123acfa07e4b2c5e4ad1,2,24,NO,NO,NO,See branch_relationships.md for scientific ancestry and supersession interpretation.
feature/neural-a0-architecture-audit,remote,origin/feature/neural-a0-architecture-audit,45dd7fe342b536cbe2a9d410b5b26cb1e3f9e485,88bcf3ae238f3aae712b123acfa07e4b2c5e4ad1,7,24,NO,NO,NO,See branch_relationships.md for scientific ancestry and supersession interpretation.
feature/repository-reconciliation,remote,origin/feature/repository-reconciliation,a0b9775fb88e6218d57cf7f3ee2122531c923291,a0b9775fb88e6218d57cf7f3ee2122531c923291,0,1,YES,YES,YES,See branch_relationships.md for scientific ancestry and supersession interpretation.
feature/stgnn-a3-ablation,remote,origin/feature/stgnn-a3-ablation,4797edff54c019cdd978b92e57413b58992d18ec,88bcf3ae238f3aae712b123acfa07e4b2c5e4ad1,13,24,NO,NO,YES,See branch_relationships.md for scientific ancestry and supersession interpretation.
feature/structured-a3-evaluation,remote,origin/feature/structured-a3-evaluation,beee8ade7df446b3a21c973ea3b04f0be36d83a0,88bcf3ae238f3aae712b123acfa07e4b2c5e4ad1,9,24,NO,NO,YES,See branch_relationships.md for scientific ancestry and supersession interpretation.
feature/structured-a3-final-comparison,remote,origin/feature/structured-a3-final-comparison,93ecc92d05219840456dce67049a9c4a8a30f058,88bcf3ae238f3aae712b123acfa07e4b2c5e4ad1,6,24,NO,NO,NO,See branch_relationships.md for scientific ancestry and supersession interpretation.
main,remote,origin/main,6e757b1b101d18c4cb54b580051c22397d048ff6,6e757b1b101d18c4cb54b580051c22397d048ff6,0,0,YES,YES,YES,See branch_relationships.md for scientific ancestry and supersession interpretation.
