predictor,role,transformation,reference_rule,reference_value_model_scale,reference_value_transformed_scale,reference_value_natural_scale,history_state_note,source_data,full_fit_week_count
era5_mintemp,held_fixed,identity,median of full-fit transformed predictor values,0.09758051933479517,10.253377914428711,10.253377914428711,,/project/disease_ecology/STGNN-output/revised_model_data,81
era5_soilmoist,held_fixed,identity,median of full-fit transformed predictor values,-0.03528456675329759,0.22215166687965393,0.22215166687965393,,/project/disease_ecology/STGNN-output/revised_model_data,81
era5_lai_low,focal_varies,identity,median of full-fit transformed predictor values,-0.08540142224639813,1.5246354341506958,1.5246354341506958,,/project/disease_ecology/STGNN-output/revised_model_data,81
agera5_relhum_min,focal_varies,identity,median of full-fit transformed predictor values,0.04513891593174599,38.63749694824219,38.63749694824219,,/project/disease_ecology/STGNN-output/revised_model_data,81
era5land_tmean,focal_varies,identity,median of full-fit transformed predictor values,0.16433289212542032,19.34777069091797,19.34777069091797,,/project/disease_ecology/STGNN-output/revised_model_data,81
era5land_soiltemp_l1_mean,held_fixed,identity,median of full-fit transformed predictor values,0.14520599340953552,20.894678115844727,20.894678115844727,,/project/disease_ecology/STGNN-output/revised_model_data,81
era5land_soiltemp_l2_mean,held_fixed,identity,median of full-fit transformed predictor values,0.14404462200355792,20.612079620361328,20.612079620361328,,/project/disease_ecology/STGNN-output/revised_model_data,81
era5land_soilwater_l1_mean,held_fixed,identity,median of full-fit transformed predictor values,-0.01875980803998149,0.23421905934810638,0.23421905934810638,,/project/disease_ecology/STGNN-output/revised_model_data,81
era5land_soilwater_l2_mean,held_fixed,identity,median of full-fit transformed predictor values,-0.1588508919078291,0.2428261935710907,0.2428261935710907,,/project/disease_ecology/STGNN-output/revised_model_data,81
era5land_surface_pressure_mean,held_fixed,identity,median of full-fit transformed predictor values,0.38042959021053463,95.75525665283203,95.75525665283203,,/project/disease_ecology/STGNN-output/revised_model_data,81
era5land_lai_high_mean,held_fixed,identity,median of full-fit transformed predictor values,0.014327659608409756,2.290100336074829,2.290100336074829,,/project/disease_ecology/STGNN-output/revised_model_data,81
era5land_lai_low_mean,held_fixed,identity,median of full-fit transformed predictor values,-0.09862917791080578,1.4234198331832886,1.4234198331832886,,/project/disease_ecology/STGNN-output/revised_model_data,81
cattle_density,held_fixed,log1p,median of full-fit transformed predictor values,0.014255754648596847,2.1969650912766547,7.99766492843628,,/project/disease_ecology/STGNN-output/revised_model_data,81
goat_density,held_fixed,log1p,median of full-fit transformed predictor values,-0.4216008106712571,0.2843454170229686,0.3288918733596802,,/project/disease_ecology/STGNN-output/revised_model_data,81
sheep_density,focal_varies,log1p,median of full-fit transformed predictor values,-0.374236312145138,0.30233504325321986,0.3530144691467285,,/project/disease_ecology/STGNN-output/revised_model_data,81
horse_density,held_fixed,log1p,median of full-fit transformed predictor values,0.06668475962500835,4.404290525009271,80.80108642578122,,/project/disease_ecology/STGNN-output/revised_model_data,81
pig_density,held_fixed,log1p,median of full-fit transformed predictor values,-0.4667860379971526,0.2590985499978727,0.29576149582862854,,/project/disease_ecology/STGNN-output/revised_model_data,81
cattle_density_imputed,held_fixed,identity,reference 0 for availability/missingness indicator,0.0,0.0,0.0,,/project/disease_ecology/STGNN-output/revised_model_data,81
goat_density_imputed,held_fixed,identity,reference 0 for availability/missingness indicator,0.0,0.0,0.0,,/project/disease_ecology/STGNN-output/revised_model_data,81
sheep_density_imputed,held_fixed,identity,reference 0 for availability/missingness indicator,0.0,0.0,0.0,,/project/disease_ecology/STGNN-output/revised_model_data,81
horse_density_imputed,held_fixed,identity,reference 0 for availability/missingness indicator,0.0,0.0,0.0,,/project/disease_ecology/STGNN-output/revised_model_data,81
pig_density_imputed,held_fixed,identity,reference 0 for availability/missingness indicator,0.0,0.0,0.0,,/project/disease_ecology/STGNN-output/revised_model_data,81
week_sin,held_fixed,identity,reference 0 for availability/missingness indicator,0.0,0.0,0.0,,/project/disease_ecology/STGNN-output/revised_model_data,81
week_cos,held_fixed,identity,reference 0 for availability/missingness indicator,0.0,0.0,0.0,,/project/disease_ecology/STGNN-output/revised_model_data,81
distance_to_any_prior_positive_log1p,focal_varies,log1p,median of full-fit transformed predictor values,0.3305219038185992,7.2145404562673985,1358.0489821186945,availability indicators fixed at 0; history distances otherwise at transformed median,/project/disease_ecology/STGNN-output/revised_model_data,81
distance_to_prev4_positive_log1p,focal_varies,log1p,median of full-fit transformed predictor values,0.3248728040648902,7.2742030657234755,1441.6010756807218,availability indicators fixed at 0; history distances otherwise at transformed median,/project/disease_ecology/STGNN-output/revised_model_data,81
weeks_since_detection_within_50km_log1p,focal_varies,log1p,median of full-fit transformed predictor values,0.2863700924757391,4.90527477843843,134.00000000000003,availability indicators fixed at 0; history distances otherwise at transformed median,/project/disease_ecology/STGNN-output/revised_model_data,81
any_prior_positive_available,held_fixed,identity,reference 0 for availability/missingness indicator,0.0,0.0,0.0,availability indicators fixed at 0; history distances otherwise at transformed median,/project/disease_ecology/STGNN-output/revised_model_data,81
prev4_positive_available,held_fixed,identity,reference 0 for availability/missingness indicator,0.0,0.0,0.0,availability indicators fixed at 0; history distances otherwise at transformed median,/project/disease_ecology/STGNN-output/revised_model_data,81
detection_within_50km_ever_available,held_fixed,identity,reference 0 for availability/missingness indicator,0.0,0.0,0.0,availability indicators fixed at 0; history distances otherwise at transformed median,/project/disease_ecology/STGNN-output/revised_model_data,81
road_density,focal_varies,log1p,median of full-fit transformed predictor values,0.07201293613931646,5.33188755027279,205.8280041955933,,/project/disease_ecology/STGNN-output/revised_model_data,81
night_illumination,held_fixed,log1p,median of full-fit transformed predictor values,-0.11055159294353424,1.0354009508682027,1.8162351812240551,,/project/disease_ecology/STGNN-output/revised_model_data,81
clay_0_15,held_fixed,identity,median of full-fit transformed predictor values,-0.05161518362938496,237.63734694366545,237.63734694366545,,/project/disease_ecology/STGNN-output/revised_model_data,81
water_difference_wv0033_minus_wv0010_0_15,held_fixed,identity,median of full-fit transformed predictor values,-0.004363204730087179,-61.91586215056884,-61.91586215056884,,/project/disease_ecology/STGNN-output/revised_model_data,81
