row_type,absolute_coefficient,coefficient_standardized,component,feature,fold,model,sign,folds,mean_coefficient,sd_coefficient,minimum_coefficient,maximum_coefficient,dominant_sign,dominant_sign_folds,stable_sign
fold,0.027979838711434227,0.027979838711434227,occurrence,road_density,1.0,A3,positive,,,,,,,,
fold,0.0006955427823098457,0.0006955427823098457,occurrence,night_illumination,1.0,A3,positive,,,,,,,,
fold,0.041984345062274636,-0.041984345062274636,occurrence,clay_0_15,1.0,A3,negative,,,,,,,,
fold,0.06367699344806761,-0.06367699344806761,occurrence,water_difference_wv0033_minus_wv0010_0_15,1.0,A3,negative,,,,,,,,
fold,0.0694302142485658,0.0694302142485658,positive_count,road_density,1.0,A3,positive,,,,,,,,
fold,0.0788265077546979,-0.0788265077546979,positive_count,night_illumination,1.0,A3,negative,,,,,,,,
fold,0.07233941119742193,-0.07233941119742193,positive_count,clay_0_15,1.0,A3,negative,,,,,,,,
fold,0.10765835872280037,-0.10765835872280037,positive_count,water_difference_wv0033_minus_wv0010_0_15,1.0,A3,negative,,,,,,,,
fold,0.05372112239766194,0.05372112239766194,occurrence,road_density,2.0,A3,positive,,,,,,,,
fold,0.016220495096133925,0.016220495096133925,occurrence,night_illumination,2.0,A3,positive,,,,,,,,
fold,0.024086085026316272,-0.024086085026316272,occurrence,clay_0_15,2.0,A3,negative,,,,,,,,
fold,0.06872429645087157,-0.06872429645087157,occurrence,water_difference_wv0033_minus_wv0010_0_15,2.0,A3,negative,,,,,,,,
fold,0.2552818377219496,0.2552818377219496,positive_count,road_density,2.0,A3,positive,,,,,,,,
fold,0.130745756646806,-0.130745756646806,positive_count,night_illumination,2.0,A3,negative,,,,,,,,
fold,0.08903123968930163,-0.08903123968930163,positive_count,clay_0_15,2.0,A3,negative,,,,,,,,
fold,0.0782220085702497,-0.0782220085702497,positive_count,water_difference_wv0033_minus_wv0010_0_15,2.0,A3,negative,,,,,,,,
fold,0.07688147976073581,0.07688147976073581,occurrence,road_density,3.0,A3,positive,,,,,,,,
fold,0.028899174951640422,0.028899174951640422,occurrence,night_illumination,3.0,A3,positive,,,,,,,,
fold,0.033765853814641374,-0.033765853814641374,occurrence,clay_0_15,3.0,A3,negative,,,,,,,,
fold,0.06903424481556757,-0.06903424481556757,occurrence,water_difference_wv0033_minus_wv0010_0_15,3.0,A3,negative,,,,,,,,
fold,0.3452508947938005,0.3452508947938005,positive_count,road_density,3.0,A3,positive,,,,,,,,
fold,0.10304359803429604,-0.10304359803429604,positive_count,night_illumination,3.0,A3,negative,,,,,,,,
fold,0.07353470632506144,-0.07353470632506144,positive_count,clay_0_15,3.0,A3,negative,,,,,,,,
fold,0.08469306991530498,-0.08469306991530498,positive_count,water_difference_wv0033_minus_wv0010_0_15,3.0,A3,negative,,,,,,,,
fold,0.08318427410977065,0.08318427410977065,occurrence,road_density,4.0,A3,positive,,,,,,,,
fold,0.025524818706476587,0.025524818706476587,occurrence,night_illumination,4.0,A3,positive,,,,,,,,
fold,0.03711772220567279,-0.03711772220567279,occurrence,clay_0_15,4.0,A3,negative,,,,,,,,
fold,0.06603469922650376,-0.06603469922650376,occurrence,water_difference_wv0033_minus_wv0010_0_15,4.0,A3,negative,,,,,,,,
fold,0.32147940349687815,0.32147940349687815,positive_count,road_density,4.0,A3,positive,,,,,,,,
fold,0.09351660995528598,-0.09351660995528598,positive_count,night_illumination,4.0,A3,negative,,,,,,,,
fold,0.13451576290231468,-0.13451576290231468,positive_count,clay_0_15,4.0,A3,negative,,,,,,,,
fold,0.07645171159439822,-0.07645171159439822,positive_count,water_difference_wv0033_minus_wv0010_0_15,4.0,A3,negative,,,,,,,,
summary,,,occurrence,clay_0_15,,A3,summary,4.0,-0.03423850152722627,0.006549483957778772,-0.041984345062274636,-0.024086085026316272,negative,4.0,True
summary,,,occurrence,night_illumination,,A3,summary,4.0,0.017835007884140195,0.010930655274277643,0.0006955427823098457,0.028899174951640422,positive,4.0,True
summary,,,occurrence,road_density,,A3,summary,4.0,0.060441678744900654,0.02171652387782881,0.027979838711434227,0.08318427410977065,positive,4.0,True
summary,,,occurrence,water_difference_wv0033_minus_wv0010_0_15,,A3,summary,4.0,-0.06686755848525264,0.0021803305556919285,-0.06903424481556757,-0.06367699344806761,negative,4.0,True
summary,,,positive_count,clay_0_15,,A3,summary,4.0,-0.09235528002852492,0.025216088911245358,-0.13451576290231468,-0.07233941119742193,negative,4.0,True
summary,,,positive_count,night_illumination,,A3,summary,4.0,-0.10153311809777148,0.018944091141473985,-0.130745756646806,-0.0788265077546979,negative,4.0,True
summary,,,positive_count,road_density,,A3,summary,4.0,0.24786058756529855,0.1081631580958438,0.0694302142485658,0.3452508947938005,positive,4.0,True
summary,,,positive_count,water_difference_wv0033_minus_wv0010_0_15,,A3,summary,4.0,-0.08675628720068831,0.012451622882679815,-0.10765835872280037,-0.07645171159439822,negative,4.0,True
