task_id,model,fold,feature,transformation,training_mean,training_sd
1,A0,1,era5_mintemp,frozen V2-A preprocessing,6.965500626006305,10.111037676492133
1,A0,1,era5_soilmoist,frozen V2-A preprocessing,0.226132472015649,0.1450689165339162
1,A0,1,era5_lai_low,frozen V2-A preprocessing,1.5799569809689595,0.8915017326752653
1,A0,1,agera5_relhum_min,frozen V2-A preprocessing,35.33912255999942,16.696065738391635
1,A0,1,era5land_tmean,frozen V2-A preprocessing,15.948399254129384,9.056376649157079
1,A0,1,era5land_soiltemp_l1_mean,frozen V2-A preprocessing,17.563053356772024,9.271824040906328
1,A0,1,era5land_soiltemp_l2_mean,frozen V2-A preprocessing,17.232910368913952,8.671112668416972
1,A0,1,era5land_soilwater_l1_mean,frozen V2-A preprocessing,0.2369041647310997,0.14194558159576187
1,A0,1,era5land_soilwater_l2_mean,frozen V2-A preprocessing,0.2625171802139143,0.11833837580138463
1,A0,1,era5land_surface_pressure_mean,frozen V2-A preprocessing,92.6173870897287,8.167192441258017
1,A0,1,era5land_lai_high_mean,frozen V2-A preprocessing,2.2034886514311025,1.5925953801179482
1,A0,1,era5land_lai_low_mean,frozen V2-A preprocessing,1.4843789218443677,0.8239689798349497
1,A0,1,cattle_density,frozen V2-A preprocessing,2.1818324690442608,1.0615097275181293
1,A0,1,goat_density,frozen V2-A preprocessing,0.5932326850182229,0.7326534014565687
1,A0,1,sheep_density,frozen V2-A preprocessing,0.5636169486162352,0.6981735787886741
1,A0,1,horse_density,frozen V2-A preprocessing,4.321961261889952,1.2346038822663112
1,A0,1,pig_density,frozen V2-A preprocessing,0.7783585648980758,1.112415480823317
1,A0,1,cattle_density_imputed,frozen V2-A preprocessing,0.0,1.0
1,A0,1,goat_density_imputed,frozen V2-A preprocessing,0.0,1.0
1,A0,1,sheep_density_imputed,frozen V2-A preprocessing,0.0,1.0
1,A0,1,horse_density_imputed,frozen V2-A preprocessing,0.0,1.0
1,A0,1,pig_density_imputed,frozen V2-A preprocessing,0.0,1.0
1,A0,1,week_sin,frozen V2-A preprocessing,0.0,1.0
1,A0,1,week_cos,frozen V2-A preprocessing,0.0,1.0
1,A0,1,distance_to_any_prior_positive_log1p,frozen V2-A preprocessing,7.2922898834527725,1.0129285492512723
1,A0,1,distance_to_prev4_positive_log1p,frozen V2-A preprocessing,7.306219894118276,0.9791184204541762
1,A0,1,weeks_since_detection_within_50km_log1p,frozen V2-A preprocessing,4.820073211377873,0.5832784048912026
1,A0,1,any_prior_positive_available,frozen V2-A preprocessing,0.0,1.0
1,A0,1,prev4_positive_available,frozen V2-A preprocessing,0.0,1.0
1,A0,1,detection_within_50km_ever_available,frozen V2-A preprocessing,0.0,1.0
2,A3,1,era5_mintemp,frozen V2-A preprocessing,6.965500626006305,10.111037676492133
2,A3,1,era5_soilmoist,frozen V2-A preprocessing,0.226132472015649,0.1450689165339162
2,A3,1,era5_lai_low,frozen V2-A preprocessing,1.5799569809689595,0.8915017326752653
2,A3,1,agera5_relhum_min,frozen V2-A preprocessing,35.33912255999942,16.696065738391635
2,A3,1,era5land_tmean,frozen V2-A preprocessing,15.948399254129384,9.056376649157079
2,A3,1,era5land_soiltemp_l1_mean,frozen V2-A preprocessing,17.563053356772024,9.271824040906328
2,A3,1,era5land_soiltemp_l2_mean,frozen V2-A preprocessing,17.232910368913952,8.671112668416972
2,A3,1,era5land_soilwater_l1_mean,frozen V2-A preprocessing,0.2369041647310997,0.14194558159576187
2,A3,1,era5land_soilwater_l2_mean,frozen V2-A preprocessing,0.2625171802139143,0.11833837580138463
2,A3,1,era5land_surface_pressure_mean,frozen V2-A preprocessing,92.6173870897287,8.167192441258017
2,A3,1,era5land_lai_high_mean,frozen V2-A preprocessing,2.2034886514311025,1.5925953801179482
2,A3,1,era5land_lai_low_mean,frozen V2-A preprocessing,1.4843789218443677,0.8239689798349497
2,A3,1,cattle_density,frozen V2-A preprocessing,2.1818324690442608,1.0615097275181293
2,A3,1,goat_density,frozen V2-A preprocessing,0.5932326850182229,0.7326534014565687
2,A3,1,sheep_density,frozen V2-A preprocessing,0.5636169486162352,0.6981735787886741
2,A3,1,horse_density,frozen V2-A preprocessing,4.321961261889952,1.2346038822663112
2,A3,1,pig_density,frozen V2-A preprocessing,0.7783585648980758,1.112415480823317
2,A3,1,cattle_density_imputed,frozen V2-A preprocessing,0.0,1.0
2,A3,1,goat_density_imputed,frozen V2-A preprocessing,0.0,1.0
2,A3,1,sheep_density_imputed,frozen V2-A preprocessing,0.0,1.0
2,A3,1,horse_density_imputed,frozen V2-A preprocessing,0.0,1.0
2,A3,1,pig_density_imputed,frozen V2-A preprocessing,0.0,1.0
2,A3,1,week_sin,frozen V2-A preprocessing,0.0,1.0
2,A3,1,week_cos,frozen V2-A preprocessing,0.0,1.0
2,A3,1,distance_to_any_prior_positive_log1p,frozen V2-A preprocessing,7.2922898834527725,1.0129285492512723
2,A3,1,distance_to_prev4_positive_log1p,frozen V2-A preprocessing,7.306219894118276,0.9791184204541762
2,A3,1,weeks_since_detection_within_50km_log1p,frozen V2-A preprocessing,4.820073211377873,0.5832784048912026
2,A3,1,any_prior_positive_available,frozen V2-A preprocessing,0.0,1.0
2,A3,1,prev4_positive_available,frozen V2-A preprocessing,0.0,1.0
2,A3,1,detection_within_50km_ever_available,frozen V2-A preprocessing,0.0,1.0
2,A3,1,road_density,log1p,5.232224368013962,1.383962210147828
2,A3,1,night_illumination,log1p,1.146729956380285,1.0070321245297713
2,A3,1,clay_0_15,identity,241.5575358902639,75.95030514168047
2,A3,1,water_difference_wv0033_minus_wv0010_0_15,identity,-61.83624892373287,18.246502683510272
3,A0,2,era5_mintemp,frozen V2-A preprocessing,10.714470310565336,10.206250934795746
3,A0,2,era5_soilmoist,frozen V2-A preprocessing,0.22794731264764934,0.14011545708488646
3,A0,2,era5_lai_low,frozen V2-A preprocessing,1.6228044939921284,0.9066926860222382
3,A0,2,agera5_relhum_min,frozen V2-A preprocessing,37.83960362241097,16.765814042139336
3,A0,2,era5land_tmean,frozen V2-A preprocessing,18.942248005203297,8.868796657280186
3,A0,2,era5land_soiltemp_l1_mean,frozen V2-A preprocessing,20.739482209315305,9.252941256330637
3,A0,2,era5land_soiltemp_l2_mean,frozen V2-A preprocessing,20.38292776867687,8.778643798423243
3,A0,2,era5land_soilwater_l1_mean,frozen V2-A preprocessing,0.23717079831628096,0.13793888704720128
3,A0,2,era5land_soilwater_l2_mean,frozen V2-A preprocessing,0.2606423394909677,0.11349010650666398
3,A0,2,era5land_surface_pressure_mean,frozen V2-A preprocessing,92.6441523385685,8.10772443047988
3,A0,2,era5land_lai_high_mean,frozen V2-A preprocessing,2.330939010938173,1.6623406722241376
3,A0,2,era5land_lai_low_mean,frozen V2-A preprocessing,1.5271219129507265,0.8448775281211953
3,A0,2,cattle_density,frozen V2-A preprocessing,2.181832469044261,1.0615097275181393
3,A0,2,goat_density,frozen V2-A preprocessing,0.5932326850182412,0.7326534014565033
3,A0,2,sheep_density,frozen V2-A preprocessing,0.5636169486162181,0.6981735787886535
3,A0,2,horse_density,frozen V2-A preprocessing,4.321961261889775,1.2346038822663115
3,A0,2,pig_density,frozen V2-A preprocessing,0.7783585648980947,1.1124154808233488
3,A0,2,cattle_density_imputed,frozen V2-A preprocessing,0.0,1.0
3,A0,2,goat_density_imputed,frozen V2-A preprocessing,0.0,1.0
3,A0,2,sheep_density_imputed,frozen V2-A preprocessing,0.0,1.0
3,A0,2,horse_density_imputed,frozen V2-A preprocessing,0.0,1.0
3,A0,2,pig_density_imputed,frozen V2-A preprocessing,0.0,1.0
3,A0,2,week_sin,frozen V2-A preprocessing,0.0,1.0
3,A0,2,week_cos,frozen V2-A preprocessing,0.0,1.0
3,A0,2,distance_to_any_prior_positive_log1p,frozen V2-A preprocessing,7.145532169413102,1.227569147583438
3,A0,2,distance_to_prev4_positive_log1p,frozen V2-A preprocessing,7.184670546739293,1.160540723186907
3,A0,2,weeks_since_detection_within_50km_log1p,frozen V2-A preprocessing,4.7763347496011646,0.7155015339457116
3,A0,2,any_prior_positive_available,frozen V2-A preprocessing,0.0,1.0
3,A0,2,prev4_positive_available,frozen V2-A preprocessing,0.0,1.0
3,A0,2,detection_within_50km_ever_available,frozen V2-A preprocessing,0.0,1.0
4,A3,2,era5_mintemp,frozen V2-A preprocessing,10.714470310565336,10.206250934795746
4,A3,2,era5_soilmoist,frozen V2-A preprocessing,0.22794731264764934,0.14011545708488646
4,A3,2,era5_lai_low,frozen V2-A preprocessing,1.6228044939921284,0.9066926860222382
4,A3,2,agera5_relhum_min,frozen V2-A preprocessing,37.83960362241097,16.765814042139336
4,A3,2,era5land_tmean,frozen V2-A preprocessing,18.942248005203297,8.868796657280186
4,A3,2,era5land_soiltemp_l1_mean,frozen V2-A preprocessing,20.739482209315305,9.252941256330637
4,A3,2,era5land_soiltemp_l2_mean,frozen V2-A preprocessing,20.38292776867687,8.778643798423243
4,A3,2,era5land_soilwater_l1_mean,frozen V2-A preprocessing,0.23717079831628096,0.13793888704720128
4,A3,2,era5land_soilwater_l2_mean,frozen V2-A preprocessing,0.2606423394909677,0.11349010650666398
4,A3,2,era5land_surface_pressure_mean,frozen V2-A preprocessing,92.6441523385685,8.10772443047988
4,A3,2,era5land_lai_high_mean,frozen V2-A preprocessing,2.330939010938173,1.6623406722241376
4,A3,2,era5land_lai_low_mean,frozen V2-A preprocessing,1.5271219129507265,0.8448775281211953
4,A3,2,cattle_density,frozen V2-A preprocessing,2.181832469044261,1.0615097275181393
4,A3,2,goat_density,frozen V2-A preprocessing,0.5932326850182412,0.7326534014565033
4,A3,2,sheep_density,frozen V2-A preprocessing,0.5636169486162181,0.6981735787886535
4,A3,2,horse_density,frozen V2-A preprocessing,4.321961261889775,1.2346038822663115
4,A3,2,pig_density,frozen V2-A preprocessing,0.7783585648980947,1.1124154808233488
4,A3,2,cattle_density_imputed,frozen V2-A preprocessing,0.0,1.0
4,A3,2,goat_density_imputed,frozen V2-A preprocessing,0.0,1.0
4,A3,2,sheep_density_imputed,frozen V2-A preprocessing,0.0,1.0
4,A3,2,horse_density_imputed,frozen V2-A preprocessing,0.0,1.0
4,A3,2,pig_density_imputed,frozen V2-A preprocessing,0.0,1.0
4,A3,2,week_sin,frozen V2-A preprocessing,0.0,1.0
4,A3,2,week_cos,frozen V2-A preprocessing,0.0,1.0
4,A3,2,distance_to_any_prior_positive_log1p,frozen V2-A preprocessing,7.145532169413102,1.227569147583438
4,A3,2,distance_to_prev4_positive_log1p,frozen V2-A preprocessing,7.184670546739293,1.160540723186907
4,A3,2,weeks_since_detection_within_50km_log1p,frozen V2-A preprocessing,4.7763347496011646,0.7155015339457116
4,A3,2,any_prior_positive_available,frozen V2-A preprocessing,0.0,1.0
4,A3,2,prev4_positive_available,frozen V2-A preprocessing,0.0,1.0
4,A3,2,detection_within_50km_ever_available,frozen V2-A preprocessing,0.0,1.0
4,A3,2,road_density,log1p,5.232224368013687,1.3839622101478457
4,A3,2,night_illumination,log1p,1.1467299563802817,1.0070321245303213
4,A3,2,clay_0_15,identity,241.55753589024803,75.95030514168025
4,A3,2,water_difference_wv0033_minus_wv0010_0_15,identity,-61.836248923740975,18.246502683510457
5,A0,3,era5_mintemp,frozen V2-A preprocessing,9.610182603500157,9.937471312440552
5,A0,3,era5_soilmoist,frozen V2-A preprocessing,0.22926804136904297,0.13817289859681195
5,A0,3,era5_lai_low,frozen V2-A preprocessing,1.6061883501540815,0.9023080000936222
5,A0,3,agera5_relhum_min,frozen V2-A preprocessing,38.70834297477849,16.297815445921575
5,A0,3,era5land_tmean,frozen V2-A preprocessing,17.992730880038703,8.611050535817933
5,A0,3,era5land_soiltemp_l1_mean,frozen V2-A preprocessing,19.620994236965913,9.02606159686388
5,A0,3,era5land_soiltemp_l2_mean,frozen V2-A preprocessing,19.53731910943451,8.513492204321922
5,A0,3,era5land_soilwater_l1_mean,frozen V2-A preprocessing,0.2384978647957547,0.13530960831819036
5,A0,3,era5land_soilwater_l2_mean,frozen V2-A preprocessing,0.26169452236544766,0.11098203305881517
5,A0,3,era5land_surface_pressure_mean,frozen V2-A preprocessing,92.67082504129031,8.111031773327205
5,A0,3,era5land_lai_high_mean,frozen V2-A preprocessing,2.279971212441998,1.6376847748687808
5,A0,3,era5land_lai_low_mean,frozen V2-A preprocessing,1.5105427797255833,0.8389651075283029
5,A0,3,cattle_density,frozen V2-A preprocessing,2.181832469044222,1.0615097275181344
5,A0,3,goat_density,frozen V2-A preprocessing,0.5932326850181927,0.7326534014564879
5,A0,3,sheep_density,frozen V2-A preprocessing,0.5636169486162267,0.6981735787886423
5,A0,3,horse_density,frozen V2-A preprocessing,4.321961261889447,1.234603882266301
5,A0,3,pig_density,frozen V2-A preprocessing,0.7783585648981272,1.1124154808233795
5,A0,3,cattle_density_imputed,frozen V2-A preprocessing,0.0,1.0
5,A0,3,goat_density_imputed,frozen V2-A preprocessing,0.0,1.0
5,A0,3,sheep_density_imputed,frozen V2-A preprocessing,0.0,1.0
5,A0,3,horse_density_imputed,frozen V2-A preprocessing,0.0,1.0
5,A0,3,pig_density_imputed,frozen V2-A preprocessing,0.0,1.0
5,A0,3,week_sin,frozen V2-A preprocessing,0.0,1.0
5,A0,3,week_cos,frozen V2-A preprocessing,0.0,1.0
5,A0,3,distance_to_any_prior_positive_log1p,frozen V2-A preprocessing,6.964444242460124,1.3989807566703931
5,A0,3,distance_to_prev4_positive_log1p,frozen V2-A preprocessing,7.03873850793634,1.2941311152095338
5,A0,3,weeks_since_detection_within_50km_log1p,frozen V2-A preprocessing,4.736241824740702,0.8128719769420774
5,A0,3,any_prior_positive_available,frozen V2-A preprocessing,0.0,1.0
5,A0,3,prev4_positive_available,frozen V2-A preprocessing,0.0,1.0
5,A0,3,detection_within_50km_ever_available,frozen V2-A preprocessing,0.0,1.0
6,A3,3,era5_mintemp,frozen V2-A preprocessing,9.610182603500157,9.937471312440552
6,A3,3,era5_soilmoist,frozen V2-A preprocessing,0.22926804136904297,0.13817289859681195
6,A3,3,era5_lai_low,frozen V2-A preprocessing,1.6061883501540815,0.9023080000936222
6,A3,3,agera5_relhum_min,frozen V2-A preprocessing,38.70834297477849,16.297815445921575
6,A3,3,era5land_tmean,frozen V2-A preprocessing,17.992730880038703,8.611050535817933
6,A3,3,era5land_soiltemp_l1_mean,frozen V2-A preprocessing,19.620994236965913,9.02606159686388
6,A3,3,era5land_soiltemp_l2_mean,frozen V2-A preprocessing,19.53731910943451,8.513492204321922
6,A3,3,era5land_soilwater_l1_mean,frozen V2-A preprocessing,0.2384978647957547,0.13530960831819036
6,A3,3,era5land_soilwater_l2_mean,frozen V2-A preprocessing,0.26169452236544766,0.11098203305881517
6,A3,3,era5land_surface_pressure_mean,frozen V2-A preprocessing,92.67082504129031,8.111031773327205
6,A3,3,era5land_lai_high_mean,frozen V2-A preprocessing,2.279971212441998,1.6376847748687808
6,A3,3,era5land_lai_low_mean,frozen V2-A preprocessing,1.5105427797255833,0.8389651075283029
6,A3,3,cattle_density,frozen V2-A preprocessing,2.181832469044222,1.0615097275181344
6,A3,3,goat_density,frozen V2-A preprocessing,0.5932326850181927,0.7326534014564879
6,A3,3,sheep_density,frozen V2-A preprocessing,0.5636169486162267,0.6981735787886423
6,A3,3,horse_density,frozen V2-A preprocessing,4.321961261889447,1.234603882266301
6,A3,3,pig_density,frozen V2-A preprocessing,0.7783585648981272,1.1124154808233795
6,A3,3,cattle_density_imputed,frozen V2-A preprocessing,0.0,1.0
6,A3,3,goat_density_imputed,frozen V2-A preprocessing,0.0,1.0
6,A3,3,sheep_density_imputed,frozen V2-A preprocessing,0.0,1.0
6,A3,3,horse_density_imputed,frozen V2-A preprocessing,0.0,1.0
6,A3,3,pig_density_imputed,frozen V2-A preprocessing,0.0,1.0
6,A3,3,week_sin,frozen V2-A preprocessing,0.0,1.0
6,A3,3,week_cos,frozen V2-A preprocessing,0.0,1.0
6,A3,3,distance_to_any_prior_positive_log1p,frozen V2-A preprocessing,6.964444242460124,1.3989807566703931
6,A3,3,distance_to_prev4_positive_log1p,frozen V2-A preprocessing,7.03873850793634,1.2941311152095338
6,A3,3,weeks_since_detection_within_50km_log1p,frozen V2-A preprocessing,4.736241824740702,0.8128719769420774
6,A3,3,any_prior_positive_available,frozen V2-A preprocessing,0.0,1.0
6,A3,3,prev4_positive_available,frozen V2-A preprocessing,0.0,1.0
6,A3,3,detection_within_50km_ever_available,frozen V2-A preprocessing,0.0,1.0
6,A3,3,road_density,log1p,5.232224368013903,1.3839622101478346
6,A3,3,night_illumination,log1p,1.1467299563803104,1.0070321245305829
6,A3,3,clay_0_15,identity,241.55753589023786,75.95030514167821
6,A3,3,water_difference_wv0033_minus_wv0010_0_15,identity,-61.83624892374574,18.2465026835106
7,A0,4,era5_mintemp,frozen V2-A preprocessing,8.290293677457624,10.371629625181072
7,A0,4,era5_soilmoist,frozen V2-A preprocessing,0.2301665938150364,0.13777770177459026
7,A0,4,era5_lai_low,frozen V2-A preprocessing,1.5902566855735039,0.8989426794157943
7,A0,4,agera5_relhum_min,frozen V2-A preprocessing,38.46802675154672,15.845463871521837
7,A0,4,era5land_tmean,frozen V2-A preprocessing,16.845218211428193,9.016129958211732
7,A0,4,era5land_soiltemp_l1_mean,frozen V2-A preprocessing,18.418114231507083,9.351895257227435
7,A0,4,era5land_soiltemp_l2_mean,frozen V2-A preprocessing,18.416865514921227,8.825194211646131
7,A0,4,era5land_soilwater_l1_mean,frozen V2-A preprocessing,0.2403854630485075,0.13463162508957013
7,A0,4,era5land_soilwater_l2_mean,frozen V2-A preprocessing,0.2628325612369702,0.11099453626844291
7,A0,4,era5land_surface_pressure_mean,frozen V2-A preprocessing,92.70099002257524,8.121904192352664
7,A0,4,era5land_lai_high_mean,frozen V2-A preprocessing,2.23680890038244,1.6201401582582735
7,A0,4,era5land_lai_low_mean,frozen V2-A preprocessing,1.4946412245600231,0.8337035704249034
7,A0,4,cattle_density,frozen V2-A preprocessing,2.181832469044161,1.0615097275181373
7,A0,4,goat_density,frozen V2-A preprocessing,0.593232685018155,0.7326534014564969
7,A0,4,sheep_density,frozen V2-A preprocessing,0.563616948616241,0.6981735787886482
7,A0,4,horse_density,frozen V2-A preprocessing,4.3219612618889975,1.2346038822663232
7,A0,4,pig_density,frozen V2-A preprocessing,0.7783585648981401,1.1124154808233957
7,A0,4,cattle_density_imputed,frozen V2-A preprocessing,0.0,1.0
7,A0,4,goat_density_imputed,frozen V2-A preprocessing,0.0,1.0
7,A0,4,sheep_density_imputed,frozen V2-A preprocessing,0.0,1.0
7,A0,4,horse_density_imputed,frozen V2-A preprocessing,0.0,1.0
7,A0,4,pig_density_imputed,frozen V2-A preprocessing,0.0,1.0
7,A0,4,week_sin,frozen V2-A preprocessing,0.0,1.0
7,A0,4,week_cos,frozen V2-A preprocessing,0.0,1.0
7,A0,4,distance_to_any_prior_positive_log1p,frozen V2-A preprocessing,6.876679216745953,1.4920010491258962
7,A0,4,distance_to_prev4_positive_log1p,frozen V2-A preprocessing,6.981704430644633,1.354424758244929
7,A0,4,weeks_since_detection_within_50km_log1p,frozen V2-A preprocessing,4.707763126337914,0.8732464106723022
7,A0,4,any_prior_positive_available,frozen V2-A preprocessing,0.0,1.0
7,A0,4,prev4_positive_available,frozen V2-A preprocessing,0.0,1.0
7,A0,4,detection_within_50km_ever_available,frozen V2-A preprocessing,0.0,1.0
8,A3,4,era5_mintemp,frozen V2-A preprocessing,8.290293677457624,10.371629625181072
8,A3,4,era5_soilmoist,frozen V2-A preprocessing,0.2301665938150364,0.13777770177459026
8,A3,4,era5_lai_low,frozen V2-A preprocessing,1.5902566855735039,0.8989426794157943
8,A3,4,agera5_relhum_min,frozen V2-A preprocessing,38.46802675154672,15.845463871521837
8,A3,4,era5land_tmean,frozen V2-A preprocessing,16.845218211428193,9.016129958211732
8,A3,4,era5land_soiltemp_l1_mean,frozen V2-A preprocessing,18.418114231507083,9.351895257227435
8,A3,4,era5land_soiltemp_l2_mean,frozen V2-A preprocessing,18.416865514921227,8.825194211646131
8,A3,4,era5land_soilwater_l1_mean,frozen V2-A preprocessing,0.2403854630485075,0.13463162508957013
8,A3,4,era5land_soilwater_l2_mean,frozen V2-A preprocessing,0.2628325612369702,0.11099453626844291
8,A3,4,era5land_surface_pressure_mean,frozen V2-A preprocessing,92.70099002257524,8.121904192352664
8,A3,4,era5land_lai_high_mean,frozen V2-A preprocessing,2.23680890038244,1.6201401582582735
8,A3,4,era5land_lai_low_mean,frozen V2-A preprocessing,1.4946412245600231,0.8337035704249034
8,A3,4,cattle_density,frozen V2-A preprocessing,2.181832469044161,1.0615097275181373
8,A3,4,goat_density,frozen V2-A preprocessing,0.593232685018155,0.7326534014564969
8,A3,4,sheep_density,frozen V2-A preprocessing,0.563616948616241,0.6981735787886482
8,A3,4,horse_density,frozen V2-A preprocessing,4.3219612618889975,1.2346038822663232
8,A3,4,pig_density,frozen V2-A preprocessing,0.7783585648981401,1.1124154808233957
8,A3,4,cattle_density_imputed,frozen V2-A preprocessing,0.0,1.0
8,A3,4,goat_density_imputed,frozen V2-A preprocessing,0.0,1.0
8,A3,4,sheep_density_imputed,frozen V2-A preprocessing,0.0,1.0
8,A3,4,horse_density_imputed,frozen V2-A preprocessing,0.0,1.0
8,A3,4,pig_density_imputed,frozen V2-A preprocessing,0.0,1.0
8,A3,4,week_sin,frozen V2-A preprocessing,0.0,1.0
8,A3,4,week_cos,frozen V2-A preprocessing,0.0,1.0
8,A3,4,distance_to_any_prior_positive_log1p,frozen V2-A preprocessing,6.876679216745953,1.4920010491258962
8,A3,4,distance_to_prev4_positive_log1p,frozen V2-A preprocessing,6.981704430644633,1.354424758244929
8,A3,4,weeks_since_detection_within_50km_log1p,frozen V2-A preprocessing,4.707763126337914,0.8732464106723022
8,A3,4,any_prior_positive_available,frozen V2-A preprocessing,0.0,1.0
8,A3,4,prev4_positive_available,frozen V2-A preprocessing,0.0,1.0
8,A3,4,detection_within_50km_ever_available,frozen V2-A preprocessing,0.0,1.0
8,A3,4,road_density,log1p,5.232224368014002,1.3839622101478555
8,A3,4,night_illumination,log1p,1.146729956380342,1.0070321245306746
8,A3,4,clay_0_15,identity,241.55753589024374,75.95030514167782
8,A3,4,water_difference_wv0033_minus_wv0010_0_15,identity,-61.83624892374817,18.246502683510425
