task_id,model,fold,seed,calibration_intercept,calibration_slope,observed_prevalence,mean_predicted_probability,brier
M1_fold1_seed20261002,M1,1,20261002,-4.593251406165468,-0.36637153192413613,0.015895034526099586,0.23178285306256424,0.06623001662356592
M1_fold1_seed20261003,M1,1,20261003,-9.319620893494298,-3.8602671288390606,0.015895034526099586,0.2520243693954175,0.07763898158123292
M1_fold1_seed20261004,M1,1,20261004,-4.30015843525136,-0.10822067866317284,0.015895034526099586,0.1758096044925129,0.04324979240955626
M1_fold1_seed20261005,M1,1,20261005,1.5447308412176144,4.362173106236744,0.015895034526099586,0.18688775686854733,0.04450623294090009
M1_fold1_seed20261006,M1,1,20261006,-5.994969260610519,-1.7446126950173666,0.015895034526099586,0.2899607114044657,0.09738621487813097
M1_fold2_seed20261002,M1,2,20261002,0.14518225946816035,3.4500889458736217,0.018293851212053864,0.18806795707437804,0.047729315478854104
M1_fold2_seed20261003,M1,2,20261003,-1.3948614467791516,2.2439671475336045,0.018293851212053864,0.20836560598676432,0.05764674779421579
M1_fold2_seed20261004,M1,2,20261004,0.5947585524665944,3.6858223512723622,0.018293851212053864,0.17527377476148367,0.04429530633174434
M1_fold2_seed20261005,M1,2,20261005,0.19384256627370813,3.441871279704413,0.018293851212053864,0.17093855640015088,0.041582957585085976
M1_fold2_seed20261006,M1,2,20261006,-2.472641257229051,1.3700496822217723,0.018293851212053864,0.2342952865552792,0.0692898070054782
M1_fold3_seed20261002,M1,3,20261002,-0.8916034455042983,2.8018543093664454,0.01736076516887516,0.1353289409210308,0.03411396762705617
M1_fold3_seed20261003,M1,3,20261003,-0.8343949190346354,2.675178873233945,0.01736076516887516,0.134697237971267,0.03401169798310238
M1_fold3_seed20261004,M1,3,20261004,0.7320520539402263,3.3514012932008463,0.01736076516887516,0.10467979489530704,0.02563325766853121
M1_fold3_seed20261005,M1,3,20261005,-0.16659836832085245,2.7314244758883564,0.01736076516887516,0.10121908551625934,0.02478268514634633
M1_fold3_seed20261006,M1,3,20261006,-1.115897644570799,2.4060001329491354,0.01736076516887516,0.15649413006178026,0.04055426992669144
M1_fold4_seed20261002,M1,4,20261002,0.06414333960881534,2.859556932068365,0.028668924977582944,0.13332963233949205,0.037153172303796854
M1_fold4_seed20261003,M1,4,20261003,0.18218783013827555,2.6667590629825098,0.028668924977582944,0.1253590164342773,0.03509773517528653
M1_fold4_seed20261004,M1,4,20261004,1.1893674401619834,2.95045957407264,0.028668924977582944,0.1033683926148888,0.030855177886597723
M1_fold4_seed20261005,M1,4,20261005,1.0101400968290946,2.5931750934165607,0.028668924977582944,0.09129923857209175,0.027914350461296686
M1_fold4_seed20261006,M1,4,20261006,0.018938682019072645,2.529104815378947,0.028668924977582944,0.1383051966468832,0.038649271640124785
M2_fold1_seed20261002,M2,1,20261002,-4.504320259183425,6.461760140487008,0.015895034526099586,0.4157398740857154,0.17214305226355364
M2_fold1_seed20261003,M2,1,20261003,-4.941100265994346,8.206636194504172,0.015895034526099586,0.47462597936615664,0.2239029677926121
M2_fold1_seed20261004,M2,1,20261004,-4.004331513009849,4.109151694265858,0.015895034526099586,0.3912679679018728,0.15564004835493106
M2_fold1_seed20261005,M2,1,20261005,-3.0329685227365526,3.7660426813771566,0.015895034526099586,0.28916588163846746,0.08747479991721673
M2_fold1_seed20261006,M2,1,20261006,-3.867457010748938,7.2308702941190575,0.015895034526099586,0.4222585748413119,0.17855714606262635
M2_fold2_seed20261002,M2,2,20261002,-1.9662037164701993,3.269527751750845,0.018293851212053864,0.24702144511122828,0.06760075251696183
M2_fold2_seed20261003,M2,2,20261003,-3.85792488693035,3.5626381141358325,0.018293851212053864,0.4056998920779718,0.16572466510163436
M2_fold2_seed20261004,M2,2,20261004,-1.7636290496552944,1.7084886850808967,0.018293851212053864,0.13111773043180971,0.030752797572545534
M2_fold2_seed20261005,M2,2,20261005,-0.325979011493106,1.8914979102472511,0.018293851212053864,0.07627922091400977,0.01829748607850817
M2_fold2_seed20261006,M2,2,20261006,-0.9336073299542236,2.363152159774339,0.018293851212053864,0.13993180458526291,0.029992408352982784
M2_fold3_seed20261002,M2,3,20261002,2.601065603333898,2.697059898912671,0.01736076516887516,0.057453484622604085,0.016442579049963574
M2_fold3_seed20261003,M2,3,20261003,0.8630071081588567,2.5333718557775797,0.01736076516887516,0.09394511594065177,0.020796393561202213
M2_fold3_seed20261004,M2,3,20261004,1.8352837034130558,1.9909524123030182,0.01736076516887516,0.03989876364876618,0.0160549744274246
M2_fold3_seed20261005,M2,3,20261005,4.160820217482722,2.4469942764736303,0.01736076516887516,0.024875979923387973,0.015617909603963132
M2_fold3_seed20261006,M2,3,20261006,4.65776666618308,3.000212207183922,0.01736076516887516,0.0393452519635707,0.015781129786336497
M2_fold4_seed20261002,M2,4,20261002,4.867152473297188,2.644622977275997,0.028668924977582944,0.031254017513502604,0.025397427245368424
M2_fold4_seed20261003,M2,4,20261003,6.722561165098646,3.447093720550895,0.028668924977582944,0.0398553709922738,0.02591987157064704
M2_fold4_seed20261004,M2,4,20261004,2.9880195472668056,1.9892873352460887,0.028668924977582944,0.030019902702665635,0.025557829896546775
M2_fold4_seed20261005,M2,4,20261005,3.313399889821825,1.9178183298268645,0.028668924977582944,0.021185184203364633,0.02522751525981114
M2_fold4_seed20261006,M2,4,20261006,4.0275373053780825,2.334238950638578,0.028668924977582944,0.028882842766198,0.02499236113658764
