task_id,model,fold,seed,observed_positive_mean,predicted_positive_mean,conditional_mean_bias,mae,rmse
M1_fold1_seed20261002,M1,1,20261002,4.093539054966249,3.0617835226227883,-1.0317555323434604,2.3587562825382014,4.177700750768311
M1_fold1_seed20261003,M1,1,20261003,4.093539054966249,3.110774964779429,-0.9827640901868203,2.3770618601679945,4.182305063513043
M1_fold1_seed20261004,M1,1,20261004,4.093539054966249,3.2023376201971283,-0.8912014347691202,2.3712172255948163,4.144634228536842
M1_fold1_seed20261005,M1,1,20261005,4.093539054966249,3.521414734427948,-0.5721243205383011,2.4425731743051973,4.093744000225461
M1_fold1_seed20261006,M1,1,20261006,4.093539054966249,4.022596081470608,-0.07094297349564095,2.5524683783680704,4.0437626263590145
M1_fold2_seed20261002,M1,2,20261002,4.09635525764558,3.618737394903264,-0.47761786274231555,2.4950143159573024,3.839115812663152
M1_fold2_seed20261003,M1,2,20261003,4.09635525764558,3.248934681181491,-0.8474205764640892,2.4069531517092027,3.88494209601225
M1_fold2_seed20261004,M1,2,20261004,4.09635525764558,3.4084423505691888,-0.6879129070763913,2.4525747516101934,3.8737879624423317
M1_fold2_seed20261005,M1,2,20261005,4.09635525764558,3.8327324372312126,-0.2636228204143673,2.521792530156413,3.7987986206780047
M1_fold2_seed20261006,M1,2,20261006,4.09635525764558,3.9930642448299776,-0.10329101281560227,2.575255850147373,3.7994864046849943
M1_fold3_seed20261002,M1,3,20261002,2.0365853658536586,3.5973423933618944,1.5607570275082356,2.1345018441575214,2.4210271912416306
M1_fold3_seed20261003,M1,3,20261003,2.0365853658536586,3.1740855394192007,1.1375001735655423,1.8116029030553538,2.1451098435928855
M1_fold3_seed20261004,M1,3,20261004,2.0365853658536586,3.558094255251383,1.5215088893977242,2.0870597224418965,2.3729642852964745
M1_fold3_seed20261005,M1,3,20261005,2.0365853658536586,3.8365387612115525,1.7999533953578941,2.2759619012860686,2.539758346758081
M1_fold3_seed20261006,M1,3,20261006,2.0365853658536586,3.6902362497398613,1.6536508838862025,2.188896738320175,2.4725519210315254
M1_fold4_seed20261002,M1,4,20261002,2.0881841876629017,3.2387249347226215,1.1505407470597202,1.8483255324843841,2.207320706042006
M1_fold4_seed20261003,M1,4,20261003,2.0881841876629017,3.1728796743157663,1.0846954866528646,1.814630734076449,2.191245912806042
M1_fold4_seed20261004,M1,4,20261004,2.0881841876629017,3.5185881692339565,1.4304039815710545,2.054157449390405,2.376478236440222
M1_fold4_seed20261005,M1,4,20261005,2.0881841876629017,3.5677484870980076,1.4795642994351057,2.086402552493265,2.403368640590096
M1_fold4_seed20261006,M1,4,20261006,2.0881841876629017,3.17003547311844,1.081851285455538,1.8145335797829456,2.1959984699145854
M2_fold1_seed20261002,M2,1,20261002,4.093539054966249,2.26978764425869,-1.8237514107075588,2.3438652312719204,4.453495506560128
M2_fold1_seed20261003,M2,1,20261003,4.093539054966249,2.9413563062864125,-1.152182748679836,2.34266535821892,4.21259760671761
M2_fold1_seed20261004,M2,1,20261004,4.093539054966249,2.509794192443663,-1.5837448625225856,2.3386568933418355,4.35623188233115
M2_fold1_seed20261005,M2,1,20261005,4.093539054966249,2.6700022698202996,-1.423536785145949,2.343726375788619,4.2972425989361005
M2_fold1_seed20261006,M2,1,20261006,4.093539054966249,2.485165783391481,-1.6083732715747678,2.343057192170063,4.367808023111714
M2_fold2_seed20261002,M2,2,20261002,4.09635525764558,2.495527915538543,-1.6008273421070378,2.4011563440082178,4.163866766912491
M2_fold2_seed20261003,M2,2,20261003,4.09635525764558,3.1005363990915544,-0.9958188585540256,2.4161570371827423,3.95506137473387
M2_fold2_seed20261004,M2,2,20261004,4.09635525764558,2.478259549419465,-1.6180957082261151,2.40926618329661,4.173572720575669
M2_fold2_seed20261005,M2,2,20261005,4.09635525764558,2.7663954604912804,-1.3299597971542994,2.3927588978423007,4.052241780505985
M2_fold2_seed20261006,M2,2,20261006,4.09635525764558,2.579039221068372,-1.5173160365772083,2.391096197824638,4.122907322409962
M2_fold3_seed20261002,M2,3,20261002,2.0365853658536586,2.336997986170848,0.30041262031718957,1.3596374691401816,1.8880012751572155
M2_fold3_seed20261003,M2,3,20261003,2.0365853658536586,2.8050262557214,0.7684408898677416,1.62457091294586,2.0403405717414835
M2_fold3_seed20261004,M2,3,20261004,2.0365853658536586,2.052151007237971,0.01556564138431237,1.2378785086888533,1.873525075369706
M2_fold3_seed20261005,M2,3,20261005,2.0365853658536586,2.577759841447984,0.541174475594326,1.4784801778754857,1.9331442792307985
M2_fold3_seed20261006,M2,3,20261006,2.0365853658536586,2.3046362841157664,0.2680509182621076,1.3326265157757506,1.8742337704806762
M2_fold4_seed20261002,M2,4,20261002,2.0881841876629017,2.3210185655157676,0.23283437785286573,1.344202604980729,1.9253889940892381
M2_fold4_seed20261003,M2,4,20261003,2.0881841876629017,2.3755917469120185,0.28740755924911654,1.3656847663047456,1.940174150005418
M2_fold4_seed20261004,M2,4,20261004,2.0881841876629017,2.165932849925749,0.07774866226284742,1.2864592847193126,1.9308200528904518
M2_fold4_seed20261005,M2,4,20261005,2.0881841876629017,2.655502563761394,0.5673183760984919,1.5081565518510671,1.9943470794028795
M2_fold4_seed20261006,M2,4,20261006,2.0881841876629017,2.3944154114756113,0.30623122381270956,1.3714501225961433,1.9349455556357826
