task_id,model,fold,seed,status,attempt,runtime_seconds,best_epoch,converged,output_path,loss_objective,theta,brier,brier_null,brier_skill,calibration_intercept,calibration_slope,conditional_mean_bias,fitted_theta,joint_hurdle_nll,logit_max,logit_mean,logit_min,logit_sd,max_predicted_probability,mean_observed_count,mean_predicted_count,mean_predicted_probability,mean_predicted_probability_negative,mean_predicted_probability_positive,median_predicted_probability,observed_prevalence,p90_predicted_probability,p95_predicted_probability,p99_predicted_probability,positive_count_mae,positive_count_rmse,positive_observed_mean,positive_predicted_mean,pr_auc,pr_auc_over_prevalence,prediction_probability_sd,roc_auc,reference_brier,reference_brier_null,reference_brier_skill,reference_calibration_intercept,reference_calibration_slope,reference_conditional_mean_bias,reference_fitted_theta,reference_joint_hurdle_nll,reference_logit_max,reference_logit_mean,reference_logit_min,reference_logit_sd,reference_max_predicted_probability,reference_mean_observed_count,reference_mean_predicted_count,reference_mean_predicted_probability,reference_mean_predicted_probability_negative,reference_mean_predicted_probability_positive,reference_median_predicted_probability,reference_observed_prevalence,reference_p90_predicted_probability,reference_p95_predicted_probability,reference_p99_predicted_probability,reference_positive_count_mae,reference_positive_count_rmse,reference_positive_observed_mean,reference_positive_predicted_mean,reference_pr_auc,reference_pr_auc_over_prevalence,reference_prediction_probability_sd,reference_roc_auc
M1_fold1_seed20261002,M1,1,20261002,completed,1,24.22462487220764,36,True,/project/disease_ecology/STGNN-output/model_class_diagnostic/models/M1_fold1_seed20261002.pt,exact_joint_hurdle_nll,0.7018903965556372,0.06623001662356592,0.015642382403513688,-3.2340108376770624,-4.593251406165468,-0.36637153192413613,-1.0317555323434604,0.7018903965556372,0.3242753784464487,-0.3526400625705719,-1.2326748308171684,-9.446849822998047,0.37024021895862885,0.4127423595249819,0.06506694461262559,0.46592912327780606,0.23178285306256424,0.2319982312834261,0.21844819963623596,0.23592073265852873,0.015895034526099586,0.30570017529684135,0.32532404373777357,0.3589457475815281,2.3587562825382014,4.177700750768311,4.093539054966249,3.0617835226227883,0.012353387573163612,0.7771853249440507,0.05963366896652107,0.4213527098648982,0.015754158485418255,0.015642382403513688,-0.007145719815637497,-0.14549162058821305,0.7609872241402085,-0.12953630370460478,0.7018903965556372,0.12477604219969594,-5.230453968048096,-5.230453968048096,-5.230453968048096,0.0,0.005322613710384486,0.06506694461262559,0.021098855391867045,0.005322613710384487,0.005322613710384488,0.005322613710384487,0.005322613710384486,0.015895034526099586,0.005322613710384486,0.005322613710384486,0.005322613710384486,2.5496090060243803,4.0712467807659,4.093539054966249,3.9640027512616447,0.015895034526099586,1.0,8.673617379884035e-19,0.5
M1_fold1_seed20261003,M1,1,20261003,completed,1,24.57662320137024,36,True,/project/disease_ecology/STGNN-output/model_class_diagnostic/models/M1_fold1_seed20261003.pt,exact_joint_hurdle_nll,0.7018903965556372,0.07763898158123292,0.015642382403513688,-3.963373198432559,-9.319620893494298,-3.8602671288390606,-0.9827640901868203,0.7018903965556372,0.3564958033348242,-0.18093165755271912,-1.1152940204239434,-3.7740280628204346,0.3343001643603592,0.45489007938008214,0.06506694461262559,0.5293567381478728,0.2520243693954175,0.2533856320371531,0.16774488432437362,0.25437265035908013,0.015895034526099586,0.32598264847966246,0.34856498108078704,0.3946762774283564,2.3770618601679945,4.182305063513043,4.093539054966249,3.110774964779429,0.008474665928951802,0.5331643611743297,0.05966813003438699,0.11416320472199132,0.015754158485418255,0.015642382403513688,-0.007145719815637497,-0.14549162058821305,0.7609872241402085,-0.12953630370460478,0.7018903965556372,0.12477604219969594,-5.230453968048096,-5.230453968048096,-5.230453968048096,0.0,0.005322613710384486,0.06506694461262559,0.021098855391867045,0.005322613710384487,0.005322613710384488,0.005322613710384487,0.005322613710384486,0.015895034526099586,0.005322613710384486,0.005322613710384486,0.005322613710384486,2.5496090060243803,4.0712467807659,4.093539054966249,3.9640027512616447,0.015895034526099586,1.0,8.673617379884035e-19,0.5
M1_fold1_seed20261004,M1,1,20261004,completed,1,35.90489411354065,36,True,/project/disease_ecology/STGNN-output/model_class_diagnostic/models/M1_fold1_seed20261004.pt,exact_joint_hurdle_nll,0.7018903965556372,0.04324979240955626,0.015642382403513688,-1.7649108232925714,-4.30015843525136,-0.10822067866317284,-0.8912014347691202,0.7018903965556372,0.2568641545194087,-0.5952081084251404,-1.5781140486011351,-3.2586801052093506,0.32516357410512975,0.35544076667236296,0.06506694461262559,0.3583478308426373,0.1758096044925129,0.17583973584633147,0.1739440901483557,0.17197178810442187,0.015895034526099586,0.23367804944176124,0.25543934838579446,0.29197778720892226,2.3712172255948163,4.144634228536842,4.093539054966249,3.2023376201971283,0.01573976524445014,0.990231585757521,0.04444587144697535,0.46955857925204514,0.015754158485418255,0.015642382403513688,-0.007145719815637497,-0.14549162058821305,0.7609872241402085,-0.12953630370460478,0.7018903965556372,0.12477604219969594,-5.230453968048096,-5.230453968048096,-5.230453968048096,0.0,0.005322613710384486,0.06506694461262559,0.021098855391867045,0.005322613710384487,0.005322613710384488,0.005322613710384487,0.005322613710384486,0.015895034526099586,0.005322613710384486,0.005322613710384486,0.005322613710384486,2.5496090060243803,4.0712467807659,4.093539054966249,3.9640027512616447,0.015895034526099586,1.0,8.673617379884035e-19,0.5
M1_fold1_seed20261005,M1,1,20261005,completed,1,36.474363803863525,36,True,/project/disease_ecology/STGNN-output/model_class_diagnostic/models/M1_fold1_seed20261005.pt,exact_joint_hurdle_nll,0.7018903965556372,0.04450623294090009,0.015642382403513688,-1.845233660244927,1.5447308412176144,4.362173106236744,-0.5721243205383011,0.7018903965556372,0.26163764770894027,-0.1854432225227356,-1.4951345047474223,-4.263655185699463,0.2835918689745307,0.4537715982697445,0.06506694461262559,0.3622914575304073,0.18688775686854733,0.1856970261360866,0.26060914605036306,0.18082137530628015,0.015895034526099586,0.24209814891492654,0.26894980052637846,0.33250745784174,2.4425731743051973,4.093744000225461,4.093539054966249,3.521414734427948,0.09815585523806525,6.175252722911278,0.044372823845445615,0.8968837496347104,0.015754158485418255,0.015642382403513688,-0.007145719815637497,-0.14549162058821305,0.7609872241402085,-0.12953630370460478,0.7018903965556372,0.12477604219969594,-5.230453968048096,-5.230453968048096,-5.230453968048096,0.0,0.005322613710384486,0.06506694461262559,0.021098855391867045,0.005322613710384487,0.005322613710384488,0.005322613710384487,0.005322613710384486,0.015895034526099586,0.005322613710384486,0.005322613710384486,0.005322613710384486,2.5496090060243803,4.0712467807659,4.093539054966249,3.9640027512616447,0.015895034526099586,1.0,8.673617379884035e-19,0.5
M1_fold1_seed20261006,M1,1,20261006,completed,1,25.113553047180176,36,True,/project/disease_ecology/STGNN-output/model_class_diagnostic/models/M1_fold1_seed20261006.pt,exact_joint_hurdle_nll,0.7018903965556372,0.09738621487813097,0.015642382403513688,-5.225791721870671,-5.994969260610519,-1.7446126950173666,-0.07094297349564095,0.7018903965556372,0.4030826892561765,0.2238233983516693,-0.9249845051017809,-3.096647024154663,0.36854041411410604,0.5557234126752872,0.06506694461262559,0.7075172557348971,0.2899607114044657,0.29101883651100285,0.22444929840778824,0.3011497400303387,0.015895034526099586,0.36640295385067756,0.37950483108060407,0.4015966079994331,2.5524683783680704,4.0437626263590145,4.093539054966249,4.022596081470608,0.009291352664590996,0.5845443524727568,0.06744794206607614,0.21404343803179046,0.015754158485418255,0.015642382403513688,-0.007145719815637497,-0.14549162058821305,0.7609872241402085,-0.12953630370460478,0.7018903965556372,0.12477604219969594,-5.230453968048096,-5.230453968048096,-5.230453968048096,0.0,0.005322613710384486,0.06506694461262559,0.021098855391867045,0.005322613710384487,0.005322613710384488,0.005322613710384487,0.005322613710384486,0.015895034526099586,0.005322613710384486,0.005322613710384486,0.005322613710384486,2.5496090060243803,4.0712467807659,4.093539054966249,3.9640027512616447,0.015895034526099586,1.0,8.673617379884035e-19,0.5
M1_fold2_seed20261002,M1,2,20261002,completed,1,23.878379106521606,36,True,/project/disease_ecology/STGNN-output/model_class_diagnostic/models/M1_fold2_seed20261002.pt,exact_joint_hurdle_nll,0.7018903965556372,0.047729315478854104,0.017959186219885098,-1.657654689609843,0.14518225946816035,3.4500889458736217,-0.47761786274231555,0.7018903965556372,0.27006456132912043,-0.018068604171276093,-1.5296796864020217,-9.62116813659668,0.4778857506018957,0.49548297184770496,0.0749381135950828,0.4183416936498034,0.18806795707437804,0.18604257313117203,0.29675649114267716,0.17949666836076666,0.018293851212053864,0.28071643478263664,0.3140440350472523,0.3921687355820299,2.4950143159573024,3.839115812663152,4.09635525764558,3.618737394903264,0.10600721892839893,5.794691216169426,0.07016798400282552,0.8848279043532579,0.01804843388492255,0.017959186219885098,-0.0049694715531505285,-0.17117185116522435,0.8077289260380243,-0.05477273235718613,0.7018903965556372,0.13695479161447216,-4.718818664550781,-4.718818664550781,-4.718818664550781,0.0,0.008846752978339319,0.0749381135950828,0.03575488224279924,0.008846752978339317,0.008846752978339313,0.008846752978339317,0.008846752978339319,0.018293851212053864,0.008846752978339319,0.008846752978339319,0.008846752978339319,2.6315596418897322,3.8476974444943077,4.09635525764558,4.041582525288394,0.018293851212053864,1.0,1.734723475976807e-18,0.5
M1_fold2_seed20261003,M1,2,20261003,completed,1,29.187339544296265,36,True,/project/disease_ecology/STGNN-output/model_class_diagnostic/models/M1_fold2_seed20261003.pt,exact_joint_hurdle_nll,0.7018903965556372,0.05764674779421579,0.017959186219885098,-2.209875274325465,-1.3948614467791516,2.2439671475336045,-0.8474205764640892,0.7018903965556372,0.2980634202772875,0.03172070160508156,-1.4130159718279502,-4.278311252593994,0.5276073116629593,0.5079295105210401,0.0749381135950828,0.42394017195019507,0.20836560598676432,0.20683182442367862,0.29067319523766566,0.20347336281246142,0.018293851212053864,0.3163194953406475,0.34521516302755945,0.4209238188975066,2.4069531517092027,3.88494209601225,4.09635525764558,3.248934681181491,0.06805182857165537,3.7199290506318237,0.08106623954489736,0.7615740748462837,0.01804843388492255,0.017959186219885098,-0.0049694715531505285,-0.17117185116522435,0.8077289260380243,-0.05477273235718613,0.7018903965556372,0.13695479161447216,-4.718818664550781,-4.718818664550781,-4.718818664550781,0.0,0.008846752978339319,0.0749381135950828,0.03575488224279924,0.008846752978339317,0.008846752978339313,0.008846752978339317,0.008846752978339319,0.018293851212053864,0.008846752978339319,0.008846752978339319,0.008846752978339319,2.6315596418897322,3.8476974444943077,4.09635525764558,4.041582525288394,0.018293851212053864,1.0,1.734723475976807e-18,0.5
M1_fold2_seed20261004,M1,2,20261004,completed,1,35.240598917007446,36,True,/project/disease_ecology/STGNN-output/model_class_diagnostic/models/M1_fold2_seed20261004.pt,exact_joint_hurdle_nll,0.7018903965556372,0.04429530633174434,0.017959186219885098,-1.466442843757524,0.5947585524665944,3.6858223512723622,-0.6879129070763913,0.7018903965556372,0.2563036626435635,-0.246283620595932,-1.646616955554951,-3.595453977584839,0.56206708571914,0.4387384371129395,0.0749381135950828,0.3749577881447508,0.17527377476148367,0.17329534424915669,0.28144263862659014,0.16895096404951493,0.018293851212053864,0.2791570340988193,0.3088477207742535,0.3534683202991393,2.4525747516101934,3.8737879624423317,4.09635525764558,3.4084423505691888,0.1107869553617893,6.055966787834784,0.07468532996564009,0.8701594308599395,0.01804843388492255,0.017959186219885098,-0.0049694715531505285,-0.17117185116522435,0.8077289260380243,-0.05477273235718613,0.7018903965556372,0.13695479161447216,-4.718818664550781,-4.718818664550781,-4.718818664550781,0.0,0.008846752978339319,0.0749381135950828,0.03575488224279924,0.008846752978339317,0.008846752978339313,0.008846752978339317,0.008846752978339319,0.018293851212053864,0.008846752978339319,0.008846752978339319,0.008846752978339319,2.6315596418897322,3.8476974444943077,4.09635525764558,4.041582525288394,0.018293851212053864,1.0,1.734723475976807e-18,0.5
M1_fold2_seed20261005,M1,2,20261005,completed,1,22.71417498588562,36,True,/project/disease_ecology/STGNN-output/model_class_diagnostic/models/M1_fold2_seed20261005.pt,exact_joint_hurdle_nll,0.7018903965556372,0.041582957585085976,0.017959186219885098,-1.3154143554145974,0.19384256627370813,3.441871279704413,-0.2636228204143673,0.7018903965556372,0.24747771415488648,0.186384379863739,-1.6716732341484704,-4.181375026702881,0.5399053462993952,0.5464616695846913,0.0749381135950828,0.34870792587056776,0.17093855640015088,0.1681149605741976,0.32246167484575283,0.15950588896158258,0.018293851212053864,0.26701727473257286,0.3096992489101049,0.42252746346328895,2.521792530156413,3.7987986206780047,4.09635525764558,3.8327324372312126,0.16013334706067417,8.753397259247517,0.07659796414592457,0.9362830000164377,0.01804843388492255,0.017959186219885098,-0.0049694715531505285,-0.17117185116522435,0.8077289260380243,-0.05477273235718613,0.7018903965556372,0.13695479161447216,-4.718818664550781,-4.718818664550781,-4.718818664550781,0.0,0.008846752978339319,0.0749381135950828,0.03575488224279924,0.008846752978339317,0.008846752978339313,0.008846752978339317,0.008846752978339319,0.018293851212053864,0.008846752978339319,0.008846752978339319,0.008846752978339319,2.6315596418897322,3.8476974444943077,4.09635525764558,4.041582525288394,0.018293851212053864,1.0,1.734723475976807e-18,0.5
M1_fold2_seed20261006,M1,2,20261006,completed,1,22.82437038421631,36,True,/project/disease_ecology/STGNN-output/model_class_diagnostic/models/M1_fold2_seed20261006.pt,exact_joint_hurdle_nll,0.7018903965556372,0.0692898070054782,0.017959186219885098,-2.8581818884843386,-2.472641257229051,1.3700496822217723,-0.10329101281560227,0.7018903965556372,0.33183862126804864,0.3163502812385559,-1.2434996211204148,-3.5565552711486816,0.47960486213813897,0.578434531122125,0.0749381135950828,0.5445191383925684,0.2342952865552792,0.2333688507010486,0.28401077642198097,0.2299712688981022,0.018293851212053864,0.3381836927303314,0.3663827792616903,0.44477071275824637,2.575255850147373,3.7994864046849943,4.09635525764558,3.9930642448299776,0.040439870188762536,2.210571722706294,0.08057900635011049,0.6593814176276298,0.01804843388492255,0.017959186219885098,-0.0049694715531505285,-0.17117185116522435,0.8077289260380243,-0.05477273235718613,0.7018903965556372,0.13695479161447216,-4.718818664550781,-4.718818664550781,-4.718818664550781,0.0,0.008846752978339319,0.0749381135950828,0.03575488224279924,0.008846752978339317,0.008846752978339313,0.008846752978339317,0.008846752978339319,0.018293851212053864,0.008846752978339319,0.008846752978339319,0.008846752978339319,2.6315596418897322,3.8476974444943077,4.09635525764558,4.041582525288394,0.018293851212053864,1.0,1.734723475976807e-18,0.5
M1_fold3_seed20261002,M1,3,20261002,completed,1,26.89859390258789,36,True,/project/disease_ecology/STGNN-output/model_class_diagnostic/models/M1_fold3_seed20261002.pt,exact_joint_hurdle_nll,0.7018903965556372,0.03411396762705617,0.017059369001626332,-0.9997203661990055,-0.8916034455042983,2.8018543093664454,1.5607570275082356,0.7018903965556372,0.1896091017085478,0.3526298701763153,-2.135363719578565,-8.95449447631836,0.8918679884354886,0.5872551699780848,0.03535668028295307,0.3321080833286605,0.1353289409210308,0.13055745189550466,0.4054006963672744,0.09358216892744768,0.01736076516887516,0.2925357634996498,0.4146300117257192,0.4904629839572792,2.1345018441575214,2.4210271912416306,2.0365853658536586,3.5973423933618944,0.16370749219610498,9.429739450056275,0.11187230571162192,0.9554094164066083,0.01709721899457058,0.017059369001626332,-0.0022187217440832185,-0.19157524666620881,0.8582203858064821,2.027346098488545,0.7018903965556372,0.11772131564386752,-4.479808330535889,-4.479808330535889,-4.479808330535889,0.0,0.011208530376196237,0.03535668028295307,0.04555069926485923,0.011208530376196235,0.011208530376196237,0.011208530376196235,0.011208530376196237,0.01736076516887516,0.011208530376196237,0.011208530376196237,0.011208530376196237,2.490255541244136,2.745631516211502,2.0365853658536586,4.063931464342203,0.01736076516887516,1.0,1.734723475976807e-18,0.5
M1_fold3_seed20261003,M1,3,20261003,completed,1,28.92556881904602,36,True,/project/disease_ecology/STGNN-output/model_class_diagnostic/models/M1_fold3_seed20261003.pt,exact_joint_hurdle_nll,0.7018903965556372,0.03401169798310238,0.017059369001626332,-0.9937254408331233,-0.8343949190346354,2.675178873233945,1.1375001735655423,0.7018903965556372,0.18864500106948776,0.28466546535491943,-2.1509550910087825,-4.570474624633789,0.9142309990136658,0.5706896518508018,0.03535668028295307,0.2911445704511757,0.134697237971267,0.1303032162573591,0.383403910331929,0.0998443644172281,0.01736076516887516,0.2829436322203227,0.3949567909122328,0.48298769398744806,1.8116029030553538,2.1451098435928855,2.0365853658536586,3.1740855394192007,0.1588209922748601,9.148271445984339,0.10871962748897394,0.9505355007521272,0.01709721899457058,0.017059369001626332,-0.0022187217440832185,-0.19157524666620881,0.8582203858064821,2.027346098488545,0.7018903965556372,0.11772131564386752,-4.479808330535889,-4.479808330535889,-4.479808330535889,0.0,0.011208530376196237,0.03535668028295307,0.04555069926485923,0.011208530376196235,0.011208530376196237,0.011208530376196235,0.011208530376196237,0.01736076516887516,0.011208530376196237,0.011208530376196237,0.011208530376196237,2.490255541244136,2.745631516211502,2.0365853658536586,4.063931464342203,0.01736076516887516,1.0,1.734723475976807e-18,0.5
M1_fold3_seed20261004,M1,3,20261004,completed,1,21.194201469421387,36,True,/project/disease_ecology/STGNN-output/model_class_diagnostic/models/M1_fold3_seed20261004.pt,exact_joint_hurdle_nll,0.7018903965556372,0.02563325766853121,0.017059369001626332,-0.5025911958459599,0.7320520539402263,3.3514012932008463,1.5215088893977242,0.7018903965556372,0.15778795309688137,-0.2688171863555908,-2.484455247158648,-5.181841850280762,0.9437647149742058,0.4331974970718128,0.03535668028295307,0.2471517725082433,0.10467979489530704,0.10112805192573056,0.3057125235793262,0.07265242266287877,0.01736076516887516,0.24817900977112656,0.31136259146468837,0.36726239347067396,2.0870597224418965,2.3729642852964745,2.0365853658536586,3.558094255251383,0.17175755734930895,9.893432442553882,0.08904740143554042,0.9500072725197816,0.01709721899457058,0.017059369001626332,-0.0022187217440832185,-0.19157524666620881,0.8582203858064821,2.027346098488545,0.7018903965556372,0.11772131564386752,-4.479808330535889,-4.479808330535889,-4.479808330535889,0.0,0.011208530376196237,0.03535668028295307,0.04555069926485923,0.011208530376196235,0.011208530376196237,0.011208530376196235,0.011208530376196237,0.01736076516887516,0.011208530376196237,0.011208530376196237,0.011208530376196237,2.490255541244136,2.745631516211502,2.0365853658536586,4.063931464342203,0.01736076516887516,1.0,1.734723475976807e-18,0.5
M1_fold3_seed20261005,M1,3,20261005,completed,1,18.33203959465027,36,True,/project/disease_ecology/STGNN-output/model_class_diagnostic/models/M1_fold3_seed20261005.pt,exact_joint_hurdle_nll,0.7018903965556372,0.02478268514634633,0.017059369001626332,-0.4527316423007033,-0.16659836832085245,2.7314244758883564,1.7999533953578941,0.7018903965556372,0.15231574994597072,0.2383725643157959,-2.545301880010487,-5.2939252853393555,0.9549715482075634,0.5593125544360427,0.03535668028295307,0.23484973979050078,0.10121908551625934,0.09678444949204162,0.3522245744565942,0.064859697071345,0.01736076516887516,0.23586672466500389,0.3437321321064588,0.4358312832998229,2.2759619012860686,2.539758346758081,2.0365853658536586,3.8365387612115525,0.18602027907358623,10.714981584284564,0.09698656067940123,0.9595463200504397,0.01709721899457058,0.017059369001626332,-0.0022187217440832185,-0.19157524666620881,0.8582203858064821,2.027346098488545,0.7018903965556372,0.11772131564386752,-4.479808330535889,-4.479808330535889,-4.479808330535889,0.0,0.011208530376196237,0.03535668028295307,0.04555069926485923,0.011208530376196235,0.011208530376196237,0.011208530376196235,0.011208530376196237,0.01736076516887516,0.011208530376196237,0.011208530376196237,0.011208530376196237,2.490255541244136,2.745631516211502,2.0365853658536586,4.063931464342203,0.01736076516887516,1.0,1.734723475976807e-18,0.5
M1_fold3_seed20261006,M1,3,20261006,completed,1,26.62720489501953,36,True,/project/disease_ecology/STGNN-output/model_class_diagnostic/models/M1_fold3_seed20261006.pt,exact_joint_hurdle_nll,0.7018903965556372,0.04055426992669144,0.017059369001626332,-1.377243256935544,-1.115897644570799,2.4060001329491354,1.6536508838862025,0.7018903965556372,0.21759760241423454,0.22332876920700073,-1.881252570349463,-3.784090518951416,0.7703312954475368,0.5556012878978792,0.03535668028295307,0.3683305268601655,0.15649413006178026,0.15306283311139135,0.35070947581470857,0.12225408050697555,0.01736076516887516,0.3011952088563321,0.3842095896009896,0.48169222357775343,2.188896738320175,2.4725519210315254,2.0365853658536586,3.6902362497398613,0.11027304614926818,6.351854026973916,0.10430849303033675,0.9169957196234241,0.01709721899457058,0.017059369001626332,-0.0022187217440832185,-0.19157524666620881,0.8582203858064821,2.027346098488545,0.7018903965556372,0.11772131564386752,-4.479808330535889,-4.479808330535889,-4.479808330535889,0.0,0.011208530376196237,0.03535668028295307,0.04555069926485923,0.011208530376196235,0.011208530376196237,0.011208530376196235,0.011208530376196237,0.01736076516887516,0.011208530376196237,0.011208530376196237,0.011208530376196237,2.490255541244136,2.745631516211502,2.0365853658536586,4.063931464342203,0.01736076516887516,1.0,1.734723475976807e-18,0.5
M1_fold4_seed20261002,M1,4,20261002,completed,1,22.086209058761597,36,True,/project/disease_ecology/STGNN-output/model_class_diagnostic/models/M1_fold4_seed20261002.pt,exact_joint_hurdle_nll,0.7018903965556372,0.037153172303796854,0.027847017718212665,-0.3341885540403031,0.06414333960881534,2.859556932068365,1.1505407470597202,0.7018903965556372,0.21330204097781683,0.2212594747543335,-2.175118716332255,-8.554028511047363,0.9464496198723191,0.5550903029059017,0.059865995815482714,0.3091361832452772,0.13332963233949205,0.12679350971649705,0.35477982689113124,0.10208748533489505,0.028668924977582944,0.2990891336578234,0.37919387282475225,0.4426765511789196,1.8483255324843841,2.207320706042006,2.0881841876629017,3.2387249347226215,0.21542870193977984,7.514362750198333,0.10511788119931442,0.9417845765586861,0.028123910620626465,0.027847017718212665,-0.00994335929311041,-0.1724307120730776,0.7601345167799025,1.5856148994650265,0.7018903965556372,0.18475253375994038,-4.4083476066589355,-4.4083476066589355,-4.4083476066589355,0.0,0.012028825746694909,0.059865995815482714,0.044191489047428666,0.01202882574669491,0.012028825746694907,0.012028825746694909,0.012028825746694909,0.028668924977582944,0.012028825746694909,0.012028825746694909,0.012028825746694909,2.1972888299122957,2.4961071829880055,2.0881841876629017,3.6737990871279274,0.028668924977582944,1.0,1.734723475976807e-18,0.5
M1_fold4_seed20261003,M1,4,20261003,completed,1,19.79947590827942,36,True,/project/disease_ecology/STGNN-output/model_class_diagnostic/models/M1_fold4_seed20261003.pt,exact_joint_hurdle_nll,0.7018903965556372,0.03509773517528653,0.027847017718212665,-0.2603768033778251,0.18218783013827555,2.6667590629825098,1.0846954866528646,0.7018903965556372,0.20624547192497486,0.1241672933101654,-2.233398251511068,-4.772618770599365,0.91218643665275,0.5310020024011929,0.059865995815482714,0.2827710107452993,0.1253590164342773,0.11935622517757706,0.32873942532875006,0.09818771850683378,0.028668924977582944,0.2675289910753398,0.3528434107878772,0.4338704484091679,1.814630734076449,2.191245912806042,2.0881841876629017,3.1728796743157663,0.2240409386079466,7.814765945466412,0.09779130349975669,0.9370128596182642,0.028123910620626465,0.027847017718212665,-0.00994335929311041,-0.1724307120730776,0.7601345167799025,1.5856148994650265,0.7018903965556372,0.18475253375994038,-4.4083476066589355,-4.4083476066589355,-4.4083476066589355,0.0,0.012028825746694909,0.059865995815482714,0.044191489047428666,0.01202882574669491,0.012028825746694907,0.012028825746694909,0.012028825746694909,0.028668924977582944,0.012028825746694909,0.012028825746694909,0.012028825746694909,2.1972888299122957,2.4961071829880055,2.0881841876629017,3.6737990871279274,0.028668924977582944,1.0,1.734723475976807e-18,0.5
M1_fold4_seed20261004,M1,4,20261004,completed,1,31.23891830444336,36,True,/project/disease_ecology/STGNN-output/model_class_diagnostic/models/M1_fold4_seed20261004.pt,exact_joint_hurdle_nll,0.7018903965556372,0.030855177886597723,0.027847017718212665,-0.10802450010356557,1.1893674401619834,2.95045957407264,1.4304039815710545,0.7018903965556372,0.1886318529402483,-0.31575894355773926,-2.5002759563311368,-5.1639838218688965,0.9675023818874889,0.4217096720871819,0.059865995815482714,0.24358918343239847,0.1033683926148888,0.09845575493583063,0.2698133375064888,0.0776111365591225,0.028668924977582944,0.23448444119199757,0.2913960768088274,0.34549271915644203,2.054157449390405,2.376478236440222,2.0881841876629017,3.5185881692339565,0.2243417456313836,7.825258387149251,0.08349697586786343,0.9311394907362943,0.028123910620626465,0.027847017718212665,-0.00994335929311041,-0.1724307120730776,0.7601345167799025,1.5856148994650265,0.7018903965556372,0.18475253375994038,-4.4083476066589355,-4.4083476066589355,-4.4083476066589355,0.0,0.012028825746694909,0.059865995815482714,0.044191489047428666,0.01202882574669491,0.012028825746694907,0.012028825746694909,0.012028825746694909,0.028668924977582944,0.012028825746694909,0.012028825746694909,0.012028825746694909,2.1972888299122957,2.4961071829880055,2.0881841876629017,3.6737990871279274,0.028668924977582944,1.0,1.734723475976807e-18,0.5
M1_fold4_seed20261005,M1,4,20261005,completed,1,27.71945810317993,36,True,/project/disease_ecology/STGNN-output/model_class_diagnostic/models/M1_fold4_seed20261005.pt,exact_joint_hurdle_nll,0.7018903965556372,0.027914350461296686,0.027847017718212665,-0.002417951673151064,1.0101400968290946,2.5931750934165607,1.4795642994351057,0.7018903965556372,0.17554137794020128,-0.09051808714866638,-2.6298985722409522,-5.177090644836426,0.9186692564949492,0.4773859168576125,0.059865995815482714,0.20491698871311662,0.09129923857209175,0.08605721455348528,0.26890411316253227,0.06672622721061013,0.028668924977582944,0.20291254429055244,0.2797820753743919,0.3641637126372204,2.086402552493265,2.403368640590096,2.0881841876629017,3.5677484870980076,0.24947588990618147,8.701961796658013,0.07955035017339797,0.939740059868269,0.028123910620626465,0.027847017718212665,-0.00994335929311041,-0.1724307120730776,0.7601345167799025,1.5856148994650265,0.7018903965556372,0.18475253375994038,-4.4083476066589355,-4.4083476066589355,-4.4083476066589355,0.0,0.012028825746694909,0.059865995815482714,0.044191489047428666,0.01202882574669491,0.012028825746694907,0.012028825746694909,0.012028825746694909,0.028668924977582944,0.012028825746694909,0.012028825746694909,0.012028825746694909,2.1972888299122957,2.4961071829880055,2.0881841876629017,3.6737990871279274,0.028668924977582944,1.0,1.734723475976807e-18,0.5
M1_fold4_seed20261006,M1,4,20261006,completed,1,20.06369972229004,36,True,/project/disease_ecology/STGNN-output/model_class_diagnostic/models/M1_fold4_seed20261006.pt,exact_joint_hurdle_nll,0.7018903965556372,0.038649271640124785,0.027847017718212665,-0.38791421154040373,0.018938682019072645,2.529104815378947,1.081851285455538,0.7018903965556372,0.22339370173132156,0.061414942145347595,-2.0300835034642826,-4.444553375244141,0.7594667909661299,0.5153489114271547,0.059865995815482714,0.3107082529344245,0.1383051966468832,0.1333238200930338,0.3070790815039326,0.11506517005401193,0.028668924977582944,0.26773683057018666,0.3518623848541283,0.42293708829799775,1.8145335797829456,2.1959984699145854,2.0881841876629017,3.17003547311844,0.1701843019872374,5.936194054025723,0.09197430914473587,0.9175571342597206,0.028123910620626465,0.027847017718212665,-0.00994335929311041,-0.1724307120730776,0.7601345167799025,1.5856148994650265,0.7018903965556372,0.18475253375994038,-4.4083476066589355,-4.4083476066589355,-4.4083476066589355,0.0,0.012028825746694909,0.059865995815482714,0.044191489047428666,0.01202882574669491,0.012028825746694907,0.012028825746694909,0.012028825746694909,0.028668924977582944,0.012028825746694909,0.012028825746694909,0.012028825746694909,2.1972888299122957,2.4961071829880055,2.0881841876629017,3.6737990871279274,0.028668924977582944,1.0,1.734723475976807e-18,0.5
M2_fold1_seed20261002,M2,1,20261002,completed,1,31.027029991149902,36,True,/project/disease_ecology/STGNN-output/model_class_diagnostic/models/M2_fold1_seed20261002.pt,exact_joint_hurdle_nll,0.7018903965556372,0.17214305226355364,0.015642382403513688,-10.004912667579704,-4.504320259183425,6.461760140487008,-1.8237514107075588,0.7018903965556372,0.5760235466735322,0.8664247989654541,-0.34281926158154363,-0.9290014505386353,0.24790062276740435,0.7040012288663664,0.06506694461262559,0.8313307530616392,0.4157398740857154,0.41219823667655,0.6350123113078435,0.4094008454282327,0.015895034526099586,0.4577869824269907,0.5322882267443341,0.6660486067394651,2.3438652312719204,4.453495506560128,4.093539054966249,2.26978764425869,0.4238911663468313,26.66815008490882,0.059962155215773964,0.9855337989719422,0.015754158485418255,0.015642382403513688,-0.007145719815637497,-0.14549162058821305,0.7609872241402085,-0.12953630370460478,0.7018903965556372,0.12477604219969594,-5.230453968048096,-5.230453968048096,-5.230453968048096,0.0,0.005322613710384486,0.06506694461262559,0.021098855391867045,0.005322613710384487,0.005322613710384488,0.005322613710384487,0.005322613710384486,0.015895034526099586,0.005322613710384486,0.005322613710384486,0.005322613710384486,2.5496090060243803,4.0712467807659,4.093539054966249,3.9640027512616447,0.015895034526099586,1.0,8.673617379884035e-19,0.5
M2_fold1_seed20261003,M2,1,20261003,completed,1,42.59437012672424,36,True,/project/disease_ecology/STGNN-output/model_class_diagnostic/models/M2_fold1_seed20261003.pt,exact_joint_hurdle_nll,0.7018903965556372,0.2239029677926121,0.015642382403513688,-13.31386613731663,-4.941100265994346,8.206636194504172,-1.152182748679836,0.7018903965556372,0.6782225103273314,0.738336443901062,-0.10166688438456199,-0.5205405354499817,0.16873372889408894,0.6766319752644651,0.06506694461262559,0.9161184238686501,0.47462597936615664,0.4726413912983099,0.5974972426390591,0.4703499178951632,0.015895034526099586,0.5113171508627463,0.5410667683333524,0.6347170454661749,2.34266535821892,4.21259760671761,4.093539054966249,2.9413563062864125,0.2353966088847615,14.809443068414929,0.041624410857373804,0.9737241588960077,0.015754158485418255,0.015642382403513688,-0.007145719815637497,-0.14549162058821305,0.7609872241402085,-0.12953630370460478,0.7018903965556372,0.12477604219969594,-5.230453968048096,-5.230453968048096,-5.230453968048096,0.0,0.005322613710384486,0.06506694461262559,0.021098855391867045,0.005322613710384487,0.005322613710384488,0.005322613710384487,0.005322613710384486,0.015895034526099586,0.005322613710384486,0.005322613710384486,0.005322613710384486,2.5496090060243803,4.0712467807659,4.093539054966249,3.9640027512616447,0.015895034526099586,1.0,8.673617379884035e-19,0.5
M2_fold1_seed20261004,M2,1,20261004,completed,1,29.29779815673828,36,True,/project/disease_ecology/STGNN-output/model_class_diagnostic/models/M2_fold1_seed20261004.pt,exact_joint_hurdle_nll,0.7018903965556372,0.15564004835493106,0.015642382403513688,-8.949894097971306,-4.004331513009849,4.109151694265858,-1.5837448625225856,0.7018903965556372,0.538065546967636,1.251543402671814,-0.45074164438302244,-1.3021624088287354,0.3547401015824964,0.777566917216354,0.06506694461262559,0.7158846597121159,0.3912679679018728,0.3873022218690963,0.6367981274152412,0.38981715375637516,0.015895034526099586,0.4564310677215231,0.5165585092127629,0.7040863626572242,2.3386568933418355,4.35623188233115,4.093539054966249,2.509794192443663,0.24908348163187294,15.670521584767798,0.08305568954389686,0.9748725385070385,0.015754158485418255,0.015642382403513688,-0.007145719815637497,-0.14549162058821305,0.7609872241402085,-0.12953630370460478,0.7018903965556372,0.12477604219969594,-5.230453968048096,-5.230453968048096,-5.230453968048096,0.0,0.005322613710384486,0.06506694461262559,0.021098855391867045,0.005322613710384487,0.005322613710384488,0.005322613710384487,0.005322613710384486,0.015895034526099586,0.005322613710384486,0.005322613710384486,0.005322613710384486,2.5496090060243803,4.0712467807659,4.093539054966249,3.9640027512616447,0.015895034526099586,1.0,8.673617379884035e-19,0.5
M2_fold1_seed20261005,M2,1,20261005,completed,1,32.33621907234192,36,True,/project/disease_ecology/STGNN-output/model_class_diagnostic/models/M2_fold1_seed20261005.pt,exact_joint_hurdle_nll,0.7018903965556372,0.08747479991721673,0.015642382403513688,-4.592166056339832,-3.0329685227365526,3.7660426813771566,-1.423536785145949,0.7018903965556372,0.3825144920491601,0.9320192337036133,-0.920869452277689,-1.6770991086959839,0.38970517335992344,0.7174847646109481,0.06506694461262559,0.585852418843833,0.28916588163846746,0.2838312058940063,0.6194502154470604,0.27571740932208433,0.015895034526099586,0.33282985082466476,0.4450151849907015,0.6689719231146081,2.343726375788619,4.2972425989361005,4.093539054966249,2.6700022698202996,0.30383139475311977,19.114862207705794,0.08749413357949612,0.9815526073416254,0.015754158485418255,0.015642382403513688,-0.007145719815637497,-0.14549162058821305,0.7609872241402085,-0.12953630370460478,0.7018903965556372,0.12477604219969594,-5.230453968048096,-5.230453968048096,-5.230453968048096,0.0,0.005322613710384486,0.06506694461262559,0.021098855391867045,0.005322613710384487,0.005322613710384488,0.005322613710384487,0.005322613710384486,0.015895034526099586,0.005322613710384486,0.005322613710384486,0.005322613710384486,2.5496090060243803,4.0712467807659,4.093539054966249,3.9640027512616447,0.015895034526099586,1.0,8.673617379884035e-19,0.5
M2_fold1_seed20261006,M2,1,20261006,completed,1,32.371293783187866,36,True,/project/disease_ecology/STGNN-output/model_class_diagnostic/models/M2_fold1_seed20261006.pt,exact_joint_hurdle_nll,0.7018903965556372,0.17855714606262635,0.015642382403513688,-10.414958505458717,-3.867457010748938,7.2308702941190575,-1.6083732715747678,0.7018903965556372,0.5874210450908445,0.7074716091156006,-0.31651015323228987,-0.975722074508667,0.22493524299365564,0.6698422373405984,0.06506694461262559,0.8278128601700276,0.4222585748413119,0.4196336502008095,0.5847748228225056,0.4235547553912932,0.015895034526099586,0.46354860951279225,0.5030468530066969,0.6220318911938751,2.343057192170063,4.367808023111714,4.093539054966249,2.485165783391481,0.32638354002748,20.533679212307433,0.054312424978322525,0.9771810168846032,0.015754158485418255,0.015642382403513688,-0.007145719815637497,-0.14549162058821305,0.7609872241402085,-0.12953630370460478,0.7018903965556372,0.12477604219969594,-5.230453968048096,-5.230453968048096,-5.230453968048096,0.0,0.005322613710384486,0.06506694461262559,0.021098855391867045,0.005322613710384487,0.005322613710384488,0.005322613710384487,0.005322613710384486,0.015895034526099586,0.005322613710384486,0.005322613710384486,0.005322613710384486,2.5496090060243803,4.0712467807659,4.093539054966249,3.9640027512616447,0.015895034526099586,1.0,8.673617379884035e-19,0.5
M2_fold2_seed20261002,M2,2,20261002,completed,1,39.12059998512268,36,True,/project/disease_ecology/STGNN-output/model_class_diagnostic/models/M2_fold2_seed20261002.pt,exact_joint_hurdle_nll,0.7018903965556372,0.06760075251696183,0.017959186219885098,-2.764132276890792,-1.9662037164701993,3.269527751750845,-1.6008273421070378,0.7018903965556372,0.3359174766470018,1.0277442932128906,-1.148474179153576,-1.7385573387145996,0.41107733130190405,0.7364783463760275,0.0749381135950828,0.501610284317151,0.24702144511122828,0.2416989173385928,0.5326451872595184,0.22292116345009677,0.018293851212053864,0.31563865628074056,0.47528435170089717,0.6214733023728961,2.4011563440082178,4.163866766912491,4.09635525764558,2.495527915538543,0.28278370065529185,15.457855067114844,0.08817919578422556,0.9727290041484709,0.01804843388492255,0.017959186219885098,-0.0049694715531505285,-0.17117185116522435,0.8077289260380243,-0.05477273235718613,0.7018903965556372,0.13695479161447216,-4.718818664550781,-4.718818664550781,-4.718818664550781,0.0,0.008846752978339319,0.0749381135950828,0.03575488224279924,0.008846752978339317,0.008846752978339313,0.008846752978339317,0.008846752978339319,0.018293851212053864,0.008846752978339319,0.008846752978339319,0.008846752978339319,2.6315596418897322,3.8476974444943077,4.09635525764558,4.041582525288394,0.018293851212053864,1.0,1.734723475976807e-18,0.5
M2_fold2_seed20261003,M2,2,20261003,completed,1,31.646271228790283,36,True,/project/disease_ecology/STGNN-output/model_class_diagnostic/models/M2_fold2_seed20261003.pt,exact_joint_hurdle_nll,0.7018903965556372,0.16572466510163436,0.017959186219885098,-8.227849362023857,-3.85792488693035,3.5626381141358325,-0.9958188585540256,0.7018903965556372,0.5643001741540906,1.221002221107483,-0.3846760569154947,-0.9560549855232239,0.31749139317092556,0.7722398736328191,0.0749381135950828,0.7856048503791679,0.4056998920779718,0.4015831117137227,0.6266193994001845,0.3896337048306044,0.018293851212053864,0.45898801302851616,0.602409833355372,0.7183996105615866,2.4161570371827423,3.95506137473387,4.09635525764558,3.1005363990915544,0.2076332177237172,11.34989102715054,0.07592743625284355,0.9635131256280693,0.01804843388492255,0.017959186219885098,-0.0049694715531505285,-0.17117185116522435,0.8077289260380243,-0.05477273235718613,0.7018903965556372,0.13695479161447216,-4.718818664550781,-4.718818664550781,-4.718818664550781,0.0,0.008846752978339319,0.0749381135950828,0.03575488224279924,0.008846752978339317,0.008846752978339313,0.008846752978339317,0.008846752978339319,0.018293851212053864,0.008846752978339319,0.008846752978339319,0.008846752978339319,2.6315596418897322,3.8476974444943077,4.09635525764558,4.041582525288394,0.018293851212053864,1.0,1.734723475976807e-18,0.5
M2_fold2_seed20261004,M2,2,20261004,completed,1,34.701868295669556,36,True,/project/disease_ecology/STGNN-output/model_class_diagnostic/models/M2_fold2_seed20261004.pt,exact_joint_hurdle_nll,0.7018903965556372,0.030752797572545534,0.017959186219885098,-0.7123714402212089,-1.7636290496552944,1.7084886850808967,-1.6180957082261151,0.7018903965556372,0.20222586648351942,1.4392286539077759,-2.033939773881341,-2.642108917236328,0.6324821465401673,0.8083351756574905,0.0749381135950828,0.23072606468548368,0.13111773043180971,0.12456793169872038,0.4826007295588928,0.09913612093619326,0.018293851212053864,0.1564823259055537,0.41157067149809784,0.6697287112058533,2.40926618329661,4.173572720575669,4.09635525764558,2.478259549419465,0.21114747840836678,11.54199167582828,0.11368526293966608,0.9617935781071019,0.01804843388492255,0.017959186219885098,-0.0049694715531505285,-0.17117185116522435,0.8077289260380243,-0.05477273235718613,0.7018903965556372,0.13695479161447216,-4.718818664550781,-4.718818664550781,-4.718818664550781,0.0,0.008846752978339319,0.0749381135950828,0.03575488224279924,0.008846752978339317,0.008846752978339313,0.008846752978339317,0.008846752978339319,0.018293851212053864,0.008846752978339319,0.008846752978339319,0.008846752978339319,2.6315596418897322,3.8476974444943077,4.09635525764558,4.041582525288394,0.018293851212053864,1.0,1.734723475976807e-18,0.5
M2_fold2_seed20261005,M2,2,20261005,completed,1,30.5706844329834,36,True,/project/disease_ecology/STGNN-output/model_class_diagnostic/models/M2_fold2_seed20261005.pt,exact_joint_hurdle_nll,0.7018903965556372,0.01829748607850817,0.017959186219885098,-0.018837148547883098,-0.325979011493106,1.8914979102472511,-1.3299597971542994,0.7018903965556372,0.14180676788243607,0.48475080728530884,-2.686912972454106,-3.2061028480529785,0.5892177643452201,0.6188690794205091,0.0749381135950828,0.15890912745238456,0.07627922091400977,0.07134499229858896,0.3410655972289296,0.05475934950851788,0.018293851212053864,0.07670417984571613,0.2541963319179329,0.4930983710175506,2.3927588978423007,4.052241780505985,4.09635525764558,2.7663954604912804,0.249464736858426,13.636534700471001,0.08163284817840585,0.9718062423379135,0.01804843388492255,0.017959186219885098,-0.0049694715531505285,-0.17117185116522435,0.8077289260380243,-0.05477273235718613,0.7018903965556372,0.13695479161447216,-4.718818664550781,-4.718818664550781,-4.718818664550781,0.0,0.008846752978339319,0.0749381135950828,0.03575488224279924,0.008846752978339317,0.008846752978339313,0.008846752978339317,0.008846752978339319,0.018293851212053864,0.008846752978339319,0.008846752978339319,0.008846752978339319,2.6315596418897322,3.8476974444943077,4.09635525764558,4.041582525288394,0.018293851212053864,1.0,1.734723475976807e-18,0.5
M2_fold2_seed20261006,M2,2,20261006,completed,1,39.124101638793945,36,True,/project/disease_ecology/STGNN-output/model_class_diagnostic/models/M2_fold2_seed20261006.pt,exact_joint_hurdle_nll,0.7018903965556372,0.029992408352982784,0.017959186219885098,-0.6700315919534283,-0.9336073299542236,2.363152159774339,-1.5173160365772083,0.7018903965556372,0.20871949421396835,0.7460404634475708,-1.9030061811151053,-2.4042258262634277,0.49065704792629683,0.6783153245772738,0.0749381135950828,0.26780875735986925,0.13993180458526291,0.13465497132357443,0.4231034341716563,0.11756456464113278,0.018293851212053864,0.16024995760825284,0.3570974502555521,0.5503041156989089,2.391096197824638,4.122907322409962,4.09635525764558,2.579039221068372,0.25057452807053454,13.697199412304741,0.0871666779826519,0.9713554448837056,0.01804843388492255,0.017959186219885098,-0.0049694715531505285,-0.17117185116522435,0.8077289260380243,-0.05477273235718613,0.7018903965556372,0.13695479161447216,-4.718818664550781,-4.718818664550781,-4.718818664550781,0.0,0.008846752978339319,0.0749381135950828,0.03575488224279924,0.008846752978339317,0.008846752978339313,0.008846752978339317,0.008846752978339319,0.018293851212053864,0.008846752978339319,0.008846752978339319,0.008846752978339319,2.6315596418897322,3.8476974444943077,4.09635525764558,4.041582525288394,0.018293851212053864,1.0,1.734723475976807e-18,0.5
M2_fold3_seed20261002,M2,3,20261002,completed,1,29.34537124633789,36,True,/project/disease_ecology/STGNN-output/model_class_diagnostic/models/M2_fold3_seed20261002.pt,exact_joint_hurdle_nll,0.7018903965556372,0.016442579049963574,0.017059369001626332,0.0361554962322439,2.601065603333898,2.697059898912671,0.30041262031718957,0.7018903965556372,0.11507957949878668,-0.1542065143585205,-2.8835463163196,-3.214092493057251,0.38644403052836745,0.4615245855309085,0.03535668028295307,0.11172296549607985,0.057453484622604085,0.055695846597173984,0.15693781423701259,0.047283420962038344,0.01736076516887516,0.06905814269945709,0.13355630264539958,0.22908395349056457,1.3596374691401816,1.8880012751572155,2.0365853658536586,2.336997986170848,0.20802664092931925,11.982573285552812,0.03507181295540999,0.9636872786309165,0.01709721899457058,0.017059369001626332,-0.0022187217440832185,-0.19157524666620881,0.8582203858064821,2.027346098488545,0.7018903965556372,0.11772131564386752,-4.479808330535889,-4.479808330535889,-4.479808330535889,0.0,0.011208530376196237,0.03535668028295307,0.04555069926485923,0.011208530376196235,0.011208530376196237,0.011208530376196235,0.011208530376196237,0.01736076516887516,0.011208530376196237,0.011208530376196237,0.011208530376196237,2.490255541244136,2.745631516211502,2.0365853658536586,4.063931464342203,0.01736076516887516,1.0,1.734723475976807e-18,0.5
M2_fold3_seed20261003,M2,3,20261003,completed,1,37.65974307060242,36,True,/project/disease_ecology/STGNN-output/model_class_diagnostic/models/M2_fold3_seed20261003.pt,exact_joint_hurdle_nll,0.7018903965556372,0.020796393561202213,0.017059369001626332,-0.21905995228895137,0.8630071081588567,2.5333718557775797,0.7684408898677416,0.7018903965556372,0.1478361689400826,0.14679889380931854,-2.341272838777448,-2.67171049118042,0.3954319654414665,0.5366339588434419,0.03535668028295307,0.1796140794170124,0.09394511594065177,0.0914792551522287,0.23351566682168412,0.07922626287641933,0.01736076516887516,0.11096885737516005,0.2170105735310042,0.3434871115707097,1.62457091294586,2.0403405717414835,2.0365853658536586,2.8050262557214,0.18064410485742993,10.405307778789236,0.052134104894144336,0.95817693339652,0.01709721899457058,0.017059369001626332,-0.0022187217440832185,-0.19157524666620881,0.8582203858064821,2.027346098488545,0.7018903965556372,0.11772131564386752,-4.479808330535889,-4.479808330535889,-4.479808330535889,0.0,0.011208530376196237,0.03535668028295307,0.04555069926485923,0.011208530376196235,0.011208530376196237,0.011208530376196235,0.011208530376196237,0.01736076516887516,0.011208530376196237,0.011208530376196237,0.011208530376196237,2.490255541244136,2.745631516211502,2.0365853658536586,4.063931464342203,0.01736076516887516,1.0,1.734723475976807e-18,0.5
M2_fold3_seed20261004,M2,3,20261004,completed,1,28.959028959274292,36,True,/project/disease_ecology/STGNN-output/model_class_diagnostic/models/M2_fold3_seed20261004.pt,exact_joint_hurdle_nll,0.7018903965556372,0.0160549744274246,0.017059369001626332,0.05887641999572091,1.8352837034130558,1.9909524123030182,0.01556564138431237,0.7018903965556372,0.10514312475041121,-0.27196672558784485,-3.2835989360765026,-3.5779638290405273,0.38836681806486706,0.4324243306279964,0.03535668028295307,0.06366395554967107,0.03989876364876618,0.03864947480822957,0.11060994592711595,0.032828908091028404,0.01736076516887516,0.03947945451207199,0.0788650362806694,0.210153898809932,1.2378785086888533,1.873525075369706,2.0365853658536586,2.052151007237971,0.1816979992475443,10.466013305294704,0.030705773252185233,0.9473298278557564,0.01709721899457058,0.017059369001626332,-0.0022187217440832185,-0.19157524666620881,0.8582203858064821,2.027346098488545,0.7018903965556372,0.11772131564386752,-4.479808330535889,-4.479808330535889,-4.479808330535889,0.0,0.011208530376196237,0.03535668028295307,0.04555069926485923,0.011208530376196235,0.011208530376196237,0.011208530376196235,0.011208530376196237,0.01736076516887516,0.011208530376196237,0.011208530376196237,0.011208530376196237,2.490255541244136,2.745631516211502,2.0365853658536586,4.063931464342203,0.01736076516887516,1.0,1.734723475976807e-18,0.5
M2_fold3_seed20261005,M2,3,20261005,completed,1,29.20074701309204,36,True,/project/disease_ecology/STGNN-output/model_class_diagnostic/models/M2_fold3_seed20261005.pt,exact_joint_hurdle_nll,0.7018903965556372,0.015617909603963132,0.017059369001626332,0.08449664213991626,4.160820217482722,2.4469942764736303,0.541174475594326,0.7018903965556372,0.09517055172383802,-0.6588143110275269,-3.7840245228857947,-4.071378707885742,0.40256358380728385,0.34100601040295925,0.03535668028295307,0.050348784123863,0.024875979923387973,0.02392229424895448,0.07885568371402746,0.019812214921872566,0.01736076516887516,0.02631750892945638,0.06126588063453163,0.12292430092957268,1.4784801778754857,1.9331442792307985,2.0365853658536586,2.577759841447984,0.218031853939205,12.558885038667436,0.019398970908783196,0.9618087019449548,0.01709721899457058,0.017059369001626332,-0.0022187217440832185,-0.19157524666620881,0.8582203858064821,2.027346098488545,0.7018903965556372,0.11772131564386752,-4.479808330535889,-4.479808330535889,-4.479808330535889,0.0,0.011208530376196237,0.03535668028295307,0.04555069926485923,0.011208530376196235,0.011208530376196237,0.011208530376196235,0.011208530376196237,0.01736076516887516,0.011208530376196237,0.011208530376196237,0.011208530376196237,2.490255541244136,2.745631516211502,2.0365853658536586,4.063931464342203,0.01736076516887516,1.0,1.734723475976807e-18,0.5
M2_fold3_seed20261006,M2,3,20261006,completed,1,36.887378454208374,36,True,/project/disease_ecology/STGNN-output/model_class_diagnostic/models/M2_fold3_seed20261006.pt,exact_joint_hurdle_nll,0.7018903965556372,0.015781129786336497,0.017059369001626332,0.07492886842227142,4.65776666618308,3.000212207183922,0.2680509182621076,0.7018903965556372,0.10381493698822661,-0.14927855134010315,-3.2653469181660135,-3.5129854679107666,0.33565831292575893,0.4627495109119749,0.03535668028295307,0.07433429442356643,0.0393452519635707,0.03820277978002068,0.1040104888548647,0.033275102983602034,0.01736076516887516,0.04410223929833859,0.08217264943843461,0.148536031213816,1.3326265157757506,1.8742337704806762,2.0365853658536586,2.3046362841157664,0.24382861842742745,14.044808282100945,0.021993615200846247,0.9649604059984405,0.01709721899457058,0.017059369001626332,-0.0022187217440832185,-0.19157524666620881,0.8582203858064821,2.027346098488545,0.7018903965556372,0.11772131564386752,-4.479808330535889,-4.479808330535889,-4.479808330535889,0.0,0.011208530376196237,0.03535668028295307,0.04555069926485923,0.011208530376196235,0.011208530376196237,0.011208530376196235,0.011208530376196237,0.01736076516887516,0.011208530376196237,0.011208530376196237,0.011208530376196237,2.490255541244136,2.745631516211502,2.0365853658536586,4.063931464342203,0.01736076516887516,1.0,1.734723475976807e-18,0.5
M2_fold4_seed20261002,M2,4,20261002,completed,1,29.519262075424194,36,True,/project/disease_ecology/STGNN-output/model_class_diagnostic/models/M2_fold4_seed20261002.pt,exact_joint_hurdle_nll,0.7018903965556372,0.025397427245368424,0.027847017718212665,0.08796598966653957,4.867152473297188,2.644622977275997,0.23283437785286573,0.7018903965556372,0.14522667702222447,-0.33619263768196106,-3.533352081142711,-3.7938640117645264,0.388238853072906,0.41673462632519065,0.059865995815482714,0.06207039591591269,0.031254017513502604,0.02975605367292438,0.0820064900513208,0.025060686655562842,0.028668924977582944,0.04066362764967069,0.07649240288073805,0.1325833152231507,1.344202604980729,1.9253889940892381,2.0881841876629017,2.3210185655157676,0.2762862635473849,9.637133717550311,0.02130174826073172,0.958709684990583,0.028123910620626465,0.027847017718212665,-0.00994335929311041,-0.1724307120730776,0.7601345167799025,1.5856148994650265,0.7018903965556372,0.18475253375994038,-4.4083476066589355,-4.4083476066589355,-4.4083476066589355,0.0,0.012028825746694909,0.059865995815482714,0.044191489047428666,0.01202882574669491,0.012028825746694907,0.012028825746694909,0.012028825746694909,0.028668924977582944,0.012028825746694909,0.012028825746694909,0.012028825746694909,2.1972888299122957,2.4961071829880055,2.0881841876629017,3.6737990871279274,0.028668924977582944,1.0,1.734723475976807e-18,0.5
M2_fold4_seed20261003,M2,4,20261003,completed,1,34.00284481048584,36,True,/project/disease_ecology/STGNN-output/model_class_diagnostic/models/M2_fold4_seed20261003.pt,exact_joint_hurdle_nll,0.7018903965556372,0.02591987157064704,0.027847017718212665,0.06920475891051059,6.722561165098646,3.447093720550895,0.28740755924911654,0.7018903965556372,0.15322934429744575,-0.05649903416633606,-3.232953396346429,-3.417015552520752,0.2942319690746603,0.48587899761097897,0.059865995815482714,0.0748695964492978,0.0398553709922738,0.03863175178324817,0.08131278045741071,0.034593163052382706,0.028668924977582944,0.05091116437799134,0.077902767270159,0.12055094224467303,1.3656847663047456,1.940174150005418,2.0881841876629017,2.3755917469120185,0.2697704610953595,9.409856187711984,0.018022097587036684,0.9554201350158436,0.028123910620626465,0.027847017718212665,-0.00994335929311041,-0.1724307120730776,0.7601345167799025,1.5856148994650265,0.7018903965556372,0.18475253375994038,-4.4083476066589355,-4.4083476066589355,-4.4083476066589355,0.0,0.012028825746694909,0.059865995815482714,0.044191489047428666,0.01202882574669491,0.012028825746694907,0.012028825746694909,0.012028825746694909,0.028668924977582944,0.012028825746694909,0.012028825746694909,0.012028825746694909,2.1972888299122957,2.4961071829880055,2.0881841876629017,3.6737990871279274,0.028668924977582944,1.0,1.734723475976807e-18,0.5
M2_fold4_seed20261004,M2,4,20261004,completed,1,29.288398504257202,36,True,/project/disease_ecology/STGNN-output/model_class_diagnostic/models/M2_fold4_seed20261004.pt,exact_joint_hurdle_nll,0.7018903965556372,0.025557829896546775,0.027847017718212665,0.08220585216091925,2.9880195472668056,1.9892873352460887,0.07774866226284742,0.7018903965556372,0.14671700523963435,-0.3689119517803192,-3.6054368323659567,-3.86930513381958,0.42647081761895866,0.4088039585159057,0.059865995815482714,0.0523219654001398,0.030019902702665635,0.028504287986991013,0.08137040406423222,0.023365207105632856,0.028668924977582944,0.031972781654429426,0.07365803511020477,0.16479358916077805,1.2864592847193126,1.9308200528904518,2.0881841876629017,2.165932849925749,0.24072672559474725,8.396782431953008,0.02556001525258725,0.9415885669166514,0.028123910620626465,0.027847017718212665,-0.00994335929311041,-0.1724307120730776,0.7601345167799025,1.5856148994650265,0.7018903965556372,0.18475253375994038,-4.4083476066589355,-4.4083476066589355,-4.4083476066589355,0.0,0.012028825746694909,0.059865995815482714,0.044191489047428666,0.01202882574669491,0.012028825746694907,0.012028825746694909,0.012028825746694909,0.028668924977582944,0.012028825746694909,0.012028825746694909,0.012028825746694909,2.1972888299122957,2.4961071829880055,2.0881841876629017,3.6737990871279274,0.028668924977582944,1.0,1.734723475976807e-18,0.5
M2_fold4_seed20261005,M2,4,20261005,completed,1,29.726433277130127,36,True,/project/disease_ecology/STGNN-output/model_class_diagnostic/models/M2_fold4_seed20261005.pt,exact_joint_hurdle_nll,0.7018903965556372,0.02522751525981114,0.027847017718212665,0.09406761201176317,3.313399889821825,1.9178183298268645,0.5673183760984919,0.7018903965556372,0.14037066359762546,-0.4829893112182617,-4.051368327088164,-4.353146076202393,0.5291022092112324,0.3815464918148151,0.059865995815482714,0.047798236095787525,0.021185184203364633,0.019494812430663377,0.07845662470730116,0.014378662525525476,0.028668924977582944,0.028227143813621916,0.06668566165083525,0.14405832908817207,1.5081565518510671,1.9943470794028795,2.0881841876629017,2.655502563761394,0.2817791863792052,9.828732210905587,0.02466399051154745,0.9569531674639056,0.028123910620626465,0.027847017718212665,-0.00994335929311041,-0.1724307120730776,0.7601345167799025,1.5856148994650265,0.7018903965556372,0.18475253375994038,-4.4083476066589355,-4.4083476066589355,-4.4083476066589355,0.0,0.012028825746694909,0.059865995815482714,0.044191489047428666,0.01202882574669491,0.012028825746694907,0.012028825746694909,0.012028825746694909,0.028668924977582944,0.012028825746694909,0.012028825746694909,0.012028825746694909,2.1972888299122957,2.4961071829880055,2.0881841876629017,3.6737990871279274,0.028668924977582944,1.0,1.734723475976807e-18,0.5
M2_fold4_seed20261006,M2,4,20261006,completed,1,36.00155687332153,36,True,/project/disease_ecology/STGNN-output/model_class_diagnostic/models/M2_fold4_seed20261006.pt,exact_joint_hurdle_nll,0.7018903965556372,0.02499236113658764,0.027847017718212665,0.10251211136903915,4.0275373053780825,2.334238950638578,0.30623122381270956,0.7018903965556372,0.14163485854151683,-0.3061659336090088,-3.6527713283735364,-3.900738477706909,0.44374947434021156,0.42405086579045065,0.059865995815482714,0.05923855785979369,0.028882842766198,0.02710399600621016,0.08915190193148544,0.02188530604352463,0.028668924977582944,0.03800925044582633,0.07784864321329023,0.15029989984737016,1.3714501225961433,1.9349455556357826,2.0881841876629017,2.3944154114756113,0.29797559895640957,10.393678841791425,0.024515218312569826,0.9590270338022171,0.028123910620626465,0.027847017718212665,-0.00994335929311041,-0.1724307120730776,0.7601345167799025,1.5856148994650265,0.7018903965556372,0.18475253375994038,-4.4083476066589355,-4.4083476066589355,-4.4083476066589355,0.0,0.012028825746694909,0.059865995815482714,0.044191489047428666,0.01202882574669491,0.012028825746694907,0.012028825746694909,0.012028825746694909,0.028668924977582944,0.012028825746694909,0.012028825746694909,0.012028825746694909,2.1972888299122957,2.4961071829880055,2.0881841876629017,3.6737990871279274,0.028668924977582944,1.0,1.734723475976807e-18,0.5
