task_id,model,fold,seed,status,attempt,runtime_seconds,best_epoch,converged,output_path
M1_fold1_seed20261002,M1,1,20261002,completed,1,24.22462487220764,36,True,/project/disease_ecology/STGNN-output/model_class_diagnostic/models/M1_fold1_seed20261002.pt
M1_fold1_seed20261003,M1,1,20261003,completed,1,24.57662320137024,36,True,/project/disease_ecology/STGNN-output/model_class_diagnostic/models/M1_fold1_seed20261003.pt
M1_fold1_seed20261004,M1,1,20261004,completed,1,35.90489411354065,36,True,/project/disease_ecology/STGNN-output/model_class_diagnostic/models/M1_fold1_seed20261004.pt
M1_fold1_seed20261005,M1,1,20261005,completed,1,36.474363803863525,36,True,/project/disease_ecology/STGNN-output/model_class_diagnostic/models/M1_fold1_seed20261005.pt
M1_fold1_seed20261006,M1,1,20261006,completed,1,25.113553047180176,36,True,/project/disease_ecology/STGNN-output/model_class_diagnostic/models/M1_fold1_seed20261006.pt
M1_fold2_seed20261002,M1,2,20261002,completed,1,23.878379106521606,36,True,/project/disease_ecology/STGNN-output/model_class_diagnostic/models/M1_fold2_seed20261002.pt
M1_fold2_seed20261003,M1,2,20261003,completed,1,29.187339544296265,36,True,/project/disease_ecology/STGNN-output/model_class_diagnostic/models/M1_fold2_seed20261003.pt
M1_fold2_seed20261004,M1,2,20261004,completed,1,35.240598917007446,36,True,/project/disease_ecology/STGNN-output/model_class_diagnostic/models/M1_fold2_seed20261004.pt
M1_fold2_seed20261005,M1,2,20261005,completed,1,22.71417498588562,36,True,/project/disease_ecology/STGNN-output/model_class_diagnostic/models/M1_fold2_seed20261005.pt
M1_fold2_seed20261006,M1,2,20261006,completed,1,22.82437038421631,36,True,/project/disease_ecology/STGNN-output/model_class_diagnostic/models/M1_fold2_seed20261006.pt
M1_fold3_seed20261002,M1,3,20261002,completed,1,26.89859390258789,36,True,/project/disease_ecology/STGNN-output/model_class_diagnostic/models/M1_fold3_seed20261002.pt
M1_fold3_seed20261003,M1,3,20261003,completed,1,28.92556881904602,36,True,/project/disease_ecology/STGNN-output/model_class_diagnostic/models/M1_fold3_seed20261003.pt
M1_fold3_seed20261004,M1,3,20261004,completed,1,21.194201469421387,36,True,/project/disease_ecology/STGNN-output/model_class_diagnostic/models/M1_fold3_seed20261004.pt
M1_fold3_seed20261005,M1,3,20261005,completed,1,18.33203959465027,36,True,/project/disease_ecology/STGNN-output/model_class_diagnostic/models/M1_fold3_seed20261005.pt
M1_fold3_seed20261006,M1,3,20261006,completed,1,26.62720489501953,36,True,/project/disease_ecology/STGNN-output/model_class_diagnostic/models/M1_fold3_seed20261006.pt
M1_fold4_seed20261002,M1,4,20261002,completed,1,22.086209058761597,36,True,/project/disease_ecology/STGNN-output/model_class_diagnostic/models/M1_fold4_seed20261002.pt
M1_fold4_seed20261003,M1,4,20261003,completed,1,19.79947590827942,36,True,/project/disease_ecology/STGNN-output/model_class_diagnostic/models/M1_fold4_seed20261003.pt
M1_fold4_seed20261004,M1,4,20261004,completed,1,31.23891830444336,36,True,/project/disease_ecology/STGNN-output/model_class_diagnostic/models/M1_fold4_seed20261004.pt
M1_fold4_seed20261005,M1,4,20261005,completed,1,27.71945810317993,36,True,/project/disease_ecology/STGNN-output/model_class_diagnostic/models/M1_fold4_seed20261005.pt
M1_fold4_seed20261006,M1,4,20261006,completed,1,20.06369972229004,36,True,/project/disease_ecology/STGNN-output/model_class_diagnostic/models/M1_fold4_seed20261006.pt
M2_fold1_seed20261002,M2,1,20261002,completed,1,31.027029991149902,36,True,/project/disease_ecology/STGNN-output/model_class_diagnostic/models/M2_fold1_seed20261002.pt
M2_fold1_seed20261003,M2,1,20261003,completed,1,42.59437012672424,36,True,/project/disease_ecology/STGNN-output/model_class_diagnostic/models/M2_fold1_seed20261003.pt
M2_fold1_seed20261004,M2,1,20261004,completed,1,29.29779815673828,36,True,/project/disease_ecology/STGNN-output/model_class_diagnostic/models/M2_fold1_seed20261004.pt
M2_fold1_seed20261005,M2,1,20261005,completed,1,32.33621907234192,36,True,/project/disease_ecology/STGNN-output/model_class_diagnostic/models/M2_fold1_seed20261005.pt
M2_fold1_seed20261006,M2,1,20261006,completed,1,32.371293783187866,36,True,/project/disease_ecology/STGNN-output/model_class_diagnostic/models/M2_fold1_seed20261006.pt
M2_fold2_seed20261002,M2,2,20261002,completed,1,39.12059998512268,36,True,/project/disease_ecology/STGNN-output/model_class_diagnostic/models/M2_fold2_seed20261002.pt
M2_fold2_seed20261003,M2,2,20261003,completed,1,31.646271228790283,36,True,/project/disease_ecology/STGNN-output/model_class_diagnostic/models/M2_fold2_seed20261003.pt
M2_fold2_seed20261004,M2,2,20261004,completed,1,34.701868295669556,36,True,/project/disease_ecology/STGNN-output/model_class_diagnostic/models/M2_fold2_seed20261004.pt
M2_fold2_seed20261005,M2,2,20261005,completed,1,30.5706844329834,36,True,/project/disease_ecology/STGNN-output/model_class_diagnostic/models/M2_fold2_seed20261005.pt
M2_fold2_seed20261006,M2,2,20261006,completed,1,39.124101638793945,36,True,/project/disease_ecology/STGNN-output/model_class_diagnostic/models/M2_fold2_seed20261006.pt
M2_fold3_seed20261002,M2,3,20261002,completed,1,29.34537124633789,36,True,/project/disease_ecology/STGNN-output/model_class_diagnostic/models/M2_fold3_seed20261002.pt
M2_fold3_seed20261003,M2,3,20261003,completed,1,37.65974307060242,36,True,/project/disease_ecology/STGNN-output/model_class_diagnostic/models/M2_fold3_seed20261003.pt
M2_fold3_seed20261004,M2,3,20261004,completed,1,28.959028959274292,36,True,/project/disease_ecology/STGNN-output/model_class_diagnostic/models/M2_fold3_seed20261004.pt
M2_fold3_seed20261005,M2,3,20261005,completed,1,29.20074701309204,36,True,/project/disease_ecology/STGNN-output/model_class_diagnostic/models/M2_fold3_seed20261005.pt
M2_fold3_seed20261006,M2,3,20261006,completed,1,36.887378454208374,36,True,/project/disease_ecology/STGNN-output/model_class_diagnostic/models/M2_fold3_seed20261006.pt
M2_fold4_seed20261002,M2,4,20261002,completed,1,29.519262075424194,36,True,/project/disease_ecology/STGNN-output/model_class_diagnostic/models/M2_fold4_seed20261002.pt
M2_fold4_seed20261003,M2,4,20261003,completed,1,34.00284481048584,36,True,/project/disease_ecology/STGNN-output/model_class_diagnostic/models/M2_fold4_seed20261003.pt
M2_fold4_seed20261004,M2,4,20261004,completed,1,29.288398504257202,36,True,/project/disease_ecology/STGNN-output/model_class_diagnostic/models/M2_fold4_seed20261004.pt
M2_fold4_seed20261005,M2,4,20261005,completed,1,29.726433277130127,36,True,/project/disease_ecology/STGNN-output/model_class_diagnostic/models/M2_fold4_seed20261005.pt
M2_fold4_seed20261006,M2,4,20261006,completed,1,36.00155687332153,36,True,/project/disease_ecology/STGNN-output/model_class_diagnostic/models/M2_fold4_seed20261006.pt
