fold,seed,model,initial_logit_mean,initial_logit_sd,logit_mean,logit_sd,logit_min,logit_max,prob_mean,prob_sd,prob_min,prob_max,observed_prevalence,training_prevalence,gradient_norm_mean,gradient_norm_max,bce_component_mean
1,20261002,M1,0.06817865919904005,0.1801284786030878,-1.2326748308171684,0.37024021895862885,-9.446849822998047,-0.3526400625705719,0.23178285306256424,0.05963366896652107,7.89316114923078e-05,0.4127423595249819,0.015895034526099586,0.005322614020432093,0.7973167304363515,0.7973167304363515,0.5384162993480762
1,20261003,M1,0.20736655479721602,0.20032126088126262,-1.1152940204239434,0.3343001643603592,-3.7740280628204346,-0.18093165755271912,0.2520243693954175,0.05966813003438699,0.022444092116657665,0.45489007938008214,0.015895034526099586,0.005322614020432093,0.8753156409495406,0.8753156409495406,0.5289632115099165
1,20261004,M1,-0.23630165141117104,0.18193789833947413,-1.5781140486011351,0.32516357410512975,-3.2586801052093506,-0.5952081084251404,0.1758096044925129,0.04444587144697535,0.03701622956331897,0.35544076667236296,0.015895034526099586,0.005322614020432093,0.6599853560328484,0.6599853560328484,0.4073707310275899
1,20261005,M1,-0.10931818756478365,0.15795715838592952,-1.4951345047474223,0.2835918689745307,-4.263655185699463,-0.1854432225227356,0.18688775686854733,0.044372823845445615,0.013875537404656605,0.4537715982697445,0.015895034526099586,0.005322614020432093,0.6835216544568539,0.6835216544568539,0.39113182129545343
1,20261006,M1,0.24984080126684327,0.21915441377208578,-0.9249845051017809,0.36854041411410604,-3.096647024154663,0.2238233983516693,0.2899607114044657,0.06744794206607614,0.043245773981672134,0.5557234126752872,0.015895034526099586,0.005322614020432093,0.8666658914751477,0.8666658914751477,0.560786395230227
2,20261002,M1,0.07255503739269313,0.13369184935894873,-1.5296796864020217,0.4778857506018957,-9.62116813659668,-0.018068604171276093,0.18806795707437804,0.07016798400282552,6.630571638452818e-05,0.49548297184770496,0.018293851212053864,0.008846754188987924,0.7023334703235714,0.7023334703235714,0.45214718621638084
2,20261003,M1,0.020216117968306403,0.15897072010890462,-1.4130159718279502,0.5276073116629593,-4.278311252593994,0.03172070160508156,0.20836560598676432,0.08106623954489736,0.013676420547314634,0.5079295105210401,0.018293851212053864,0.008846754188987924,0.7609699062175221,0.7609699062175221,0.44169063341838344
2,20261004,M1,-0.23471590616085047,0.13838329941053548,-1.646616955554951,0.56206708571914,-3.595453977584839,-0.246283620595932,0.17527377476148367,0.07468532996564009,0.026714941882779106,0.4387384371129395,0.018293851212053864,0.008846754188987924,0.5787904375681171,0.5787904375681171,0.3406157991676419
2,20261005,M1,-0.1454535522687016,0.1818748224341054,-1.6716732341484704,0.5399053462993952,-4.181375026702881,0.186384379863739,0.17093855640015088,0.07659796414592457,0.015047596715459053,0.5464616695846913,0.018293851212053864,0.008846754188987924,0.5837380470776999,0.5837380470776999,0.3236586152127496
2,20261006,M1,0.24457364652223815,0.19984841091730013,-1.2434996211204148,0.47960486213813897,-3.5565552711486816,0.3163502812385559,0.2342952865552792,0.08057900635011049,0.02774519424395835,0.578434531122125,0.018293851212053864,0.008846754188987924,0.7662051095178833,0.7662051095178833,0.4738904384689199
3,20261002,M1,0.12053437149070506,0.1414834709742126,-2.135363719578565,0.8918679884354886,-8.95449447631836,0.3526298701763153,0.1353289409210308,0.11187230571162192,0.00012913868890241918,0.5872551699780848,0.01736076516887516,0.01120852844475441,0.6207420896324847,0.6207420896324847,0.38525588862184024
3,20261003,M1,-0.03478345500940528,0.14135788620377024,-2.1509550910087825,0.9142309990136658,-4.570474624633789,0.28466546535491943,0.134697237971267,0.10871962748897394,0.01024695753146762,0.5706896518508018,0.01736076516887516,0.01120852844475441,0.6652091121714976,0.6652091121714976,0.37692989020918805
3,20261004,M1,-0.2110999164372776,0.14127142498805118,-2.484455247158648,0.9437647149742058,-5.181841850280762,-0.2688171863555908,0.10467979489530704,0.08904740143554042,0.005586268309388942,0.4331974970718128,0.01736076516887516,0.01120852844475441,0.5024837745974461,0.5024837745974461,0.29329300586444634
3,20261005,M1,-0.2306610410548676,0.1770710971408542,-2.545301880010487,0.9549715482075634,-5.2939252853393555,0.2383725643157959,0.10121908551625934,0.09698656067940123,0.0049969141562890744,0.5593125544360427,0.01736076516887516,0.01120852844475441,0.5068738556777438,0.5068738556777438,0.2782069019093696
3,20261006,M1,0.2844708124566773,0.19720943706573768,-1.881252570349463,0.7703312954475368,-3.784090518951416,0.22332876920700073,0.15649413006178026,0.10430849303033675,0.022224375933365438,0.5556012878978792,0.01736076516887516,0.01120852844475441,0.6780491505439082,0.6780491505439082,0.4059385437932279
4,20261002,M1,0.1400409548684804,0.17955614978144885,-2.175118716332255,0.9464496198723191,-8.554028511047363,0.2212594747543335,0.13332963233949205,0.10511788119931442,0.00019272981744887545,0.5550903029059017,0.028668924977582944,0.012028826674637175,0.5499695723669397,0.5499695723669397,0.33417407336334387
4,20261003,M1,0.12315578520434589,0.14459586458055984,-2.233398251511068,0.91218643665275,-4.772618770599365,0.1241672933101654,0.1253590164342773,0.09779130349975669,0.008387259912857173,0.5310020024011929,0.028668924977582944,0.012028826674637175,0.5848612626807557,0.5848612626807557,0.32538526919153
4,20261004,M1,-0.18189805840254625,0.15882587204236454,-2.5002759563311368,0.9675023818874889,-5.1639838218688965,-0.31575894355773926,0.1033683926148888,0.08349697586786343,0.005686351765431485,0.4217096720871819,0.028668924977582944,0.012028826674637175,0.44244087541268934,0.44244087541268934,0.2543605519665612
4,20261005,M1,-0.23895539043718406,0.1614142517864071,-2.6298985722409522,0.9186692564949492,-5.177090644836426,-0.09051808714866638,0.09129923857209175,0.07955035017339797,0.005612723645243323,0.4773859168576125,0.028668924977582944,0.012028826674637175,0.4440969684885608,0.4440969684885608,0.24188492635471953
4,20261006,M1,0.19638315836692155,0.17314855746814617,-2.0300835034642826,0.7594667909661299,-4.444553375244141,0.061414942145347595,0.1383051966468832,0.09197430914473587,0.011606066793750192,0.5153489114271547,0.028668924977582944,0.012028826674637175,0.601470269759496,0.601470269759496,0.3524272940432032
1,20261002,M2,0.13481353291193934,0.13552053158587812,-0.34281926158154363,0.24790062276740435,-0.9290014505386353,0.8664247989654541,0.4157398740857154,0.059962155215773964,0.2831273424494926,0.7040012288663664,0.015895034526099586,0.005322614020432093,0.735449825723966,0.735449825723966,0.553938862764173
1,20261003,M2,0.09916249645436069,0.13058241926930186,-0.10166688438456199,0.16873372889408894,-0.5205405354499817,0.738336443901062,0.47462597936615664,0.041624410857373804,0.3727258471094668,0.6766319752644651,0.015895034526099586,0.005322614020432093,0.8512492660019133,0.8512492660019133,0.7317544776532385
1,20261004,M2,0.12822300654211222,0.1602647629051351,-0.45074164438302244,0.3547401015824964,-1.3021624088287354,1.251543402671814,0.3912679679018728,0.08305568954389686,0.21380131203743508,0.777566917216354,0.015895034526099586,0.005322614020432093,0.8457249816921022,0.8457249816921022,0.583024031172196
1,20261005,M2,-0.2887590984555409,0.20046445328966256,-0.920869452277689,0.38970517335992344,-1.6770991086959839,0.9320192337036133,0.28916588163846746,0.08749413357949612,0.15747997691972787,0.7174847646109481,0.015895034526099586,0.005322614020432093,0.7014413989252515,0.7014413989252515,0.47706236069401103
1,20261006,M2,0.10599000606533389,0.11418744733669915,-0.31651015323228987,0.22493524299365564,-0.975722074508667,0.7074716091156006,0.4222585748413119,0.054312424978322525,0.27374144177483895,0.6698422373405984,0.015895034526099586,0.005322614020432093,0.7476997251311938,0.7476997251311938,0.5524305775761604
2,20261002,M2,-0.0725410465018626,0.16865900455882935,-1.148474179153576,0.41107733130190405,-1.7385573387145996,1.0277442932128906,0.24702144511122828,0.08817919578422556,0.14949627204458746,0.7364783463760275,0.018293851212053864,0.008846754188987924,0.7842067612542046,0.7842067612542046,0.5051306889013008
2,20261003,M2,0.3280350862107477,0.1653984985093193,-0.3846760569154947,0.31749139317092556,-0.9560549855232239,1.221002221107483,0.4056998920779718,0.07592743625284355,0.27766874733191615,0.7722398736328191,0.018293851212053864,0.008846754188987924,0.9174437887138791,0.9174437887138791,0.6759129053464642
2,20261004,M2,0.15318023658802213,0.1750619137549952,-2.033939773881341,0.6324821465401673,-2.642108917236328,1.4392286539077759,0.13111773043180971,0.11368526293966608,0.06647704100310561,0.8083351756574905,0.018293851212053864,0.008846754188987924,0.8649684383913323,0.8649684383913323,0.5037709428342404
2,20261005,M2,-0.3269736281696629,0.22362001570882276,-2.686912972454106,0.5892177643452201,-3.2061028480529785,0.48475080728530884,0.07627922091400977,0.08163284817840585,0.03893670662511465,0.6188690794205091,0.018293851212053864,0.008846754188987924,0.7038525944506681,0.7038525944506681,0.4118038211017847
2,20261006,M2,-0.17349370384546284,0.1376664320506002,-1.9030061811151053,0.49065704792629683,-2.4042258262634277,0.7460404634475708,0.13993180458526291,0.0871666779826519,0.08285102320303059,0.6783153245772738,0.018293851212053864,0.008846754188987924,0.7745747880803214,0.7745747880803214,0.4853265771159419
3,20261002,M2,-0.17004664330451896,0.1685392127975165,-2.8835463163196,0.38644403052836745,-3.214092493057251,-0.1542065143585205,0.057453484622604085,0.03507181295540999,0.03863882788967458,0.4615245855309085,0.01736076516887516,0.01120852844475441,0.6968352921927968,0.6968352921927968,0.423740598709426
3,20261003,M2,0.39102362658021417,0.15617803015629123,-2.341272838777448,0.3954319654414665,-2.67171049118042,0.14679889380931854,0.09394511594065177,0.052134104894144336,0.06466343747882579,0.5366339588434419,0.01736076516887516,0.01120852844475441,0.8438987380100621,0.8438987380100621,0.5818439659972986
3,20261004,M2,0.13188144202951238,0.17158872304352188,-3.2835989360765026,0.38836681806486706,-3.5779638290405273,-0.27196672558784485,0.03989876364876618,0.030705773252185233,0.02717349178033871,0.4324243306279964,0.01736076516887516,0.01120852844475441,0.6997418014539613,0.6997418014539613,0.3997733269352466
3,20261005,M2,-0.24516754699377308,0.22081291560748786,-3.7840245228857947,0.40256358380728385,-4.071378707885742,-0.6588143110275269,0.024875979923387973,0.019398970908783196,0.01676790253809144,0.34100601040295925,0.01736076516887516,0.01120852844475441,0.5838550134148035,0.5838550134148035,0.3345306489564892
3,20261006,M2,-0.2549570755885714,0.12815723515808608,-3.2653469181660135,0.33565831292575893,-3.5129854679107666,-0.14927855134010315,0.0393452519635707,0.021993615200846247,0.028945004606259955,0.4627495109119749,0.01736076516887516,0.01120852844475441,0.6597310518845916,0.6597310518845916,0.39582346154687303
4,20261002,M2,-0.07232657773492127,0.17670878962114234,-3.533352081142711,0.388238853072906,-3.7938640117645264,-0.33619263768196106,0.031254017513502604,0.02130174826073172,0.02201298229970418,0.41673462632519065,0.028668924977582944,0.012028826674637175,0.5990691939989726,0.5990691939989726,0.3559659900764624
4,20261003,M2,0.2522642995482126,0.15173702511256998,-3.232953396346429,0.2942319690746603,-3.417015552520752,-0.05649903416633606,0.0398553709922738,0.018022097587036684,0.0317678979311675,0.48587899761097897,0.028668924977582944,0.012028826674637175,0.7420087479054928,0.7420087479054928,0.4944470742303464
4,20261004,M2,0.027386303325272303,0.18954995402274286,-3.6054368323659567,0.42647081761895866,-3.86930513381958,-0.3689119517803192,0.030019902702665635,0.02556001525258725,0.02044609949672501,0.4088039585159057,0.028668924977582944,0.012028826674637175,0.599222207069397,0.599222207069397,0.3394887095834646
4,20261005,M2,-0.13713942530121526,0.2258381805488541,-4.051368327088164,0.5291022092112324,-4.353146076202393,-0.4829893112182617,0.021185184203364633,0.02466399051154745,0.012702832492257315,0.3815464918148151,0.028668924977582944,0.012028826674637175,0.48777074300580553,0.48777074300580553,0.2791430679667327
4,20261006,M2,-0.09917422678902273,0.13234820464562108,-3.6527713283735364,0.44374947434021156,-3.900738477706909,-0.3061659336090088,0.028882842766198,0.024515218312569826,0.01982594989433389,0.42405086579045065,0.028668924977582944,0.012028826674637175,0.5635862078103754,0.5635862078103754,0.3319873289722535
