model_comparison,task_id,model,fold,seed,delta_nll,delta_pr_auc,delta_brier_skill,delta_count_mae,delta_count_rmse,favors_comparison_on_nll
M1 vs M0,M1_fold1_seed20261002,M1,1,20261002,-0.26109480499952203,-0.5180473188272084,-3.682208996313346,-0.011785360709193338,-0.1175707769328973,False
M1 vs M0,M1_fold1_seed20261003,M1,1,20261003,-0.29331522988789754,-0.5219260404714202,-4.411571357068843,-0.03009093833898646,-0.12217508967762924,False
M1 vs M0,M1_fold1_seed20261004,M1,1,20261004,-0.19368358107248201,-0.514660941155922,-2.213108981928855,-0.024246303765808275,-0.08450425470142786,False
M1 vs M0,M1_fold1_seed20261005,M1,1,20261005,-0.1984570742620136,-0.4322448511623068,-2.293431818881211,-0.09560225247618925,-0.033614026390046625,False
M1 vs M0,M1_fold1_seed20261006,M1,1,20261006,-0.33990211580924984,-0.521109353735781,-5.673989880506955,-0.20549745653906237,0.016367347476399452,False
M1 vs M0,M1_fold2_seed20261002,M1,2,20261002,-0.19549650785480505,-0.4280303882673274,-2.0856601581872156,0.7842358305579946,0.3177502396909069,False
M1 vs M0,M1_fold2_seed20261003,M1,2,20261003,-0.2234953668029721,-0.465985778624071,-2.6378807429028375,0.8722969948060944,0.271923956341809,False
M1 vs M0,M1_fold2_seed20261004,M1,2,20261004,-0.18173560916924814,-0.42325065183393706,-1.894448312334897,0.8266753949051036,0.2830780899117271,False
M1 vs M0,M1_fold2_seed20261005,M1,2,20261005,-0.17290966068057106,-0.3739042601350522,-1.7434198239919703,0.757457616358884,0.35806743167605415,False
M1 vs M0,M1_fold2_seed20261006,M1,2,20261006,-0.25727056779373325,-0.4935977370069638,-3.2861873570617113,0.7039942963679242,0.3573796476690645,False
M1 vs M0,M1_fold3_seed20261002,M1,3,20261002,-0.1216905114703708,-0.19803614587988733,-1.2757320073074263,0.3489320837472927,0.4302174737115898,False
M1 vs M0,M1_fold3_seed20261003,M1,3,20261003,-0.12072641083131075,-0.2029226458011322,-1.2697370819415443,0.6718310248494603,0.7061348213603349,False
M1 vs M0,M1_fold3_seed20261004,M1,3,20261004,-0.08986936285870437,-0.18998608072668335,-0.7786028369543808,0.3963742054629176,0.47828037965674586,False
M1 vs M0,M1_fold3_seed20261005,M1,3,20261005,-0.08439715970779371,-0.17572335900240607,-0.7287432834091242,0.20747202661874553,0.3114863181951395,False
M1 vs M0,M1_fold3_seed20261006,M1,3,20261006,-0.14967901217605753,-0.2514705919267241,-1.653254898043965,0.29453718958463915,0.37869274392169494,False
M1 vs M0,M1_fold4_seed20261002,M1,4,20261002,-0.11204902689034993,-0.18283537194564617,-0.6483453905330538,-0.36274929498117725,-0.20625141317661777,False
M1 vs M0,M1_fold4_seed20261003,M1,4,20261003,-0.10499245783750796,-0.1742231352774794,-0.5745336398705758,-0.32905449657324204,-0.19017661994065405,False
M1 vs M0,M1_fold4_seed20261004,M1,4,20261004,-0.08737883885278142,-0.1739223282540424,-0.4221813365963163,-0.568581211887198,-0.375408943574834,False
M1 vs M0,M1_fold4_seed20261005,M1,4,20261005,-0.07428836385273438,-0.14878818397924454,-0.3165747881659018,-0.6008263149900581,-0.4022993477247079,False
M1 vs M0,M1_fold4_seed20261006,M1,4,20261006,-0.12214068764385466,-0.2280797718981886,-0.7020710480331545,-0.3289573422797387,-0.1949291770491972,False
M2 vs M0,M2_fold1_seed20261002,M2,1,20261002,-0.5128429732266054,-0.10650954005354074,-10.453110826215989,0.003105690557087648,-0.3933655327247143,False
M2 vs M0,M2_fold1_seed20261003,M2,1,20261003,-0.6150419368804046,-0.2950040975156106,-13.762064295952914,0.004305563610087937,-0.1524676328821961,False
M2 vs M0,M2_fold1_seed20261004,M2,1,20261004,-0.4748849735207093,-0.28131722476849913,-9.39809225660759,0.008314028487172553,-0.2961019084957357,False
M2 vs M0,M2_fold1_seed20261005,M2,1,20261005,-0.3193339186022334,-0.2265693116472523,-5.040364214976116,0.0032445460403889292,-0.23711262510068654,False
M2 vs M0,M2_fold1_seed20261006,M2,1,20261006,-0.5242404716439177,-0.20401716637289208,-10.863156664095001,0.003913729658945098,-0.3076780492762996,False
M2 vs M0,M2_fold2_seed20261002,M2,2,20261002,-0.2613494231726864,-0.2512539065404345,-3.1921377454681648,0.8780938025070792,-0.007000714558432541,False
M2 vs M0,M2_fold2_seed20261003,M2,2,20261003,-0.48973212067977523,-0.3264043894720091,-8.65585483060123,0.8630931093325547,0.20180467762018894,False
M2 vs M0,M2_fold2_seed20261004,M2,2,20261004,-0.12765781300920404,-0.32289012878735956,-1.1403769087985818,0.869983963218687,-0.0167066682216106,False
M2 vs M0,M2_fold2_seed20261005,M2,2,20261005,-0.06723871440812067,-0.2845728703373004,-0.4468426171252559,0.8864912486729963,0.1046242718480741,False
M2 vs M0,M2_fold2_seed20261006,M2,2,20261006,-0.13415144073965296,-0.2834630791251918,-1.0980370605308012,0.8881539486906589,0.03395872994409643,False
M2 vs M0,M2_fold3_seed20261002,M2,3,20261002,-0.04716098926060967,-0.15371699714667306,-0.239856144876177,1.1237964587646325,0.9632433897960049,False
M2 vs M0,M2_fold3_seed20261003,M2,3,20261003,-0.0799175787019056,-0.18109953321856237,-0.4950715933973723,0.858863014958954,0.8109040932117368,False
M2 vs M0,M2_fold3_seed20261004,M2,3,20261004,-0.0372245345122342,-0.180045638828448,-0.2171352211127,1.2455554192159608,0.9777195895835145,False
M2 vs M0,M2_fold3_seed20261005,M2,3,20261005,-0.027251961485661017,-0.1437117841367873,-0.19151499896850466,1.0049537500293284,0.9181003857224219,False
M2 vs M0,M2_fold3_seed20261006,M2,3,20261006,-0.0358963467500496,-0.11791501964856485,-0.2010827726861495,1.1508074121290635,0.9770108944725442,False
M2 vs M0,M2_fold4_seed20261002,M2,4,20261002,-0.043973662934757574,-0.12197781033804111,-0.22619084682621116,0.14137363252247792,0.07568029877615001,False
M2 vs M0,M2_fold4_seed20261003,M2,4,20261003,-0.051976330209978855,-0.1284936127900665,-0.24495207758224014,0.11989147119846133,0.06089514285997022,False
M2 vs M0,M2_fold4_seed20261004,M2,4,20261004,-0.045463991152167454,-0.15753734829067875,-0.23195098433183148,0.1991169527838943,0.07024923997493637,False
M2 vs M0,M2_fold4_seed20261005,M2,4,20261005,-0.03911764951015856,-0.11648488750622082,-0.22008922448098756,-0.02258031434786023,0.006722213462508675,False
M2 vs M0,M2_fold4_seed20261006,M2,4,20261006,-0.04038184445404994,-0.10028847492901644,-0.21164472512371157,0.11412611490706359,0.06612373722960552,False
M2 vs M1,M2_fold1_seed20261002,M2,1,20261002,-0.25174816822708346,0.4115377787736677,-6.770901829902642,0.014891051266280986,-0.275794755791817,False
M2 vs M1,M2_fold1_seed20261003,M2,1,20261003,-0.32172670699250716,0.2269219429558097,-9.35049293888407,0.0343965019490744,-0.03029254320456687,False
M2 vs M1,M2_fold1_seed20261004,M2,1,20261004,-0.2812013924482273,0.2333437163874228,-7.184983274678735,0.03256033225298083,-0.21159765379430784,False
M2 vs M1,M2_fold1_seed20261005,M2,1,20261005,-0.12087684434021984,0.20567553951505452,-2.746932396094905,0.09884679851657818,-0.2034985987106399,False
M2 vs M1,M2_fold1_seed20261006,M2,1,20261006,-0.18433835583466796,0.317092187362889,-5.189166783588046,0.20941118619800747,-0.32404539675269906,False
M2 vs M1,M2_fold2_seed20261002,M2,2,20261002,-0.06585291531788134,0.17677648172689292,-1.1064775872809491,0.09385797194908463,-0.3247509542493394,False
M2 vs M1,M2_fold2_seed20261003,M2,2,20261003,-0.2662367538768031,0.13958138915206184,-6.017974087698392,-0.009203885473539675,-0.07011927872162005,False
M2 vs M1,M2_fold2_seed20261004,M2,2,20261004,0.0540777961600441,0.10036052304657749,0.7540714035363152,0.04330856831358343,-0.2997847581333377,True
M2 vs M1,M2_fold2_seed20261005,M2,2,20261005,0.10567094627245041,0.08933138979775182,1.2965772068667143,0.12903363231411236,-0.25344315982798005,True
M2 vs M1,M2_fold2_seed20261006,M2,2,20261006,0.12311912705408029,0.210134657881772,2.1881502965309103,0.18415965232273468,-0.32342091772496806,True
M2 vs M1,M2_fold3_seed20261002,M2,3,20261002,0.07452952220976113,0.04431914873321427,1.0358758624312494,0.7748643750173398,0.5330259160844151,True
M2 vs M1,M2_fold3_seed20261003,M2,3,20261003,0.04080883212940514,0.02182311258256983,0.7746654885441719,0.18703199010949367,0.10476927185140195,True
M2 vs M1,M2_fold3_seed20261004,M2,3,20261004,0.05264482834647016,0.009940441898235342,0.5614676158416808,0.8491812137530432,0.4994392099267686,True
M2 vs M1,M2_fold3_seed20261005,M2,3,20261005,0.057145198222132695,0.03201157486561876,0.5372282844406195,0.7974817234105829,0.6066140675272824,True
M2 vs M1,M2_fold3_seed20261006,M2,3,20261006,0.11378266542600793,0.13355557227815928,1.4521721253578153,0.8562702225444243,0.5983181505508492,True
M2 vs M1,M2_fold4_seed20261002,M2,4,20261002,0.06807536395559236,0.060857561607605054,0.4221545437068427,0.5041229275036552,0.2819317119527678,True
M2 vs M1,M2_fold4_seed20261003,M2,4,20261003,0.05301612762752911,0.04572952248741291,0.3295815622883357,0.44894596777170337,0.25107176280062427,True
M2 vs M1,M2_fold4_seed20261004,M2,4,20261004,0.04191484770061396,0.01638497996336366,0.19023035226448481,0.7676981646710923,0.4456581835497704,True
M2 vs M1,M2_fold4_seed20261005,M2,4,20261005,0.03517071434257582,0.03230329647302371,0.09648556368491423,0.5782460006421979,0.40902156118721655,True
M2 vs M1,M2_fold4_seed20261006,M2,4,20261006,0.08175884318980473,0.12779129696917216,0.4904263229094429,0.4430834571868023,0.26105291427880273,True
