task_id,model,fold,seed,mean_predicted_probability,median_predicted_probability,p90_predicted_probability,p95_predicted_probability,p99_predicted_probability,maximum_predicted_probability,mean_positive_probability,mean_negative_probability,observed_prevalence
M1_fold1_seed20261002,M1,1,20261002,0.23178285360336304,0.2359207570552826,0.3057001829147339,0.32532405853271484,0.3589457869529724,0.41274237632751465,0.218448206782341,0.23199822008609772,0.015895034526099586
M1_fold1_seed20261003,M1,1,20261003,0.2520243525505066,0.25437265634536743,0.3259826600551605,0.3485649824142456,0.3946762979030609,0.45489007234573364,0.16774488985538483,0.25338563323020935,0.015895034526099586
M1_fold1_seed20261004,M1,1,20261004,0.1758096069097519,0.17197178304195404,0.23367804288864136,0.2554393410682678,0.29197779297828674,0.35544076561927795,0.17394408583641052,0.17583973705768585,0.015895034526099586
M1_fold1_seed20261005,M1,1,20261005,0.18688775599002838,0.18082137405872345,0.2420981526374817,0.26894980669021606,0.332507461309433,0.4537716209888458,0.2606091797351837,0.1856970340013504,0.015895034526099586
M1_fold1_seed20261006,M1,1,20261006,0.28996071219444275,0.30114972591400146,0.3664029538631439,0.37950482964515686,0.4015966057777405,0.5557233691215515,0.2244492918252945,0.29101884365081787,0.015895034526099586
M1_fold2_seed20261002,M1,2,20261002,0.1880679577589035,0.1794966608285904,0.2807164192199707,0.3140440285205841,0.39216873049736023,0.4954829812049866,0.2967565059661865,0.18604257702827454,0.018293851212053864
M1_fold2_seed20261003,M1,2,20261003,0.20836561918258667,0.20347337424755096,0.3163194954395294,0.3452151417732239,0.4209238290786743,0.5079295039176941,0.29067322611808777,0.20683182775974274,0.018293851212053864
M1_fold2_seed20261004,M1,2,20261004,0.17527376115322113,0.16895094513893127,0.27915704250335693,0.30884772539138794,0.3534683287143707,0.4387384355068207,0.28144264221191406,0.17329534888267517,0.018293851212053864
M1_fold2_seed20261005,M1,2,20261005,0.17093856632709503,0.15950588881969452,0.26701727509498596,0.30969923734664917,0.4225274622440338,0.5464617013931274,0.32246166467666626,0.16811497509479523,0.018293851212053864
M1_fold2_seed20261006,M1,2,20261006,0.2342952936887741,0.2299712747335434,0.3381836712360382,0.36638277769088745,0.4447707235813141,0.5784345269203186,0.28401076793670654,0.2333688586950302,0.018293851212053864
M1_fold3_seed20261002,M1,3,20261002,0.13532894849777222,0.0935821682214737,0.29253578186035156,0.4146299958229065,0.4904630184173584,0.5872551202774048,0.40540066361427307,0.13055744767189026,0.01736076516887516
M1_fold3_seed20261003,M1,3,20261003,0.13469724357128143,0.09984436631202698,0.28294360637664795,0.3949568271636963,0.4829877018928528,0.5706896781921387,0.3834038972854614,0.13030321896076202,0.01736076516887516
M1_fold3_seed20261004,M1,3,20261004,0.10467980057001114,0.0726524293422699,0.24817901849746704,0.3113625943660736,0.3672623932361603,0.4331974983215332,0.3057125210762024,0.10112805664539337,0.01736076516887516
M1_fold3_seed20261005,M1,3,20261005,0.10121909528970718,0.06485969573259354,0.2358667254447937,0.3437321186065674,0.4358312785625458,0.5593125820159912,0.35222455859184265,0.09678444266319275,0.01736076516887516
M1_fold3_seed20261006,M1,3,20261006,0.1564941108226776,0.12225408107042313,0.3011952042579651,0.38420963287353516,0.48169222474098206,0.5556012988090515,0.3507094979286194,0.1530628204345703,0.01736076516887516
M1_fold4_seed20261002,M1,4,20261002,0.1333296298980713,0.10208748281002045,0.29908913373947144,0.37919390201568604,0.4426765441894531,0.5550903081893921,0.35477980971336365,0.1267935037612915,0.028668924977582944
M1_fold4_seed20261003,M1,4,20261003,0.12535902857780457,0.09818771481513977,0.2675290107727051,0.35284340381622314,0.43387043476104736,0.5310019850730896,0.3287394344806671,0.11935623735189438,0.028668924977582944
M1_fold4_seed20261004,M1,4,20261004,0.10336839407682419,0.07761114090681076,0.23448446393013,0.29139605164527893,0.34549272060394287,0.42170965671539307,0.2698133587837219,0.0984557494521141,0.028668924977582944
M1_fold4_seed20261005,M1,4,20261005,0.09129924327135086,0.06672622263431549,0.20291253924369812,0.27978208661079407,0.36416375637054443,0.47738590836524963,0.2689041197299957,0.08605721592903137,0.028668924977582944
M1_fold4_seed20261006,M1,4,20261006,0.1383051872253418,0.11506517231464386,0.2677368223667145,0.3518624007701874,0.4229370951652527,0.5153489112854004,0.3070790767669678,0.1333238184452057,0.028668924977582944
M2_fold1_seed20261002,M2,1,20261002,0.41573989391326904,0.40940091013908386,0.45778700709342957,0.5322882533073425,0.6660485863685608,0.7040011882781982,0.6350122690200806,0.4121982157230377,0.015895034526099586
M2_fold1_seed20261003,M2,1,20261003,0.47462597489356995,0.47034990787506104,0.5113171339035034,0.5410667657852173,0.6347171068191528,0.6766319870948792,0.5974972248077393,0.47264137864112854,0.015895034526099586
M2_fold1_seed20261004,M2,1,20261004,0.39126795530319214,0.38981714844703674,0.4564310908317566,0.5165584683418274,0.7040863633155823,0.7775669097900391,0.6367981433868408,0.3873022198677063,0.015895034526099586
M2_fold1_seed20261005,M2,1,20261005,0.2891659140586853,0.2757174074649811,0.3328298330307007,0.44501516222953796,0.6689718961715698,0.7174847722053528,0.6194502115249634,0.2838312089443207,0.015895034526099586
M2_fold1_seed20261006,M2,1,20261006,0.422258585691452,0.4235547184944153,0.4635486304759979,0.5030468702316284,0.6220319271087646,0.6698422431945801,0.5847747921943665,0.4196336567401886,0.015895034526099586
M2_fold2_seed20261002,M2,2,20261002,0.24702146649360657,0.22292116284370422,0.3156386613845825,0.4752843379974365,0.6214733123779297,0.7364783883094788,0.5326451659202576,0.24169890582561493,0.018293851212053864
M2_fold2_seed20261003,M2,2,20261003,0.40569987893104553,0.3896337151527405,0.4589880108833313,0.602409839630127,0.7183996438980103,0.7722398042678833,0.6266193985939026,0.40158310532569885,0.018293851212053864
M2_fold2_seed20261004,M2,2,20261004,0.13111773133277893,0.0991361141204834,0.15648232400417328,0.4115707278251648,0.669728696346283,0.8083351254463196,0.48260071873664856,0.1245679259300232,0.018293851212053864
M2_fold2_seed20261005,M2,2,20261005,0.07627921551465988,0.054759345948696136,0.07670418173074722,0.25419631600379944,0.49309834837913513,0.6188690662384033,0.34106558561325073,0.07134499400854111,0.018293851212053864
M2_fold2_seed20261006,M2,2,20261006,0.1399317979812622,0.11756456643342972,0.16024994850158691,0.35709747672080994,0.550304114818573,0.6783153414726257,0.4231034517288208,0.1346549689769745,0.018293851212053864
M2_fold3_seed20261002,M2,3,20261002,0.05745348706841469,0.047283418476581573,0.06905815005302429,0.1335563063621521,0.22908395528793335,0.4615245759487152,0.15693782269954681,0.05569584667682648,0.01736076516887516
M2_fold3_seed20261003,M2,3,20261003,0.09394511580467224,0.07922627031803131,0.11096885800361633,0.21701058745384216,0.34348708391189575,0.5366339683532715,0.2335156947374344,0.09147925674915314,0.01736076516887516
M2_fold3_seed20261004,M2,3,20261004,0.039898764342069626,0.03282890468835831,0.03947945684194565,0.07886503636837006,0.21015390753746033,0.43242430686950684,0.11060995608568192,0.03864947706460953,0.01736076516887516
M2_fold3_seed20261005,M2,3,20261005,0.024875979870557785,0.019812215119600296,0.02631751075387001,0.06126587837934494,0.1229243054986,0.34100598096847534,0.07885567843914032,0.02392229437828064,0.01736076516887516
M2_fold3_seed20261006,M2,3,20261006,0.03934525325894356,0.03327510505914688,0.04410224407911301,0.08217264711856842,0.14853604137897491,0.4627494812011719,0.10401049256324768,0.03820277750492096,0.01736076516887516
M2_fold4_seed20261002,M2,4,20261002,0.031254012137651443,0.025060687214136124,0.04066362977027893,0.07649240642786026,0.13258330523967743,0.41673463582992554,0.08200648427009583,0.029756054282188416,0.028668924977582944
M2_fold4_seed20261003,M2,4,20261003,0.03985536843538284,0.034593164920806885,0.05091116577386856,0.07790276408195496,0.12055093795061111,0.4858790338039398,0.08131278306245804,0.038631752133369446,0.028668924977582944
M2_fold4_seed20261004,M2,4,20261004,0.030019905418157578,0.023365207016468048,0.03197278082370758,0.0736580342054367,0.16479359567165375,0.40880393981933594,0.08137040585279465,0.02850428968667984,0.028668924977582944
M2_fold4_seed20261005,M2,4,20261005,0.02118518203496933,0.014378663152456284,0.028227144852280617,0.06668566167354584,0.14405834674835205,0.3815464973449707,0.07845662534236908,0.019494812935590744,0.028668924977582944
M2_fold4_seed20261006,M2,4,20261006,0.028882842510938644,0.021885305643081665,0.03800924867391586,0.0778486505150795,0.15029989182949066,0.42405086755752563,0.08915190398693085,0.027103997766971588,0.028668924977582944
