fold,feature,training_mean,training_sd,source
1,era5_mintemp,6.9655066,10.110847,F1-F4 training weeks only
1,era5_soilmoist,0.22613145,0.14506604,F1-F4 training weeks only
1,era5_lai_low,1.5799775,0.8915226,F1-F4 training weeks only
1,agera5_relhum_min,35.33914,16.695726,F1-F4 training weeks only
1,era5land_tmean,15.948548,9.05609,F1-F4 training weeks only
1,era5land_soiltemp_l1_mean,17.562984,9.2715025,F1-F4 training weeks only
1,era5land_soiltemp_l2_mean,17.232925,8.670851,F1-F4 training weeks only
1,era5land_soilwater_l1_mean,0.23690258,0.14194348,F1-F4 training weeks only
1,era5land_soilwater_l2_mean,0.26251337,0.11833617,F1-F4 training weeks only
1,era5land_surface_pressure_mean,92.61939,8.167068,F1-F4 training weeks only
1,era5land_lai_high_mean,2.20345,1.5925105,F1-F4 training weeks only
1,era5land_lai_low_mean,1.4843917,0.82394075,F1-F4 training weeks only
1,cattle_density,2.1818433,1.0614653,F1-F4 training weeks only
1,goat_density,0.59321105,0.7326391,F1-F4 training weeks only
1,sheep_density,0.56360793,0.6981638,F1-F4 training weeks only
1,horse_density,4.3220387,1.234558,F1-F4 training weeks only
1,pig_density,0.7782767,1.1123757,F1-F4 training weeks only
1,cattle_density_imputed,0.0,1.0,F1-F4 training weeks only
1,goat_density_imputed,0.0,1.0,F1-F4 training weeks only
1,sheep_density_imputed,0.0,1.0,F1-F4 training weeks only
1,horse_density_imputed,0.0,1.0,F1-F4 training weeks only
1,pig_density_imputed,0.00019926272,0.014113285,F1-F4 training weeks only
1,week_sin,0.6368733,0.31003785,F1-F4 training weeks only
1,week_cos,0.055210333,0.70394903,F1-F4 training weeks only
1,distance_to_any_prior_positive_log1p,7.292018,1.012897,F1-F4 training weeks only
1,distance_to_prev4_positive_log1p,7.305925,0.9791023,F1-F4 training weeks only
1,weeks_since_detection_within_50km_log1p,4.8035426,0.5834886,F1-F4 training weeks only
1,any_prior_positive_available,1.0,1.0,F1-F4 training weeks only
1,prev4_positive_available,1.0,1.0,F1-F4 training weeks only
1,detection_within_50km_ever_available,0.02104521,0.14360896,F1-F4 training weeks only
2,era5_mintemp,10.714481,10.205555,F1-F4 training weeks only
2,era5_soilmoist,0.22794394,0.1401082,F1-F4 training weeks only
2,era5_lai_low,1.6226571,0.90662175,F1-F4 training weeks only
2,agera5_relhum_min,37.839252,16.764975,F1-F4 training weeks only
2,era5land_tmean,18.942251,8.867974,F1-F4 training weeks only
2,era5land_soiltemp_l1_mean,20.739456,9.25219,F1-F4 training weeks only
2,era5land_soiltemp_l2_mean,20.382763,8.778044,F1-F4 training weeks only
2,era5land_soilwater_l1_mean,0.23716539,0.13793254,F1-F4 training weeks only
2,era5land_soilwater_l2_mean,0.26064187,0.113486305,F1-F4 training weeks only
2,era5land_surface_pressure_mean,92.64099,8.107449,F1-F4 training weeks only
2,era5land_lai_high_mean,2.3308322,1.6623703,F1-F4 training weeks only
2,era5land_lai_low_mean,1.527056,0.8448,F1-F4 training weeks only
2,cattle_density,2.181757,1.0614617,F1-F4 training weeks only
2,goat_density,0.5931889,0.7326426,F1-F4 training weeks only
2,sheep_density,0.5635992,0.698122,F1-F4 training weeks only
2,horse_density,4.3220243,1.234523,F1-F4 training weeks only
2,pig_density,0.77821994,1.1123011,F1-F4 training weeks only
2,cattle_density_imputed,0.0,1.0,F1-F4 training weeks only
2,goat_density_imputed,0.0,1.0,F1-F4 training weeks only
2,sheep_density_imputed,0.0,1.0,F1-F4 training weeks only
2,horse_density_imputed,0.0,1.0,F1-F4 training weeks only
2,pig_density_imputed,0.00019926272,0.014113271,F1-F4 training weeks only
2,week_sin,0.23301682,0.6529244,F1-F4 training weeks only
2,week_cos,-0.19484712,0.6929899,F1-F4 training weeks only
2,distance_to_any_prior_positive_log1p,7.1450205,1.2275399,F1-F4 training weeks only
2,distance_to_prev4_positive_log1p,7.1840014,1.1605501,F1-F4 training weeks only
2,weeks_since_detection_within_50km_log1p,4.756647,0.7153594,F1-F4 training weeks only
2,any_prior_positive_available,1.0,1.0,F1-F4 training weeks only
2,prev4_positive_available,1.0,1.0,F1-F4 training weeks only
2,detection_within_50km_ever_available,0.031692993,0.1751172,F1-F4 training weeks only
3,era5_mintemp,9.61035,9.93648,F1-F4 training weeks only
3,era5_soilmoist,0.22926484,0.13816339,F1-F4 training weeks only
3,era5_lai_low,1.6057212,0.9022901,F1-F4 training weeks only
3,agera5_relhum_min,38.708164,16.296623,F1-F4 training weeks only
3,era5land_tmean,17.992733,8.610169,F1-F4 training weeks only
3,era5land_soiltemp_l1_mean,19.62094,9.024946,F1-F4 training weeks only
3,era5land_soiltemp_l2_mean,19.537663,8.512722,F1-F4 training weeks only
3,era5land_soilwater_l1_mean,0.23849048,0.13529722,F1-F4 training weeks only
3,era5land_soilwater_l2_mean,0.26169577,0.110975035,F1-F4 training weeks only
3,era5land_surface_pressure_mean,92.63759,8.11069,F1-F4 training weeks only
3,era5land_lai_high_mean,2.2798464,1.6378984,F1-F4 training weeks only
3,era5land_lai_low_mean,1.5101985,0.8389189,F1-F4 training weeks only
3,cattle_density,2.1817336,1.061424,F1-F4 training weeks only
3,goat_density,0.59316635,0.7326302,F1-F4 training weeks only
3,sheep_density,0.563607,0.69809866,F1-F4 training weeks only
3,horse_density,4.321958,1.2344726,F1-F4 training weeks only
3,pig_density,0.7781563,1.1123555,F1-F4 training weeks only
3,cattle_density_imputed,0.0,1.0,F1-F4 training weeks only
3,goat_density_imputed,0.0,1.0,F1-F4 training weeks only
3,sheep_density_imputed,0.0,1.0,F1-F4 training weeks only
3,horse_density_imputed,0.0,1.0,F1-F4 training weeks only
3,pig_density_imputed,0.00019926272,0.014113264,F1-F4 training weeks only
3,week_sin,0.00018109441,0.70830137,F1-F4 training weeks only
3,week_cos,-0.003354561,0.7065249,F1-F4 training weeks only
3,distance_to_any_prior_positive_log1p,6.9637,1.3989246,F1-F4 training weeks only
3,distance_to_prev4_positive_log1p,7.037793,1.2939087,F1-F4 training weeks only
3,weeks_since_detection_within_50km_log1p,4.7327776,0.81335735,F1-F4 training weeks only
3,any_prior_positive_available,1.0,1.0,F1-F4 training weeks only
3,prev4_positive_available,1.0,1.0,F1-F4 training weeks only
3,detection_within_50km_ever_available,0.04189882,0.20060025,F1-F4 training weeks only
4,era5_mintemp,8.29041,10.37077,F1-F4 training weeks only
4,era5_soilmoist,0.23016284,0.13776365,F1-F4 training weeks only
4,era5_lai_low,1.5897123,0.8988959,F1-F4 training weeks only
4,agera5_relhum_min,38.46808,15.843389,F1-F4 training weeks only
4,era5land_tmean,16.845064,9.015123,F1-F4 training weeks only
4,era5land_soiltemp_l1_mean,18.418102,9.350735,F1-F4 training weeks only
4,era5land_soiltemp_l2_mean,18.417229,8.824103,F1-F4 training weeks only
4,era5land_soilwater_l1_mean,0.24038677,0.13461845,F1-F4 training weeks only
4,era5land_soilwater_l2_mean,0.2628288,0.110986374,F1-F4 training weeks only
4,era5land_surface_pressure_mean,92.655914,8.121483,F1-F4 training weeks only
4,era5land_lai_high_mean,2.236691,1.6198511,F1-F4 training weeks only
4,era5land_lai_low_mean,1.4941634,0.83364844,F1-F4 training weeks only
4,cattle_density,2.181751,1.0613861,F1-F4 training weeks only
4,goat_density,0.5931524,0.7326105,F1-F4 training weeks only
4,sheep_density,0.5636163,0.698084,F1-F4 training weeks only
4,horse_density,4.3218718,1.2344517,F1-F4 training weeks only
4,pig_density,0.7781308,1.1123996,F1-F4 training weeks only
4,cattle_density_imputed,0.0,1.0,F1-F4 training weeks only
4,goat_density_imputed,0.0,1.0,F1-F4 training weeks only
4,sheep_density_imputed,0.0,1.0,F1-F4 training weeks only
4,horse_density_imputed,0.0,1.0,F1-F4 training weeks only
4,pig_density_imputed,0.00019926272,0.014113261,F1-F4 training weeks only
4,week_sin,0.04758262,0.67585295,F1-F4 training weeks only
4,week_cos,0.11629592,0.7254877,F1-F4 training weeks only
4,distance_to_any_prior_positive_log1p,6.875851,1.4916458,F1-F4 training weeks only
4,distance_to_prev4_positive_log1p,6.980845,1.3543366,F1-F4 training weeks only
4,weeks_since_detection_within_50km_log1p,4.71657,0.8724394,F1-F4 training weeks only
4,any_prior_positive_available,1.0,1.0,F1-F4 training weeks only
4,prev4_positive_available,1.0,1.0,F1-F4 training weeks only
4,detection_within_50km_ever_available,0.049335793,0.2161091,F1-F4 training weeks only
