task_id,model,fold,seed,validation_week_index,observed_prevalence,mean_predicted_prevalence,brier,pr_auc
M1_fold1_seed20261002,M1,1,20261002,26,0.0,0.3463604254874816,0.11996554434386929,0.0
M1_fold1_seed20261002,M1,1,20261002,27,0.0,0.3655171812038138,0.13360280975518166,0.0
M1_fold1_seed20261002,M1,1,20261002,28,0.0,0.3512304238838185,0.12336281066160679,0.0
M1_fold1_seed20261002,M1,1,20261002,29,0.0,0.3630901231288485,0.13183443751372234,0.0
M1_fold1_seed20261002,M1,1,20261002,30,0.0,0.3444128756364347,0.11862022890415821,0.0
M1_fold1_seed20261002,M1,1,20261002,31,0.0,0.35296105454838206,0.12458150602790596,0.0
M1_fold1_seed20261002,M1,1,20261002,32,0.0,0.36270225029306113,0.13155292236765037,0.0
M1_fold1_seed20261002,M1,1,20261002,33,0.0,0.3702965914514876,0.13711956564058989,0.0
M1_fold1_seed20261002,M1,1,20261002,34,0.0,0.3437139740020865,0.11813929592430698,0.0
M1_fold1_seed20261002,M1,1,20261002,35,0.0,0.3169729644988697,0.1004718602232017,0.0
M1_fold1_seed20261002,M1,1,20261002,36,0.0,0.3386994661776291,0.11471732838901089,0.0
M1_fold1_seed20261002,M1,1,20261002,37,0.0,0.315258534903623,0.09938794382957887,0.0
M1_fold1_seed20261002,M1,1,20261002,38,0.0,0.30353502218125916,0.09213350969057749,0.0
M1_fold1_seed20261003,M1,1,20261003,26,0.0,0.347828862243182,0.12098491740938648,0.0
M1_fold1_seed20261003,M1,1,20261003,27,0.0,0.3557304681038879,0.12654416593741125,0.0
M1_fold1_seed20261003,M1,1,20261003,28,0.0,0.3688853594987384,0.1360764084525135,0.0
M1_fold1_seed20261003,M1,1,20261003,29,0.0,0.37344243194780363,0.13945924997908993,0.0
M1_fold1_seed20261003,M1,1,20261003,30,0.0,0.39899083108094213,0.1591936832866609,0.0
M1_fold1_seed20261003,M1,1,20261003,31,0.0,0.4149998030142616,0.17222483650187595,0.0
M1_fold1_seed20261003,M1,1,20261003,32,0.0,0.34956704960781365,0.12219712217151163,0.0
M1_fold1_seed20261003,M1,1,20261003,33,0.0,0.34169598451349903,0.11675614583264937,0.0
M1_fold1_seed20261003,M1,1,20261003,34,0.0,0.3973657045967181,0.1578995031896462,0.0
M1_fold1_seed20261003,M1,1,20261003,35,0.0,0.40875722807268494,0.167082471501665,0.0
M1_fold1_seed20261003,M1,1,20261003,36,0.0,0.3903591695350919,0.15238028124012662,0.0
M1_fold1_seed20261003,M1,1,20261003,37,0.0,0.30550943242400136,0.09333601330003544,0.0
M1_fold1_seed20261003,M1,1,20261003,38,0.0,0.2761838656599947,0.07627752765089799,0.0
M1_fold1_seed20261004,M1,1,20261004,26,0.0,0.2684512178127167,0.07206605634513068,0.0
M1_fold1_seed20261004,M1,1,20261004,27,0.0,0.2784946720310857,0.07755928234970198,0.0
M1_fold1_seed20261004,M1,1,20261004,28,0.0,0.2788387487747434,0.07775104781826449,0.0
M1_fold1_seed20261004,M1,1,20261004,29,0.0,0.2877470116477309,0.08279834271219941,0.0
M1_fold1_seed20261004,M1,1,20261004,30,0.0,0.2955574461170687,0.08735420395524396,0.0
M1_fold1_seed20261004,M1,1,20261004,31,0.0,0.2994293890847988,0.08965795904769583,0.0
M1_fold1_seed20261004,M1,1,20261004,32,0.0,0.2785765640005311,0.077604902010342,0.0
M1_fold1_seed20261004,M1,1,20261004,33,0.0,0.2616689722704416,0.06847065104906915,0.0
M1_fold1_seed20261004,M1,1,20261004,34,0.0,0.31745475532662104,0.10077752167948482,0.0
M1_fold1_seed20261004,M1,1,20261004,35,0.0,0.32247064745918186,0.10398731847274395,0.0
M1_fold1_seed20261004,M1,1,20261004,36,0.0,0.2958406313960094,0.0875216791847895,0.0
M1_fold1_seed20261004,M1,1,20261004,37,0.0,0.22829523187145703,0.052118712895242336,0.0
M1_fold1_seed20261004,M1,1,20261004,38,0.0,0.2103127223307774,0.04423144117418269,0.0
M1_fold1_seed20261005,M1,1,20261005,26,0.0,0.2350966415654603,0.05527043087535852,0.0
M1_fold1_seed20261005,M1,1,20261005,27,0.0,0.23190955048947956,0.053782039608232475,0.0
M1_fold1_seed20261005,M1,1,20261005,28,0.0,0.24222744367280202,0.058674134468260475,0.0
M1_fold1_seed20261005,M1,1,20261005,29,0.0,0.23604223115027345,0.05571593488639912,0.0
M1_fold1_seed20261005,M1,1,20261005,30,0.0,0.2599273271780775,0.06756221541393935,0.0
M1_fold1_seed20261005,M1,1,20261005,31,0.0,0.2837013077873071,0.08048643204022839,0.0
M1_fold1_seed20261005,M1,1,20261005,32,0.0,0.2438369727065917,0.05945646925871513,0.0
M1_fold1_seed20261005,M1,1,20261005,33,0.0,0.22795870462044307,0.051965171012230416,0.0
M1_fold1_seed20261005,M1,1,20261005,34,0.0,0.26406503549937405,0.06973034297328569,0.0
M1_fold1_seed20261005,M1,1,20261005,35,0.0,0.27994182577618554,0.07836742581890421,0.0
M1_fold1_seed20261005,M1,1,20261005,36,0.0,0.26842450677652224,0.07205171583821925,0.0
M1_fold1_seed20261005,M1,1,20261005,37,0.0,0.206430272545593,0.042613457423247805,0.0
M1_fold1_seed20261005,M1,1,20261005,38,0.0,0.1945033869419178,0.0378315675318774,0.0
M1_fold1_seed20261006,M1,1,20261006,26,0.0,0.43196827111819036,0.18659658725283843,0.0
M1_fold1_seed20261006,M1,1,20261006,27,0.0,0.4158144713494063,0.17290167458358624,0.0
M1_fold1_seed20261006,M1,1,20261006,28,0.0,0.39778178821955795,0.1582303510391493,0.0
M1_fold1_seed20261006,M1,1,20261006,29,0.0,0.4015888157700914,0.16127357695162442,0.0
M1_fold1_seed20261006,M1,1,20261006,30,0.0,0.398762843532558,0.1590118053821713,0.0
M1_fold1_seed20261006,M1,1,20261006,31,0.0,0.4003277348101743,0.16026229525824526,0.0
M1_fold1_seed20261006,M1,1,20261006,32,0.0,0.44142288706108646,0.1948541652213447,0.0
M1_fold1_seed20261006,M1,1,20261006,33,0.0,0.4145918796610225,0.17188642668085977,0.0
M1_fold1_seed20261006,M1,1,20261006,34,0.0,0.413144104079292,0.17068805073548088,0.0
M1_fold1_seed20261006,M1,1,20261006,35,0.0,0.40065872629672167,0.1605274149577113,0.0
M1_fold1_seed20261006,M1,1,20261006,36,0.0,0.3791780070715168,0.14377596104672719,0.0
M1_fold1_seed20261006,M1,1,20261006,37,0.0,0.32429004350916407,0.10516403231917551,0.0
M1_fold1_seed20261006,M1,1,20261006,38,0.0,0.287600565315828,0.08271408516998385,0.0
M1_fold2_seed20261002,M1,2,20261002,39,0.0,0.21026231995595915,0.04421024319326213,0.0
M1_fold2_seed20261002,M1,2,20261002,40,0.0,0.22274607727063672,0.04961581493945645,0.0
M1_fold2_seed20261002,M1,2,20261002,41,0.0,0.2162552245213895,0.0467663221327966,0.0
M1_fold2_seed20261002,M1,2,20261002,42,0.0,0.22694250036564823,0.05150289847221225,0.0
M1_fold2_seed20261002,M1,2,20261002,43,0.0,0.20023340833822564,0.04009341781474261,0.0
M1_fold2_seed20261002,M1,2,20261002,44,0.0,0.22497266337631686,0.05061269926663357,0.0
M1_fold2_seed20261002,M1,2,20261002,45,0.0,0.2408570652777852,0.05801212589422727,0.0
M1_fold2_seed20261002,M1,2,20261002,46,0.0,0.22152969773981496,0.049075406980693764,0.0
M1_fold2_seed20261002,M1,2,20261002,47,0.0,0.24151790846408674,0.058330900108866976,0.0
M1_fold2_seed20261002,M1,2,20261002,48,0.0,0.2128615989618309,0.04531006031258733,0.0
M1_fold2_seed20261002,M1,2,20261002,49,0.0,0.26812623479694253,0.07189167778638515,0.0
M1_fold2_seed20261002,M1,2,20261002,50,0.0,0.28491532508665873,0.08117674246923642,0.0
M1_fold2_seed20261002,M1,2,20261002,51,0.0,0.2793306584460023,0.07802561674787718,0.0
M1_fold2_seed20261003,M1,2,20261003,39,0.0,0.2584098421421607,0.0667756465159364,0.0
M1_fold2_seed20261003,M1,2,20261003,40,0.0,0.2670400702548071,0.07131039912169229,0.0
M1_fold2_seed20261003,M1,2,20261003,41,0.0,0.270267502312099,0.07304452280602046,0.0
M1_fold2_seed20261003,M1,2,20261003,42,0.0,0.2668466392767984,0.07120712889332177,0.0
M1_fold2_seed20261003,M1,2,20261003,43,0.0,0.2584003389122713,0.06677073514997668,0.0
M1_fold2_seed20261003,M1,2,20261003,44,0.0,0.30176228125084925,0.09106047438571664,0.0
M1_fold2_seed20261003,M1,2,20261003,45,0.0,0.28298247035778284,0.08007907852979343,0.0
M1_fold2_seed20261003,M1,2,20261003,46,0.0,0.2585109194237164,0.0668278954612952,0.0
M1_fold2_seed20261003,M1,2,20261003,47,0.0,0.2736218103907522,0.07486889512151274,0.0
M1_fold2_seed20261003,M1,2,20261003,48,0.0,0.26694105754441527,0.07125752820293084,0.0
M1_fold2_seed20261003,M1,2,20261003,49,0.0,0.3017872110661457,0.09107552076308237,0.0
M1_fold2_seed20261003,M1,2,20261003,50,0.0,0.2944818177135964,0.0867195409639038,0.0
M1_fold2_seed20261003,M1,2,20261003,51,0.0,0.25812820006904313,0.06663016767088396,0.0
M1_fold2_seed20261004,M1,2,20261004,39,0.0,0.1979879541022825,0.039199229969607535,0.0
M1_fold2_seed20261004,M1,2,20261004,40,0.0,0.216413751858319,0.04683491199339407,0.0
M1_fold2_seed20261004,M1,2,20261004,41,0.0,0.21618463781183986,0.04673579762583637,0.0
M1_fold2_seed20261004,M1,2,20261004,42,0.0,0.21858404979644924,0.04777898682541661,0.0
M1_fold2_seed20261004,M1,2,20261004,43,0.0,0.2166201006807977,0.04692426801895894,0.0
M1_fold2_seed20261004,M1,2,20261004,44,0.0,0.24388245192838232,0.05947865035859971,0.0
M1_fold2_seed20261004,M1,2,20261004,45,0.0,0.21094244827725486,0.044496716485202335,0.0
M1_fold2_seed20261004,M1,2,20261004,46,0.0,0.1926389339441294,0.03710975887113066,0.0
M1_fold2_seed20261004,M1,2,20261004,47,0.0,0.23151194000599468,0.053597778365339264,0.0
M1_fold2_seed20261004,M1,2,20261004,48,0.0,0.23794938883642022,0.05661991164762591,0.0
M1_fold2_seed20261004,M1,2,20261004,49,0.0,0.28361129593820533,0.08043536718374829,0.0
M1_fold2_seed20261004,M1,2,20261004,50,0.0,0.27748016342300263,0.07699524109325626,0.0
M1_fold2_seed20261004,M1,2,20261004,51,0.0,0.2513740953615442,0.06318893581883472,0.0
M1_fold2_seed20261005,M1,2,20261005,39,0.0,0.19072310532574424,0.03637530290509493,0.0
M1_fold2_seed20261005,M1,2,20261005,40,0.0,0.20354120544517468,0.04142902231407479,0.0
M1_fold2_seed20261005,M1,2,20261005,41,0.0,0.2120890032819406,0.04498174531312701,0.0
M1_fold2_seed20261005,M1,2,20261005,42,0.0,0.21289807321743498,0.04532558957969632,0.0
M1_fold2_seed20261005,M1,2,20261005,43,0.0,0.21975570719668117,0.04829257084551346,0.0
M1_fold2_seed20261005,M1,2,20261005,44,0.0,0.26219810966326873,0.06874784871099149,0.0
M1_fold2_seed20261005,M1,2,20261005,45,0.0,0.19538904948678348,0.038176880659348725,0.0
M1_fold2_seed20261005,M1,2,20261005,46,0.0,0.187387698959462,0.03511414972132197,0.0
M1_fold2_seed20261005,M1,2,20261005,47,0.0,0.24200294713327652,0.05856542642119143,0.0
M1_fold2_seed20261005,M1,2,20261005,48,0.0,0.23975787013049346,0.057483836289510565,0.0
M1_fold2_seed20261005,M1,2,20261005,49,0.0,0.2776020921095416,0.07706292154359445,0.0
M1_fold2_seed20261005,M1,2,20261005,50,0.0,0.23962300398071357,0.05741918403674107,0.0
M1_fold2_seed20261005,M1,2,20261005,51,0.0,0.22631940766854966,0.05122047428744317,0.0
M1_fold2_seed20261006,M1,2,20261006,39,0.0,0.3139509521286344,0.09856520034247607,0.0
M1_fold2_seed20261006,M1,2,20261006,40,0.0,0.2949469983822348,0.08699373185469003,0.0
M1_fold2_seed20261006,M1,2,20261006,41,0.0,0.29468455305787866,0.0868389858109217,0.0
M1_fold2_seed20261006,M1,2,20261006,42,0.0,0.2813340540536542,0.07914884997026442,0.0
M1_fold2_seed20261006,M1,2,20261006,43,0.0,0.266563814933199,0.07105626743174076,0.0
M1_fold2_seed20261006,M1,2,20261006,44,0.0,0.29949599868002313,0.08969785322534443,0.0
M1_fold2_seed20261006,M1,2,20261006,45,0.0,0.32467029763415606,0.10541080216585147,0.0
M1_fold2_seed20261006,M1,2,20261006,46,0.0,0.2970891331164986,0.08826195301591264,0.0
M1_fold2_seed20261006,M1,2,20261006,47,0.0,0.2933814488714755,0.08607267454192617,0.0
M1_fold2_seed20261006,M1,2,20261006,48,0.0,0.2816380363870975,0.07931998353998006,0.0
M1_fold2_seed20261006,M1,2,20261006,49,0.0,0.3264189945811375,0.10654936002336068,0.0
M1_fold2_seed20261006,M1,2,20261006,50,0.0,0.3210544850836777,0.10307598239234539,0.0
M1_fold2_seed20261006,M1,2,20261006,51,0.0,0.27106912130411664,0.07347846852458591,0.0
M1_fold3_seed20261002,M1,3,20261002,52,0.0,0.0779963253029663,0.0060834267607661405,0.0
M1_fold3_seed20261002,M1,3,20261002,53,0.0,0.06931784671381129,0.0048049638730394365,0.0
M1_fold3_seed20261002,M1,3,20261002,54,0.0,0.06675449439786917,0.0044561625223151465,0.0
M1_fold3_seed20261002,M1,3,20261002,55,0.0,0.06470210839492409,0.0041863628307485055,0.0
M1_fold3_seed20261002,M1,3,20261002,56,0.0,0.0494839423212094,0.0024486605476487814,0.0
M1_fold3_seed20261002,M1,3,20261002,57,0.0,0.05615242148594828,0.003153094438735584,0.0
M1_fold3_seed20261002,M1,3,20261002,58,0.0,0.08077403408497826,0.006524444582361232,0.0
M1_fold3_seed20261002,M1,3,20261002,59,0.0,0.07548295234985064,0.005697676095449819,0.0
M1_fold3_seed20261003,M1,3,20261003,52,0.0,0.10368898440284906,0.01075140548649427,0.0
M1_fold3_seed20261003,M1,3,20261003,53,0.0,0.08559539880946813,0.007326572297351896,0.0
M1_fold3_seed20261003,M1,3,20261003,54,0.0,0.09564894821214881,0.00914872129409032,0.0
M1_fold3_seed20261003,M1,3,20261003,55,0.0,0.08448058267724162,0.007136968849486261,0.0
M1_fold3_seed20261003,M1,3,20261003,56,0.0,0.07332882968751436,0.005377117263340484,0.0
M1_fold3_seed20261003,M1,3,20261003,57,0.0,0.08812298554452003,0.007765660581279686,0.0
M1_fold3_seed20261003,M1,3,20261003,58,0.0,0.11869899183090893,0.014089450661674184,0.0
M1_fold3_seed20261003,M1,3,20261003,59,0.0,0.09219362470438396,0.008499664436132797,0.0
M1_fold3_seed20261004,M1,3,20261004,52,0.0,0.07203375568142088,0.005188861957570637,0.0
M1_fold3_seed20261004,M1,3,20261004,53,0.0,0.06089774277375236,0.0037085350749381085,0.0
M1_fold3_seed20261004,M1,3,20261004,54,0.0,0.06486347143769407,0.004207269926948557,0.0
M1_fold3_seed20261004,M1,3,20261004,55,0.0,0.057783124070053524,0.003338889427295197,0.0
M1_fold3_seed20261004,M1,3,20261004,56,0.0,0.049821631587457775,0.0024821949740363707,0.0
M1_fold3_seed20261004,M1,3,20261004,57,0.0,0.05661842707128739,0.003205646284026689,0.0
M1_fold3_seed20261004,M1,3,20261004,58,0.0,0.0858628492838044,0.007372428887133308,0.0
M1_fold3_seed20261004,M1,3,20261004,59,0.0,0.06476202515446479,0.004194119902107532,0.0
M1_fold3_seed20261005,M1,3,20261005,52,0.0,0.06669850524678342,0.004448690602155197,0.0
M1_fold3_seed20261005,M1,3,20261005,53,0.0,0.052992001531977834,0.0028081522263651397,0.0
M1_fold3_seed20261005,M1,3,20261005,54,0.0,0.058407751545375405,0.0034114654405863008,0.0
M1_fold3_seed20261005,M1,3,20261005,55,0.0,0.050455951594879825,0.0025458030513448556,0.0
M1_fold3_seed20261005,M1,3,20261005,56,0.0,0.04260014057854403,0.0018147719773117122,0.0
M1_fold3_seed20261005,M1,3,20261005,57,0.0,0.0582567520095848,0.0033938491547062626,0.0
M1_fold3_seed20261005,M1,3,20261005,58,0.0,0.07602607559279703,0.005779964170041691,0.0
M1_fold3_seed20261005,M1,3,20261005,59,0.0,0.06053984411970506,0.003665072726038186,0.0
M1_fold3_seed20261006,M1,3,20261006,52,0.0,0.1303058863407182,0.01697962401504018,0.0
M1_fold3_seed20261006,M1,3,20261006,53,0.0,0.09386693288151998,0.008811001088583783,0.0
M1_fold3_seed20261006,M1,3,20261006,54,0.0,0.1021893299033817,0.01044265914610218,0.0
M1_fold3_seed20261006,M1,3,20261006,55,0.0,0.08593237699167679,0.0073843734154396615,0.0
M1_fold3_seed20261006,M1,3,20261006,56,0.0,0.06854651943821198,0.004698625327093173,0.0
M1_fold3_seed20261006,M1,3,20261006,57,0.0,0.07252354846777147,0.005259665082357194,0.0
M1_fold3_seed20261006,M1,3,20261006,58,0.0,0.13146976208964825,0.01728429834390871,0.0
M1_fold3_seed20261006,M1,3,20261006,59,0.0,0.10886987275705133,0.011852649194136543,0.0
M1_fold4_seed20261002,M1,4,20261002,60,0.0,0.08693011235671284,0.007556844434350722,0.0
M1_fold4_seed20261002,M1,4,20261002,61,0.0,0.08263205732109319,0.006828056897116435,0.0
M1_fold4_seed20261002,M1,4,20261002,62,0.0,0.07940868451908688,0.006305739177051869,0.0
M1_fold4_seed20261002,M1,4,20261002,63,0.0,0.08225223498314055,0.006765430159721765,0.0
M1_fold4_seed20261002,M1,4,20261002,64,0.0,0.06433692994361567,0.004139240554569708,0.0
M1_fold4_seed20261002,M1,4,20261002,65,0.0,0.06409284298247804,0.004107892521576588,0.0
M1_fold4_seed20261002,M1,4,20261002,66,0.0,0.08475846561574035,0.007183997493534634,0.0
M1_fold4_seed20261002,M1,4,20261002,67,0.0,0.0892370482428929,0.007963250779104397,0.0
M1_fold4_seed20261003,M1,4,20261003,60,0.0,0.09683428728594215,0.009376879194176374,0.0
M1_fold4_seed20261003,M1,4,20261003,61,0.0,0.08820983215325576,0.007780974488505551,0.0
M1_fold4_seed20261003,M1,4,20261003,62,0.0,0.09590423832147238,0.009197622928021766,0.0
M1_fold4_seed20261003,M1,4,20261003,63,0.0,0.08967969937801766,0.008042448480531622,0.0
M1_fold4_seed20261003,M1,4,20261003,64,0.0,0.07376973923808766,0.005441974427255447,0.0
M1_fold4_seed20261003,M1,4,20261003,65,0.0,0.07891150102292736,0.006227024993691464,0.0
M1_fold4_seed20261003,M1,4,20261003,66,0.0,0.09837913108894955,0.009678453433816722,0.0
M1_fold4_seed20261003,M1,4,20261003,67,0.0,0.09735406259700322,0.009477813504141216,0.0
M1_fold4_seed20261004,M1,4,20261004,60,0.0,0.06985442023112035,0.0048796400258259535,0.0
M1_fold4_seed20261004,M1,4,20261004,61,0.0,0.061863808024779685,0.0038271307433267927,0.0
M1_fold4_seed20261004,M1,4,20261004,62,0.0,0.06485710863938035,0.004206444541060383,0.0
M1_fold4_seed20261004,M1,4,20261004,63,0.0,0.06021669189292451,0.0036260499825274033,0.0
M1_fold4_seed20261004,M1,4,20261004,64,0.0,0.04889960954739871,0.0023911718138880465,0.0
M1_fold4_seed20261004,M1,4,20261004,65,0.0,0.05054631289758046,0.00255492974754011,0.0
M1_fold4_seed20261004,M1,4,20261004,66,0.0,0.07014565696155582,0.004920413190568265,0.0
M1_fold4_seed20261004,M1,4,20261004,67,0.0,0.06782009946009017,0.004599565890776522,0.0
M1_fold4_seed20261005,M1,4,20261005,60,0.0,0.05378190228311878,0.0028924930131909348,0.0
M1_fold4_seed20261005,M1,4,20261005,61,0.0,0.044562145983209886,0.001985784854628907,0.0
M1_fold4_seed20261005,M1,4,20261005,62,0.0,0.047867811171114494,0.0022913273463134737,0.0
M1_fold4_seed20261005,M1,4,20261005,63,0.0,0.042573650579724565,0.0018125157236844793,0.0
M1_fold4_seed20261005,M1,4,20261005,64,0.0,0.033370531211530254,0.0011135923533397137,0.0
M1_fold4_seed20261005,M1,4,20261005,65,0.0,0.03880880975648932,0.0015061237147153826,0.0
M1_fold4_seed20261005,M1,4,20261005,66,0.0,0.05512561106035009,0.0030388329947769917,0.0
M1_fold4_seed20261005,M1,4,20261005,67,0.0,0.050640724427571296,0.0025644829705492155,0.0
M1_fold4_seed20261006,M1,4,20261006,60,0.0,0.12932136854649776,0.016724016362739104,0.0
M1_fold4_seed20261006,M1,4,20261006,61,0.0,0.10408561779119382,0.010833815830974487,0.0
M1_fold4_seed20261006,M1,4,20261006,62,0.0,0.11243553958356395,0.01264175056144717,0.0
M1_fold4_seed20261006,M1,4,20261006,63,0.0,0.09959934604894131,0.009920029733376759,0.0
M1_fold4_seed20261006,M1,4,20261006,64,0.0,0.07475256149207504,0.005587945449626456,0.0
M1_fold4_seed20261006,M1,4,20261006,65,0.0,0.06650616494895335,0.004423069976217391,0.0
M1_fold4_seed20261006,M1,4,20261006,66,0.0,0.11699529154003191,0.013687898242537057,0.0
M1_fold4_seed20261006,M1,4,20261006,67,0.0,0.1237172341629484,0.015305954028929812,0.0
M2_fold1_seed20261002,M2,1,20261002,26,0.012453920494171565,0.348996454509567,0.12308927432576121,0.41731658763759744
M2_fold1_seed20261002,M2,1,20261002,27,0.01384875958951878,0.37887232111367447,0.143758575561914,0.4916154239733133
M2_fold1_seed20261002,M2,1,20261002,28,0.015343230048819368,0.4002088001930474,0.15954755836768486,0.47879162120520913
M2_fold1_seed20261002,M2,1,20261002,29,0.015542492776726114,0.4130506110883014,0.16953626204435684,0.4809851554155349
M2_fold1_seed20261002,M2,1,20261002,30,0.015542492776726114,0.4211384276710123,0.17602075036641832,0.4333094278013812
M2_fold1_seed20261002,M2,1,20261002,31,0.015642124140679486,0.42455340260385854,0.17871090476391316,0.4666884995938128
M2_fold1_seed20261002,M2,1,20261002,32,0.017335857327886818,0.4287497946014146,0.18163273700159482,0.543519632349876
M2_fold1_seed20261002,M2,1,20261002,33,0.018033276875560427,0.4314567645180487,0.18377560383408661,0.5592189502417859
M2_fold1_seed20261002,M2,1,20261002,34,0.016140280960446347,0.4320566029676193,0.18493966746630996,0.4198529533200334
M2_fold1_seed20261002,M2,1,20261002,35,0.0170369632360267,0.4317797139264645,0.18431818588378404,0.4905034934367936
M2_fold1_seed20261002,M2,1,20261002,36,0.016837700508119956,0.4297674016716734,0.1827715922882665,0.49261059649865413
M2_fold1_seed20261002,M2,1,20261002,37,0.016837700508119956,0.42951546734706414,0.18263128255141947,0.43782886452965364
M2_fold1_seed20261002,M2,1,20261002,38,0.016040649596492977,0.43447260090255363,0.18712728497068756,0.4263505485956114
M2_fold1_seed20261003,M2,1,20261003,26,0.012453920494171565,0.44881824776091056,0.2014805468082456,0.25569980076549803
M2_fold1_seed20261003,M2,1,20261003,27,0.01384875958951878,0.4458283199776378,0.19834737900416932,0.2646907623101585
M2_fold1_seed20261003,M2,1,20261003,28,0.015343230048819368,0.4512502552811918,0.2026364581654008,0.25180495478041875
M2_fold1_seed20261003,M2,1,20261003,29,0.015542492776726114,0.45783323665946607,0.20829352369676987,0.24272671100802454
M2_fold1_seed20261003,M2,1,20261003,30,0.015542492776726114,0.46462171863883744,0.2142982307172309,0.23966207061470687
M2_fold1_seed20261003,M2,1,20261003,31,0.015642124140679486,0.4713182892153241,0.22048740104498252,0.22419752727161252
M2_fold1_seed20261003,M2,1,20261003,32,0.017335857327886818,0.47815567809137566,0.22648557672776795,0.24361235477099827
M2_fold1_seed20261003,M2,1,20261003,33,0.018033276875560427,0.4834419569955567,0.23135920704613339,0.24321918432166006
M2_fold1_seed20261003,M2,1,20261003,34,0.016140280960446347,0.4884858648390105,0.23644729438311016,0.223239440242052
M2_fold1_seed20261003,M2,1,20261003,35,0.0170369632360267,0.4917160921301798,0.2393193034062141,0.23439512362691606
M2_fold1_seed20261003,M2,1,20261003,36,0.016837700508119956,0.4936462080603545,0.24129096895087168,0.22233459342892745
M2_fold1_seed20261003,M2,1,20261003,37,0.016837700508119956,0.496574809237503,0.2441494957063929,0.22046848043334377
M2_fold1_seed20261003,M2,1,20261003,38,0.016040649596492977,0.49844705487268837,0.24614319564666823,0.21596822439117985
M2_fold1_seed20261004,M2,1,20261004,26,0.012453920494171565,0.29645906686802703,0.09135197476085662,0.2541680513309445
M2_fold1_seed20261004,M2,1,20261004,27,0.01384875958951878,0.31144472479051316,0.09979292457019967,0.2486780843553077
M2_fold1_seed20261004,M2,1,20261004,28,0.015343230048819368,0.3327236394810575,0.11258308362095742,0.23910167595322496
M2_fold1_seed20261004,M2,1,20261004,29,0.015542492776726114,0.353944312339463,0.12634973881610576,0.24038715398756338
M2_fold1_seed20261004,M2,1,20261004,30,0.015542492776726114,0.37256867532018206,0.13928852092001778,0.2263501942412484
M2_fold1_seed20261004,M2,1,20261004,31,0.015642124140679486,0.3892090757284035,0.1514451858195203,0.23052574533601683
M2_fold1_seed20261004,M2,1,20261004,32,0.017335857327886818,0.40388504790876184,0.162113644212136,0.25213695202580133
M2_fold1_seed20261004,M2,1,20261004,33,0.018033276875560427,0.4160389133184134,0.1715966495268699,0.25392742881335345
M2_fold1_seed20261004,M2,1,20261004,34,0.016140280960446347,0.4272705300879035,0.18133573668905711,0.22028129545719816
M2_fold1_seed20261004,M2,1,20261004,35,0.0170369632360267,0.43603773352981917,0.18834144547071757,0.23634035924194874
M2_fold1_seed20261004,M2,1,20261004,36,0.016837700508119956,0.44335282711815627,0.19470823272094098,0.22671634794329495
M2_fold1_seed20261004,M2,1,20261004,37,0.016837700508119956,0.44922970364960374,0.19983829612077297,0.22063724152173364
M2_fold1_seed20261004,M2,1,20261004,38,0.016040649596492977,0.4543193325840416,0.20457519536595153,0.21882197888655386
M2_fold1_seed20261005,M2,1,20261005,26,0.012453920494171565,0.2207477257337663,0.053167807784794206,0.3031023539403984
M2_fold1_seed20261005,M2,1,20261005,27,0.01384875958951878,0.24122369545001915,0.06225923000078012,0.3074540312029317
M2_fold1_seed20261005,M2,1,20261005,28,0.015343230048819368,0.26034249171737295,0.07151731917379775,0.2824838111921476
M2_fold1_seed20261005,M2,1,20261005,29,0.015542492776726114,0.27678972539362623,0.07995903004879194,0.2893763113428047
M2_fold1_seed20261005,M2,1,20261005,30,0.015542492776726114,0.28938307571317634,0.08681689796808247,0.27215476750305867
M2_fold1_seed20261005,M2,1,20261005,31,0.015642124140679486,0.29814099782889636,0.09175770506860904,0.2780416333579952
M2_fold1_seed20261005,M2,1,20261005,32,0.017335857327886818,0.30405333740758794,0.09466654958283895,0.32356155521628327
M2_fold1_seed20261005,M2,1,20261005,33,0.018033276875560427,0.30790750785877324,0.09687382782023694,0.33491175777292403
M2_fold1_seed20261005,M2,1,20261005,34,0.016140280960446347,0.3108793227643926,0.09919664841882204,0.29178557676016753
M2_fold1_seed20261005,M2,1,20261005,35,0.0170369632360267,0.31234471011838066,0.09984503687163063,0.31176075184890045
M2_fold1_seed20261005,M2,1,20261005,36,0.016837700508119956,0.3130408346751968,0.10046011485570734,0.31093765445218063
M2_fold1_seed20261005,M2,1,20261005,37,0.016837700508119956,0.31218347440905514,0.10012462823162932,0.3103291336138077
M2_fold1_seed20261005,M2,1,20261005,38,0.016040649596492977,0.3121195622298326,0.10052760309809672,0.2745889868517111
M2_fold1_seed20261006,M2,1,20261006,26,0.012453920494171565,0.34045091597700955,0.11824496253608292,0.32324951752058395
M2_fold1_seed20261006,M2,1,20261006,27,0.01384875958951878,0.37251031351926966,0.14013255334049185,0.3545024595339974
M2_fold1_seed20261006,M2,1,20261006,28,0.015343230048819368,0.3960546685147778,0.1573687499933033,0.32797102459433813
M2_fold1_seed20261006,M2,1,20261006,29,0.015542492776726114,0.4141551422374449,0.1713407779186807,0.369637777575833
M2_fold1_seed20261006,M2,1,20261006,30,0.015542492776726114,0.4257206473222693,0.18067755671814986,0.32995005063935623
M2_fold1_seed20261006,M2,1,20261006,31,0.015642124140679486,0.4347522845301314,0.1880903796323181,0.3382107587165253
M2_fold1_seed20261006,M2,1,20261006,32,0.017335857327886818,0.44095621057780116,0.19284969482683828,0.39507573244086636
M2_fold1_seed20261006,M2,1,20261006,33,0.018033276875560427,0.44455532626105054,0.19572152128149364,0.4026061698250624
M2_fold1_seed20261006,M2,1,20261006,34,0.016140280960446347,0.4439762047460018,0.19551053716902098,0.34203620648273964
M2_fold1_seed20261006,M2,1,20261006,35,0.0170369632360267,0.4436900245934614,0.19496927135266992,0.3533161673311239
M2_fold1_seed20261006,M2,1,20261006,36,0.016837700508119956,0.44354782340775745,0.19488039614017838,0.3609444553996196
M2_fold1_seed20261006,M2,1,20261006,37,0.016837700508119956,0.4446653769193481,0.19578840683751808,0.35380188335904994
M2_fold1_seed20261006,M2,1,20261006,38,0.016040649596492977,0.44432653433073227,0.19566809106739666,0.36094420888274015
M2_fold2_seed20261002,M2,2,20261002,39,0.01693733187207333,0.2116678708626496,0.05168883165968516,0.3174823226429228
M2_fold2_seed20261002,M2,2,20261002,40,0.016738069144166583,0.2280514634116861,0.05771864667979688,0.3499322504201159
M2_fold2_seed20261002,M2,2,20261002,41,0.016837700508119956,0.23867437265314015,0.06233220360911926,0.3379401864901251
M2_fold2_seed20261002,M2,2,20261002,42,0.02251668825346219,0.24415512090891733,0.06488244720137873,0.4616614172922853
M2_fold2_seed20261002,M2,2,20261002,43,0.018631065059280662,0.24809207487664545,0.06721446230137992,0.31887981033019036
M2_fold2_seed20261002,M2,2,20261002,44,0.01902959051509415,0.24881393229747142,0.06741944072799709,0.363387499748564
M2_fold2_seed20261002,M2,2,20261002,45,0.01773438278370031,0.2489612219541513,0.0680675783625162,0.3257804366810728
M2_fold2_seed20261002,M2,2,20261002,46,0.017236225963933448,0.25409084650532865,0.07065909826802604,0.3345185272791643
M2_fold2_seed20261002,M2,2,20261002,47,0.02012553551858125,0.25477583261272885,0.07111516249470055,0.35588353674145534
M2_fold2_seed20261002,M2,2,20261002,48,0.019228853243000898,0.2585490442780087,0.07341766033904365,0.34284498810129654
M2_fold2_seed20261002,M2,2,20261002,49,0.019527747334861015,0.258035105000515,0.07346100665163884,0.3327637916976714
M2_fold2_seed20261002,M2,2,20261002,50,0.018631065059280662,0.2574368227883635,0.07409583297625885,0.28326809159444954
M2_fold2_seed20261002,M2,2,20261002,51,0.01464581050114576,0.259975078296362,0.07673741144896254,0.22861385982134125
M2_fold2_seed20261003,M2,2,20261003,39,0.01693733187207333,0.35861208706208797,0.13109861535283185,0.21338864497133417
M2_fold2_seed20261003,M2,2,20261003,40,0.016738069144166583,0.3623033039409952,0.13299490883225737,0.24000945357839507
M2_fold2_seed20261003,M2,2,20261003,41,0.016837700508119956,0.37233437814218123,0.14011296892364183,0.2119379252629416
M2_fold2_seed20261003,M2,2,20261003,42,0.02251668825346219,0.3835635353519231,0.14685735723404733,0.29249065543207203
M2_fold2_seed20261003,M2,2,20261003,43,0.018631065059280662,0.3955145770058167,0.15671020378665831,0.2103778532520272
M2_fold2_seed20261003,M2,2,20261003,44,0.01902959051509415,0.40263756191332045,0.1619408236819892,0.21736675737396968
M2_fold2_seed20261003,M2,2,20261003,45,0.01773438278370031,0.4088865490315779,0.1673612360284858,0.19858630809866562
M2_fold2_seed20261003,M2,2,20261003,46,0.017236225963933448,0.4222348622758793,0.17810057498906903,0.20204598281034702
M2_fold2_seed20261003,M2,2,20261003,47,0.02012553551858125,0.42984997820761267,0.1836762620136948,0.21056443152314036
M2_fold2_seed20261003,M2,2,20261003,48,0.019228853243000898,0.43847149913439065,0.1911285791153788,0.20145475184346276
M2_fold2_seed20261003,M2,2,20261003,49,0.019527747334861015,0.4357897801224549,0.18902149889903164,0.20454889485044866
M2_fold2_seed20261003,M2,2,20261003,50,0.018631065059280662,0.43204263087257194,0.18673226331429124,0.1932580230961253
M2_fold2_seed20261003,M2,2,20261003,51,0.01464581050114576,0.43185785395282084,0.18868535414986948,0.14087571331869034
M2_fold2_seed20261004,M2,2,20261004,39,0.01693733187207333,0.09184115763318314,0.021050852275935242,0.18437207746362952
M2_fold2_seed20261004,M2,2,20261004,40,0.016738069144166583,0.09805741745599653,0.020356713860745262,0.2442958972266803
M2_fold2_seed20261004,M2,2,20261004,41,0.016837700508119956,0.10663493001763923,0.021319234556112662,0.22905998700383132
M2_fold2_seed20261004,M2,2,20261004,42,0.02251668825346219,0.11537676467953746,0.02410083363553961,0.31411874999658496
M2_fold2_seed20261004,M2,2,20261004,43,0.018631065059280662,0.12320620949002438,0.025805489810808355,0.2190485099887842
M2_fold2_seed20261004,M2,2,20261004,44,0.01902959051509415,0.1301992681653037,0.027924863035792932,0.2300455816371675
M2_fold2_seed20261004,M2,2,20261004,45,0.01773438278370031,0.13611059753701574,0.030596430337113796,0.2046451407887264
M2_fold2_seed20261004,M2,2,20261004,46,0.017236225963933448,0.14109257733179273,0.03287156241045557,0.20467286217203157
M2_fold2_seed20261004,M2,2,20261004,47,0.02012553551858125,0.14599113274710204,0.03487202812873157,0.2134263720621605
M2_fold2_seed20261004,M2,2,20261004,48,0.019228853243000898,0.15007268035744492,0.03705053731643618,0.20315835198158247
M2_fold2_seed20261004,M2,2,20261004,49,0.019527747334861015,0.15318040962884713,0.0388641851774887,0.20048823139016048
M2_fold2_seed20261004,M2,2,20261004,50,0.018631065059280662,0.15570881133888997,0.04103421792345292,0.1868649163061751
M2_fold2_seed20261004,M2,2,20261004,51,0.01464581050114576,0.15705853923074928,0.043939419974479164,0.13849694160743437
M2_fold2_seed20261005,M2,2,20261005,39,0.01693733187207333,0.05673250504983741,0.01665688858370232,0.2803710318722076
M2_fold2_seed20261005,M2,2,20261005,40,0.016738069144166583,0.05957388373961173,0.015662984807337868,0.2973130352665241
M2_fold2_seed20261005,M2,2,20261005,41,0.016837700508119956,0.06304124270770729,0.015313398219608124,0.3038432959118013
M2_fold2_seed20261005,M2,2,20261005,42,0.02251668825346219,0.06675307306760776,0.017874457406808517,0.42742333728788784
M2_fold2_seed20261005,M2,2,20261005,43,0.018631065059280662,0.07068837023212383,0.016438698585339286,0.2858627156639906
M2_fold2_seed20261005,M2,2,20261005,44,0.01902959051509415,0.07429120087767255,0.016691989761469996,0.3151427204300891
M2_fold2_seed20261005,M2,2,20261005,45,0.01773438278370031,0.07760613560986288,0.01693359733962735,0.2796694568271299
M2_fold2_seed20261005,M2,2,20261005,46,0.017236225963933448,0.08056737605119027,0.017440321457869827,0.29892207785500274
M2_fold2_seed20261005,M2,2,20261005,47,0.02012553551858125,0.08331465041376526,0.018912461545786168,0.3123385391746616
M2_fold2_seed20261005,M2,2,20261005,48,0.019228853243000898,0.08655811899510193,0.019772184079212964,0.2838417113071427
M2_fold2_seed20261005,M2,2,20261005,49,0.019527747334861015,0.08887450763145724,0.02078243773702676,0.26839985281722045
M2_fold2_seed20261005,M2,2,20261005,50,0.018631065059280662,0.0910556901323566,0.02208991763946845,0.22583469979836945
M2_fold2_seed20261005,M2,2,20261005,51,0.01464581050114576,0.09257311737383232,0.02329798185734861,0.1777956465334506
M2_fold2_seed20261006,M2,2,20261006,39,0.01693733187207333,0.1170026651044187,0.02461906292594008,0.30483132360387116
M2_fold2_seed20261006,M2,2,20261006,40,0.016738069144166583,0.12249615535812054,0.024710958841200628,0.30654316912304197
M2_fold2_seed20261006,M2,2,20261006,41,0.016837700508119956,0.12760433474171795,0.02530584544757751,0.2997205051431957
M2_fold2_seed20261006,M2,2,20261006,42,0.02251668825346219,0.1321313222320035,0.027825824397325543,0.3864832784959075
M2_fold2_seed20261006,M2,2,20261006,43,0.018631065059280662,0.13578893896147864,0.027609667206861987,0.29040114550145113
M2_fold2_seed20261006,M2,2,20261006,44,0.01902959051509415,0.1394783697237557,0.02860060141339538,0.2914068309530195
M2_fold2_seed20261006,M2,2,20261006,45,0.01773438278370031,0.14196937035056692,0.0293614734715683,0.2719006871861769
M2_fold2_seed20261006,M2,2,20261006,46,0.017236225963933448,0.14481611360380992,0.03048432210456107,0.26805906847439526
M2_fold2_seed20261006,M2,2,20261006,47,0.02012553551858125,0.1470761869077976,0.03157557959680704,0.3222088551731604
M2_fold2_seed20261006,M2,2,20261006,48,0.019228853243000898,0.14945452976735848,0.032813764106994166,0.295914336855851
M2_fold2_seed20261006,M2,2,20261006,49,0.019527747334861015,0.1517284320313509,0.03404156777675803,0.29122126454509
M2_fold2_seed20261006,M2,2,20261006,50,0.018631065059280662,0.15388299257898266,0.03551241135188666,0.2643552555536009
M2_fold2_seed20261006,M2,2,20261006,51,0.01464581050114576,0.15568404824705603,0.03744022994789976,0.19338486724454626
M2_fold3_seed20261002,M2,3,20261002,52,0.011656869582544586,0.04880456342707384,0.01239345110965228,0.14925183155823724
M2_fold3_seed20261002,M2,3,20261002,53,0.016638437780213212,0.05128937721719742,0.016278402993768,0.2205446117206087
M2_fold3_seed20261002,M2,3,20261002,54,0.02022516688253462,0.0533364301894554,0.018606383655671993,0.2931228111877119
M2_fold3_seed20261002,M2,3,20261002,55,0.01972701006276776,0.05607937907289409,0.018003127247586417,0.26157350551781244
M2_fold3_seed20261002,M2,3,20261002,56,0.014745441865099133,0.05871077851744271,0.014653397169828329,0.17257192059831616
M2_fold3_seed20261002,M2,3,20261002,57,0.016638437780213212,0.06114115999061812,0.015802266288073588,0.2279418350609075
M2_fold3_seed20261002,M2,3,20261002,58,0.016638437780213212,0.06385068027779583,0.015888816798833316,0.2199607626591115
M2_fold3_seed20261002,M2,3,20261002,59,0.022616319617415562,0.06641550828835521,0.019914787136294652,0.24016099859286516
M2_fold3_seed20261003,M2,3,20261003,52,0.011656869582544586,0.08292013204209923,0.016007787769179133,0.13266832421250582
M2_fold3_seed20261003,M2,3,20261003,53,0.016638437780213212,0.08552192929443408,0.01951020174855214,0.18949216752713555
M2_fold3_seed20261003,M2,3,20261003,54,0.02022516688253462,0.08892891377962386,0.021678426739921278,0.22061184893185914
M2_fold3_seed20261003,M2,3,20261003,55,0.01972701006276776,0.09283407269304635,0.021553143864074323,0.2025315531640769
M2_fold3_seed20261003,M2,3,20261003,56,0.014745441865099133,0.0969174625517194,0.01979305838325811,0.12819044078823655
M2_fold3_seed20261003,M2,3,20261003,57,0.016638437780213212,0.09934339493597293,0.021084801486482906,0.16268141785707335
M2_fold3_seed20261003,M2,3,20261003,58,0.016638437780213212,0.10130308189443497,0.021540921052063643,0.17066649075518697
M2_fold3_seed20261003,M2,3,20261003,59,0.022616319617415562,0.10379194033388355,0.02520280744608614,0.1882230719251312
M2_fold3_seed20261004,M2,3,20261004,52,0.011656869582544586,0.033797751711463576,0.011936285886518766,0.05973665375784237
M2_fold3_seed20261004,M2,3,20261004,53,0.016638437780213212,0.034555621898850856,0.016227914897123153,0.16959765437293312
M2_fold3_seed20261004,M2,3,20261004,54,0.02022516688253462,0.03589561440733933,0.018976874809736234,0.21118764177096208
M2_fold3_seed20261004,M2,3,20261004,55,0.01972701006276776,0.03761753885566516,0.018007578260778163,0.2154185526275655
M2_fold3_seed20261004,M2,3,20261004,56,0.014745441865099133,0.03995328267354878,0.013919016820918322,0.13632588208684224
M2_fold3_seed20261004,M2,3,20261004,57,0.016638437780213212,0.04284340502120795,0.014985661648146848,0.178079961051069
M2_fold3_seed20261004,M2,3,20261004,58,0.016638437780213212,0.04575669309183522,0.014863322300799306,0.18165698780959674
M2_fold3_seed20261004,M2,3,20261004,59,0.022616319617415562,0.048770201530218535,0.01952314079537602,0.19662441106060002
M2_fold3_seed20261005,M2,3,20261005,52,0.011656869582544586,0.020694267457643786,0.0113881360362569,0.13891187570859048
M2_fold3_seed20261005,M2,3,20261005,53,0.016638437780213212,0.021652560429001547,0.015741631221107957,0.21544775624389384
M2_fold3_seed20261005,M2,3,20261005,54,0.02022516688253462,0.02260208481382989,0.01859308115461843,0.3001461640887064
M2_fold3_seed20261005,M2,3,20261005,55,0.01972701006276776,0.023830841031121045,0.017785119802605134,0.29065045130682177
M2_fold3_seed20261005,M2,3,20261005,56,0.014745441865099133,0.02518339134339027,0.013389326728452049,0.19884219899840574
M2_fold3_seed20261005,M2,3,20261005,57,0.016638437780213212,0.026658837802862052,0.014638002013071732,0.24719358309960643
M2_fold3_seed20261005,M2,3,20261005,58,0.016638437780213212,0.0283250815103575,0.014387945397874422,0.24042935946030808
M2_fold3_seed20261005,M2,3,20261005,59,0.022616319617415562,0.030060774998897703,0.019020034477718432,0.277262371918474
M2_fold3_seed20261006,M2,3,20261006,52,0.011656869582544586,0.034414072469153935,0.011751375136846987,0.1854774630410872
M2_fold3_seed20261006,M2,3,20261006,53,0.016638437780213212,0.03559433194793137,0.015875206190005483,0.29572234288188065
M2_fold3_seed20261006,M2,3,20261006,54,0.02022516688253462,0.03691127678778996,0.018499223520968482,0.41546638287158827
M2_fold3_seed20261006,M2,3,20261006,55,0.01972701006276776,0.038282907805032206,0.017736865783410827,0.36447884383173784
M2_fold3_seed20261006,M2,3,20261006,56,0.014745441865099133,0.0398489490394784,0.013681857434855877,0.24357358946452606
M2_fold3_seed20261006,M2,3,20261006,57,0.016638437780213212,0.04148442154983915,0.01489251919218661,0.30232586318421534
M2_fold3_seed20261006,M2,3,20261006,58,0.016638437780213212,0.04318390490407131,0.014738075871744853,0.27906291183816057
M2_fold3_seed20261006,M2,3,20261006,59,0.022616319617415562,0.04504215120526927,0.01907391516067283,0.3349500134658228
M2_fold4_seed20261002,M2,4,20261002,60,0.02640231144764372,0.026057763475234693,0.025173616349690727,0.299080522151956
M2_fold4_seed20261002,M2,4,20261002,61,0.027099730995317328,0.02738471484597174,0.025259628694146247,0.36348763416476854
M2_fold4_seed20261002,M2,4,20261002,62,0.02879346418252466,0.028663340130217416,0.02624825547565828,0.36707411079936353
M2_fold4_seed20261002,M2,4,20261002,63,0.028295307362757795,0.02997378215290603,0.02538611053601931,0.30661400625905894
M2_fold4_seed20261002,M2,4,20261002,64,0.029391252366244895,0.03161076822297196,0.02570028796229006,0.3191808052857325
M2_fold4_seed20261002,M2,4,20261002,65,0.02570489189997011,0.033523100840465905,0.022141913539038757,0.2999431562274723
M2_fold4_seed20261002,M2,4,20261002,66,0.03307761283251968,0.035404878007003045,0.027720249108474846,0.3178088409329367
M2_fold4_seed20261002,M2,4,20261002,67,0.030586828733685366,0.03741379243325003,0.025549356297629135,0.2734933106101998
M2_fold4_seed20261003,M2,4,20261003,60,0.02640231144764372,0.03652248035167895,0.025315751398433506,0.30293052047742414
M2_fold4_seed20261003,M2,4,20261003,61,0.027099730995317328,0.03727072980075328,0.02548212516987928,0.3658946538993884
M2_fold4_seed20261003,M2,4,20261003,62,0.02879346418252466,0.038103570173551926,0.02656749605497766,0.35276129023857516
M2_fold4_seed20261003,M2,4,20261003,63,0.028295307362757795,0.03915888158303375,0.025823348346637957,0.2910778613485807
M2_fold4_seed20261003,M2,4,20261003,64,0.029391252366244895,0.040211327422956286,0.0262494604854619,0.3174035060650106
M2_fold4_seed20261003,M2,4,20261003,65,0.02570489189997011,0.0413536486345636,0.022879189057333656,0.2739140354685514
M2_fold4_seed20261003,M2,4,20261003,66,0.03307761283251968,0.042544803839778156,0.028603649108957303,0.3053292553589168
M2_fold4_seed20261003,M2,4,20261003,67,0.030586828733685366,0.043677526131874415,0.026437952943495022,0.26878267236244513
M2_fold4_seed20261004,M2,4,20261004,60,0.02640231144764372,0.024127937062996246,0.025500602287580217,0.17796159374532067
M2_fold4_seed20261004,M2,4,20261004,61,0.027099730995317328,0.024981486367630038,0.025645412169294987,0.2667209901526366
M2_fold4_seed20261004,M2,4,20261004,62,0.02879346418252466,0.026393029139286373,0.026624276846493187,0.283646702066844
M2_fold4_seed20261004,M2,4,20261004,63,0.028295307362757795,0.028240957703258265,0.025730608252375924,0.2281394228362237
M2_fold4_seed20261004,M2,4,20261004,64,0.029391252366244895,0.0304209769499577,0.025785473004602495,0.26091343564021424
M2_fold4_seed20261004,M2,4,20261004,65,0.02570489189997011,0.032738161583122316,0.02214728926033034,0.23542926506919631
M2_fold4_seed20261004,M2,4,20261004,66,0.03307761283251968,0.03530531668853373,0.02755383301898924,0.25867626715691056
M2_fold4_seed20261004,M2,4,20261004,67,0.030586828733685366,0.03795135612654043,0.025475144332707828,0.2245881522847972
M2_fold4_seed20261005,M2,4,20261005,60,0.02640231144764372,0.015058791616435651,0.025397471379933936,0.25921047684098264
M2_fold4_seed20261005,M2,4,20261005,61,0.027099730995317328,0.016380569466995593,0.025463276683654227,0.3220719016562427
M2_fold4_seed20261005,M2,4,20261005,62,0.02879346418252466,0.01783702312319893,0.02640702479466867,0.34833454945110576
M2_fold4_seed20261005,M2,4,20261005,63,0.028295307362757795,0.019470802273279603,0.025452151041497537,0.2926986704823707
M2_fold4_seed20261005,M2,4,20261005,64,0.029391252366244895,0.021530280688676105,0.02549541661375487,0.33211909126044303
M2_fold4_seed20261005,M2,4,20261005,65,0.02570489189997011,0.023825643255034477,0.021798486917588466,0.29202390381242327
M2_fold4_seed20261005,M2,4,20261005,66,0.03307761283251968,0.026297726634437316,0.027068263783157978,0.3404830300527734
M2_fold4_seed20261005,M2,4,20261005,67,0.030586828733685366,0.0290806365688594,0.024738030864233446,0.30230202881495166
M2_fold4_seed20261006,M2,4,20261006,60,0.02640231144764372,0.023027971160655643,0.02514875567635462,0.29226792398789353
M2_fold4_seed20261006,M2,4,20261006,61,0.027099730995317328,0.02438287044158725,0.025139360079527932,0.36431270881269734
M2_fold4_seed20261006,M2,4,20261006,62,0.02879346418252466,0.0259250181327887,0.02600673703372642,0.3857684887415274
M2_fold4_seed20261006,M2,4,20261006,63,0.028295307362757795,0.027570349534177797,0.025065975662818388,0.33367340872038354
M2_fold4_seed20261006,M2,4,20261006,64,0.029391252366244895,0.029443255644458034,0.02520357774904202,0.36317449922258804
M2_fold4_seed20261006,M2,4,20261006,65,0.02570489189997011,0.031422912280829225,0.02168190966553306,0.3169249378666368
M2_fold4_seed20261006,M2,4,20261006,66,0.03307761283251968,0.033486176287522346,0.02693048389433234,0.3715302224793022
M2_fold4_seed20261006,M2,4,20261006,67,0.030586828733685366,0.035804188647564975,0.024762089331366356,0.32284072158077837
