task_id,model_id,fold,seed,calibration_intercept,calibration_slope,observed_prevalence,mean_prediction,brier
N1-R_fold1_seed20261002,N1-R,1,20261002,-4.124371050618256,-0.03372977747866607,0.015895034526099586,0.5035521543602116,0.2541831730726059
N1-R_fold1_seed20261003,N1-R,1,20261003,4.866666433994194,15.974680215178319,0.015895034526099586,0.3435909949201051,0.12262759460362532
N1-R_fold1_seed20261004,N1-R,1,20261004,-6.200170346598424,6.542990771769965,0.015895034526099586,0.5724083825300819,0.3255061947388512
N1-R_fold1_seed20261005,N1-R,1,20261005,1.0175648206652927,7.9452535694488695,0.015895034526099586,0.32917060473489346,0.1139840141617784
N1-R_fold1_seed20261006,N1-R,1,20261006,-0.23992505069356024,3.834786353456501,0.015895034526099586,0.2625855157556757,0.07660362436806689
N1-R_fold2_seed20261002,N1-R,2,20261002,-4.523784249377987,-3.8069817653021856,0.018293851212053864,0.4783246537531882,0.23261166120308693
N1-R_fold2_seed20261003,N1-R,2,20261003,8.950326656953518,16.029782804021828,0.018293851212053864,0.27217314770463463,0.08068329223274244
N1-R_fold2_seed20261004,N1-R,2,20261004,-3.7901436550695062,15.212290423591426,0.018293851212053864,0.47418481885035557,0.22522049671491934
N1-R_fold2_seed20261005,N1-R,2,20261005,3.6206877824765233,7.276448699600112,0.018293851212053864,0.24840167498054425,0.07063613730051138
N1-R_fold2_seed20261006,N1-R,2,20261006,2.108450950238019,5.055569239265697,0.018293851212053864,0.2243918458673808,0.060284529220614815
N1-R_fold3_seed20261002,N1-R,3,20261002,-7.839986478969784,-10.754710520633163,0.01736076516887516,0.4508288311719594,0.20953265538886987
N1-R_fold3_seed20261003,N1-R,3,20261003,7.700610278219217,10.80669754024757,0.01736076516887516,0.22662781616695618,0.05951505864297588
N1-R_fold3_seed20261004,N1-R,3,20261004,1.7535104371928554,15.43012616235364,0.01736076516887516,0.3908066220780381,0.15594731569525486
N1-R_fold3_seed20261005,N1-R,3,20261005,4.56959846746871,6.012013660559572,0.01736076516887516,0.1847150418893218,0.04473164361381546
N1-R_fold3_seed20261006,N1-R,3,20261006,-5.432141421609777,-0.9609624626341511,0.01736076516887516,0.19125359123195415,0.04775534882503293
N1-R_fold4_seed20261002,N1-R,4,20261002,-5.7273487283514966,-3.5524462227996993,0.028668924977582944,0.3561473375480016,0.1367213030698184
N1-R_fold4_seed20261003,N1-R,4,20261003,6.633031794351618,7.6137097253191675,0.028668924977582944,0.18516995881880413,0.04993336472938955
N1-R_fold4_seed20261004,N1-R,4,20261004,2.6240805022213096,9.899612098318439,0.028668924977582944,0.3356585704807021,0.12109938962511152
N1-R_fold4_seed20261005,N1-R,4,20261005,6.499105700357029,6.007442365754405,0.028668924977582944,0.1493438429705162,0.04130377758682886
N1-R_fold4_seed20261006,N1-R,4,20261006,9.439696385262785,7.721114184852794,0.028668924977582944,0.1542789234624341,0.04318030737261418
N1-E_fold1_seed20261002,N1-E,1,20261002,-4.105303810383137,0.2680930934640334,0.015895034526099586,0.4817096065605011,0.2333342158906488
N1-E_fold1_seed20261003,N1-E,1,20261003,-6.719432384530925,-2.693527745007456,0.015895034526099586,0.2802363763046199,0.08629284688008779
N1-E_fold1_seed20261004,N1-E,1,20261004,-3.823300912815367,-3.283405930546447,0.015895034526099586,0.5287862511097835,0.27980873830820535
N1-E_fold1_seed20261005,N1-E,1,20261005,5.767840381667762,11.458447345579657,0.015895034526099586,0.2820464325271364,0.08639672047297178
N1-E_fold1_seed20261006,N1-E,1,20261006,-5.6922649069187115,-1.3199669173706887,0.015895034526099586,0.23579779358646097,0.06452166902670264
N1-E_fold2_seed20261002,N1-E,2,20261002,-4.878218021396988,-3.7346447655368373,0.018293851212053864,0.454614594011892,0.21137902755605517
N1-E_fold2_seed20261003,N1-E,2,20261003,-1.6770759143796437,1.96160141578737,0.018293851212053864,0.23423040558978278,0.06491938539635128
N1-E_fold2_seed20261004,N1-E,2,20261004,-3.93073888672669,0.20800926081364093,0.018293851212053864,0.43598349918681867,0.1930607554068481
N1-E_fold2_seed20261005,N1-E,2,20261005,2.592961691315679,5.849038433139515,0.018293851212053864,0.2357518086166517,0.06517581564206336
N1-E_fold2_seed20261006,N1-E,2,20261006,-8.018633297562262,-2.6982294049696796,0.018293851212053864,0.1869074059659832,0.04702862503750613
N1-E_fold3_seed20261002,N1-E,3,20261002,-9.38872493290546,-11.02473759838693,0.01736076516887516,0.41681282297492855,0.18085248221827344
N1-E_fold3_seed20261003,N1-E,3,20261003,3.8628661572221588,5.599736385662909,0.01736076516887516,0.19051070310332222,0.04691796958826483
N1-E_fold3_seed20261004,N1-E,3,20261004,-10.138148296419228,-9.010190850572377,0.01736076516887516,0.347511851722668,0.12728826207394228
N1-E_fold3_seed20261005,N1-E,3,20261005,4.994881809992419,6.082164825760342,0.01736076516887516,0.17818542745555316,0.04268596930319619
N1-E_fold3_seed20261006,N1-E,3,20261006,-15.080569621545825,-5.98008005362713,0.01736076516887516,0.1445304694022006,0.03410607786613139
N1-E_fold4_seed20261002,N1-E,4,20261002,-10.34992909299664,-9.368550302292354,0.028668924977582944,0.33539502866957194,0.12356314041606861
N1-E_fold4_seed20261003,N1-E,4,20261003,2.6168454883113053,3.703802617308214,0.028668924977582944,0.1559983956437778,0.04382065814193659
N1-E_fold4_seed20261004,N1-E,4,20261004,-12.352796495821996,-8.60480257676548,0.028668924977582944,0.2723342335274036,0.08855689819241656
N1-E_fold4_seed20261005,N1-E,4,20261005,7.133016112462895,5.998695464142483,0.028668924977582944,0.1406825813090208,0.03990203335369548
N1-E_fold4_seed20261006,N1-E,4,20261006,-11.1362297532295,-3.6075250383850497,0.028668924977582944,0.11226478837121487,0.035488803862223486
N2-R_fold1_seed20261002,N2-R,1,20261002,-4.1053038089222085,0.26809309585929175,0.015895034526099586,0.48170960514909766,0.23333421462598639
N2-R_fold1_seed20261003,N2-R,1,20261003,-6.7194310831548485,-2.6935263444488404,0.015895034526099586,0.28023637131807855,0.08629284417853321
N2-R_fold1_seed20261004,N2-R,1,20261004,-3.823300943929729,-3.2834058052346164,0.015895034526099586,0.5287862497323783,0.2798087368591364
N2-R_fold1_seed20261005,N2-R,1,20261005,5.7678383527749615,11.458445011504862,0.015895034526099586,0.2820464336132722,0.0863967210468468
N2-R_fold1_seed20261006,N2-R,1,20261006,-5.692263206796247,-1.3199654762906723,0.015895034526099586,0.2357977910654133,0.06452166782364635
N2-R_fold2_seed20261002,N2-R,2,20261002,-4.878217865118669,-3.734644035536227,0.018293851212053864,0.4546145909303243,0.21137902483853946
N2-R_fold2_seed20261003,N2-R,2,20261003,-1.677075919901429,1.9616014080274013,0.018293851212053864,0.2342304055761251,0.06491938542905515
N2-R_fold2_seed20261004,N2-R,2,20261004,-3.9307396358165443,0.2080064053930063,0.018293851212053864,0.4359835109671393,0.19306076559577695
N2-R_fold2_seed20261005,N2-R,2,20261005,2.5929613184540905,5.849038084091786,0.018293851212053864,0.23575180772887175,0.06517581526616824
N2-R_fold2_seed20261006,N2-R,2,20261006,-8.018632802981816,-2.698229081937082,0.018293851212053864,0.18690740640252035,0.04702862518698414
N2-R_fold3_seed20261002,N2-R,3,20261002,-9.388724395115366,-11.024736840944547,0.01736076516887516,0.41681282595494273,0.18085248460787945
N2-R_fold3_seed20261003,N2-R,3,20261003,3.862867427902423,5.5997373853490044,0.01736076516887516,0.19051070613654086,0.04691797055100794
N2-R_fold3_seed20261004,N2-R,3,20261004,-10.138149038625754,-9.010191574285132,0.01736076516887516,0.34751184644606475,0.12728825863355273
N2-R_fold3_seed20261005,N2-R,3,20261005,4.994885100402463,6.082166860242128,0.01736076516887516,0.1781854180793424,0.04268596610154662
N2-R_fold3_seed20261006,N2-R,3,20261006,-15.080571942089703,-5.9800811874630355,0.01736076516887516,0.14453046517022428,0.03410607676201896
N2-R_fold4_seed20261002,N2-R,4,20261002,-10.3499291510642,-9.368550398349502,0.028668924977582944,0.335395030063201,0.12356314134602742
N2-R_fold4_seed20261003,N2-R,4,20261003,2.61684596253625,3.703802928547508,0.028668924977582944,0.15599839759975206,0.04382065862632264
N2-R_fold4_seed20261004,N2-R,4,20261004,-12.352798303848166,-8.604804568592305,0.028668924977582944,0.27233423949072744,0.0885569011132197
N2-R_fold4_seed20261005,N2-R,4,20261005,7.133016832370819,5.998695734905946,0.028668924977582944,0.14068257593314892,0.039902032055451384
N2-R_fold4_seed20261006,N2-R,4,20261006,-11.136229175971238,-3.607524760711968,0.028668924977582944,0.1122647881022773,0.035488803826434503
N2-G0_fold1_seed20261002,N2-G0,1,20261002,-7.6190761974397585,-4.3647813798663195,0.015895034526099586,0.31370907748084265,0.10498616639122031
N2-G0_fold1_seed20261003,N2-G0,1,20261003,-4.595267259998103,-0.9858599101057388,0.015895034526099586,0.384179522137986,0.1515053121251163
N2-G0_fold1_seed20261004,N2-G0,1,20261004,-7.002749343518158,-1.8786745476042053,0.015895034526099586,0.17939296551258724,0.042671923282738486
N2-G0_fold1_seed20261005,N2-G0,1,20261005,-6.713367486557091,-2.3705247419906788,0.015895034526099586,0.253077768728945,0.07224994015074009
N2-G0_fold1_seed20261006,N2-G0,1,20261006,-10.624745868318245,-11.438396173922348,0.015895034526099586,0.36633680824428516,0.1389656188201262
N2-G0_fold2_seed20261002,N2-G0,2,20261002,25.317999530988534,27.076109829628347,0.018293851212053864,0.24624223048995939,0.06961253142396705
N2-G0_fold2_seed20261003,N2-G0,2,20261003,-12.427256072500317,-11.708711908539989,0.018293851212053864,0.34487598478133574,0.12662812844711138
N2-G0_fold2_seed20261004,N2-G0,2,20261004,-10.442829253880427,-3.549673617640686,0.018293851212053864,0.14221489605686216,0.03367082651895503
N2-G0_fold2_seed20261005,N2-G0,2,20261005,-6.240402963618878,-1.575655236888694,0.018293851212053864,0.19469421320981256,0.04949510441923457
N2-G0_fold2_seed20261006,N2-G0,2,20261006,-2.2143931048612826,1.9673529838251673,0.018293851212053864,0.28898954565876,0.09141156663103787
N2-G0_fold3_seed20261002,N2-G0,3,20261002,31.28339117715516,24.836359511338006,0.01736076516887516,0.18672420329333875,0.04523510467827117
N2-G0_fold3_seed20261003,N2-G0,3,20261003,-13.938067994751522,-10.208520948939565,0.01736076516887516,0.28744416106415654,0.09133500124055492
N2-G0_fold3_seed20261004,N2-G0,3,20261004,-11.555069888678165,-3.6601136358971567,0.01736076516887516,0.11493442519841768,0.02673165094224178
N2-G0_fold3_seed20261005,N2-G0,3,20261005,11.02495781729886,8.545110919064934,0.01736076516887516,0.1402485303926049,0.031846737997063675
N2-G0_fold3_seed20261006,N2-G0,3,20261006,-15.895831362507275,-8.941509094376425,0.01736076516887516,0.21653692450100243,0.05744277883643556
N2-G0_fold4_seed20261002,N2-G0,4,20261002,26.303012031575083,16.529374826876182,0.028668924977582944,0.1361590730404025,0.038628889141408766
N2-G0_fold4_seed20261003,N2-G0,4,20261003,-13.527382743660912,-7.335641019153169,0.028668924977582944,0.2113716202711375,0.062401641431328835
N2-G0_fold4_seed20261004,N2-G0,4,20261004,11.46402308023538,6.4851066875609495,0.028668924977582944,0.08892018548789775,0.03132532798099935
N2-G0_fold4_seed20261005,N2-G0,4,20261005,-0.6344562964822918,1.3544342642085836,0.028668924977582944,0.10573071082793223,0.03383161282942196
N2-G0_fold4_seed20261006,N2-G0,4,20261006,-18.829233517786594,-8.750693854884315,0.028668924977582944,0.15609398161132632,0.045149750894504445
N3-K1_fold1_seed20261002,N3-K1,1,20261002,-9.86384858785921,-10.103265305886424,0.015895034526099586,0.3880031671795023,0.1568579848794493
N3-K1_fold1_seed20261003,N3-K1,1,20261003,-8.59229169205284,-8.664475677452202,0.015895034526099586,0.3872761673104364,0.15512055597864485
N3-K1_fold1_seed20261004,N3-K1,1,20261004,-0.14535650146733614,8.693536617457116,0.015895034526099586,0.38286440495635504,0.15024180710495869
N3-K1_fold1_seed20261005,N3-K1,1,20261005,-5.741600732123362,-1.931844832337006,0.015895034526099586,0.30655525886632295,0.10111512890789344
N3-K1_fold1_seed20261006,N3-K1,1,20261006,19.0621924117025,28.472339564504445,0.015895034526099586,0.29757453804807726,0.09479509381898474
N3-K1_fold2_seed20261002,N3-K1,2,20261002,-12.507560180563866,-9.747360499688991,0.018293851212053864,0.31978733392440867,0.11154050661609492
N3-K1_fold2_seed20261003,N3-K1,2,20261003,-12.374937904417004,-11.792727729017663,0.018293851212053864,0.3492944155607348,0.12970175571379544
N3-K1_fold2_seed20261004,N3-K1,2,20261004,2.308117958829495,9.048037599591163,0.018293851212053864,0.32841468493956727,0.11403796276813752
N3-K1_fold2_seed20261005,N3-K1,2,20261005,-11.545413625516273,-7.654648845731708,0.018293851212053864,0.2846846355727655,0.09046503261109863
N3-K1_fold2_seed20261006,N3-K1,2,20261006,-4.4952131273756555,-0.5378206898451968,0.018293851212053864,0.2793513531824502,0.08668921506815108
N3-K1_fold3_seed20261002,N3-K1,3,20261002,-8.838820765961295,-4.722301396581438,0.01736076516887516,0.27566612830044207,0.08517162878706311
N3-K1_fold3_seed20261003,N3-K1,3,20261003,-16.035071709202413,-13.381313869679548,0.01736076516887516,0.3124779780639219,0.1063745232861612
N3-K1_fold3_seed20261004,N3-K1,3,20261004,8.580811371903303,13.94107945689109,0.01736076516887516,0.2821213557510914,0.08689849319770925
N3-K1_fold3_seed20261005,N3-K1,3,20261005,-12.78711387901538,-8.002300212970075,0.01736076516887516,0.25624860708563946,0.07471640634691477
N3-K1_fold3_seed20261006,N3-K1,3,20261006,-6.370274222289562,-2.0766772449463367,0.01736076516887516,0.24872895633137568,0.07134309948381881
N3-K1_fold4_seed20261002,N3-K1,4,20261002,-13.105553774821285,-7.8952578354990495,0.028668924977582944,0.2421352310901047,0.07540007168071558
N3-K1_fold4_seed20261003,N3-K1,4,20261003,-22.503622222005284,-16.675654905105247,0.028668924977582944,0.25579254609432067,0.08121063918009803
N3-K1_fold4_seed20261004,N3-K1,4,20261004,2.988602097828212,6.007932959128929,0.028668924977582944,0.24910956792925595,0.07619570711480737
N3-K1_fold4_seed20261005,N3-K1,4,20261005,-12.475611086572963,-6.723016011144171,0.028668924977582944,0.21348165867354846,0.06272609484328272
N3-K1_fold4_seed20261006,N3-K1,4,20261006,8.687928381462324,8.769349969114904,0.028668924977582944,0.19119076321635464,0.05368199654678174
N3-K3_fold1_seed20261002,N3-K3,1,20261002,-4.1053038086787605,0.2680931128362662,0.015895034526099586,0.48170960645189304,0.23333421575973845
N3-K3_fold1_seed20261003,N3-K3,1,20261003,-6.719433514695006,-2.6935288781520312,0.015895034526099586,0.28023637510665145,0.0862928463824812
N3-K3_fold1_seed20261004,N3-K3,1,20261004,-3.823300934213627,-3.283405866087683,0.015895034526099586,0.5287862498476973,0.27980873709273935
N3-K3_fold1_seed20261005,N3-K3,1,20261005,5.767838652903806,11.458445279438134,0.015895034526099586,0.282046432187255,0.08639672030841263
N3-K3_fold1_seed20261006,N3-K3,1,20261006,-5.692264598439435,-1.3199666401250203,0.015895034526099586,0.23579779069668808,0.06452166770182258
N3-K3_fold2_seed20261002,N3-K3,2,20261002,-4.878217959519542,-3.7346445318624726,0.018293851212053864,0.4546145941115391,0.2113790276846586
N3-K3_fold2_seed20261003,N3-K3,2,20261003,-1.677075875189515,1.961601428780347,0.018293851212053864,0.23423040296406086,0.0649193841242085
N3-K3_fold2_seed20261004,N3-K3,2,20261004,-3.930739056004049,0.2080086123485259,0.018293851212053864,0.43598350207696446,0.1930607579473184
N3-K3_fold2_seed20261005,N3-K3,2,20261005,2.59296094242683,5.849037704927224,0.018293851212053864,0.23575180708061327,0.0651758150253219
N3-K3_fold2_seed20261006,N3-K3,2,20261006,-8.018633990571182,-2.698229895064754,0.018293851212053864,0.18690740898692598,0.04702862616401158
N3-K3_fold3_seed20261002,N3-K3,3,20261002,-9.38872452550171,-11.024736567417188,0.01736076516887516,0.416812819770188,0.1808524796602897
N3-K3_fold3_seed20261003,N3-K3,3,20261003,3.862866729230034,5.599736799027041,0.01736076516887516,0.190510704064334,0.04691796990307505
N3-K3_fold3_seed20261004,N3-K3,3,20261004,-10.138148776719154,-9.010191370421083,0.01736076516887516,0.34751184891420905,0.12728826025564807
N3-K3_fold3_seed20261005,N3-K3,3,20261005,4.994884724913269,6.082166653686813,0.01736076516887516,0.17818541926638612,0.04268596647750145
N3-K3_fold3_seed20261006,N3-K3,3,20261006,-15.08056856460332,-5.980079453562507,0.01736076516887516,0.14453046833565175,0.034106077622293056
N3-K3_fold4_seed20261002,N3-K3,4,20261002,-10.349930552471347,-9.368552190136077,0.028668924977582944,0.3353950286001886,0.12356314052134788
N3-K3_fold4_seed20261003,N3-K3,4,20261003,2.616845390796433,3.7038026050134625,0.028668924977582944,0.1559983988189484,0.04382065898679142
N3-K3_fold4_seed20261004,N3-K3,4,20261004,-12.352797548292093,-8.604803930496077,0.028668924977582944,0.2723342417553803,0.0885569022515571
N3-K3_fold4_seed20261005,N3-K3,4,20261005,7.133018987925473,5.998697066040806,0.028668924977582944,0.1406825795798971,0.03990203282773589
N3-K3_fold4_seed20261006,N3-K3,4,20261006,-11.136228809121215,-3.607524613261951,0.028668924977582944,0.11226478921051566,0.03548880396013434
N4-E12_fold1_seed20261002,N4-E12,1,20261002,-4.105303811647156,0.2680930795308346,0.015895034526099586,0.4817096066754347,0.23333421603137205
N4-E12_fold1_seed20261003,N4-E12,1,20261003,-6.719431164174067,-2.693526454640933,0.015895034526099586,0.28023637315718464,0.08629284513367204
N4-E12_fold1_seed20261004,N4-E12,1,20261004,-3.8233009703035763,-3.2834059345954127,0.015895034526099586,0.5287862467999971,0.27980873391281647
N4-E12_fold1_seed20261005,N4-E12,1,20261005,5.7678402003408005,11.458447254161522,0.015895034526099586,0.2820464346532259,0.08639672157181286
N4-E12_fold1_seed20261006,N4-E12,1,20261006,-5.6922637730659265,-1.3199659486925983,0.015895034526099586,0.23579779068073448,0.06452166768181555
N4-E12_fold2_seed20261002,N4-E12,2,20261002,-4.8782180259366905,-3.7346448705197814,0.018293851212053864,0.45461459657009046,0.21137902996506297
N4-E12_fold2_seed20261003,N4-E12,2,20261003,-1.6770758870502143,1.9616014303862803,0.018293851212053864,0.2342304041463154,0.06491938465040487
N4-E12_fold2_seed20261004,N4-E12,2,20261004,-3.930739482941135,0.20800698413067967,0.018293851212053864,0.43598350421143645,0.19306075977236936
N4-E12_fold2_seed20261005,N4-E12,2,20261005,2.5929605395118167,5.849037397994845,0.018293851212053864,0.23575181007738594,0.06517581637960719
N4-E12_fold2_seed20261006,N4-E12,2,20261006,-8.018632991449605,-2.6982292192721586,0.018293851212053864,0.18690740743971931,0.047028625540006364
N4-E12_fold3_seed20261002,N4-E12,3,20261002,-9.388723351769965,-11.024734970200965,0.01736076516887516,0.4168128244387969,0.1808524832019492
N4-E12_fold3_seed20261003,N4-E12,3,20261003,3.862866077501856,5.599736338383808,0.01736076516887516,0.19051070424142125,0.046917970005618696
N4-E12_fold3_seed20261004,N4-E12,3,20261004,-10.13814816615647,-9.010190297505744,0.01736076516887516,0.3475118472345872,0.12728825897465773
N4-E12_fold3_seed20261005,N4-E12,3,20261005,4.994884604431417,6.0821665191794825,0.01736076516887516,0.17818541751602157,0.04268596592063073
N4-E12_fold3_seed20261006,N4-E12,3,20261006,-15.080567991234071,-5.980079120903087,0.01736076516887516,0.14453046628912847,0.03410607698521695
N4-E12_fold4_seed20261002,N4-E12,4,20261002,-10.34992789035474,-9.36854878469976,0.028668924977582944,0.33539502908922264,0.1235631405386471
N4-E12_fold4_seed20261003,N4-E12,4,20261003,2.6168456354157303,3.703802699301447,0.028668924977582944,0.15599839540969937,0.043820658076379894
N4-E12_fold4_seed20261004,N4-E12,4,20261004,-12.352797593565798,-8.604803800399038,0.028668924977582944,0.2723342368113204,0.08855689969321956
N4-E12_fold4_seed20261005,N4-E12,4,20261005,7.133015871588404,5.998695146414249,0.028668924977582944,0.14068257433224166,0.039902031734957835
N4-E12_fold4_seed20261006,N4-E12,4,20261006,-11.136228113574187,-3.607524285740696,0.028668924977582944,0.11226478929880877,0.03548880398064467
N4-E36_fold1_seed20261002,N4-E36,1,20261002,9.292930258200089,13.747875362874591,0.015895034526099586,0.2644210160071734,0.07682907611391934
N4-E36_fold1_seed20261003,N4-E36,1,20261003,12.293840448886066,8.307138244604543,0.015895034526099586,0.11411673533740961,0.024894034577115733
N4-E36_fold1_seed20261004,N4-E36,1,20261004,7.872923140928212,8.736285792072863,0.015895034526099586,0.19576616307613118,0.04774281635999468
N4-E36_fold1_seed20261005,N4-E36,1,20261005,12.206617831021033,7.596716015264753,0.015895034526099586,0.09859321271127026,0.021993163429284354
N4-E36_fold1_seed20261006,N4-E36,1,20261006,7.866451799848663,4.990734212045646,0.015895034526099586,0.08084091822184859,0.01967369636100015
N4-E36_fold2_seed20261002,N4-E36,2,20261002,5.486273138932691,6.033563629135034,0.018293851212053864,0.1682317730705734,0.0402355745017183
N4-E36_fold2_seed20261003,N4-E36,2,20261003,15.453075733516211,8.137633749941667,0.018293851212053864,0.07813618107465602,0.021069260118981515
N4-E36_fold2_seed20261004,N4-E36,2,20261004,6.559318624869387,5.058289554414371,0.018293851212053864,0.10701759022601513,0.02561163061934309
N4-E36_fold2_seed20261005,N4-E36,2,20261005,16.420262953008354,7.957397290723846,0.018293851212053864,0.06647630917443134,0.01968460824540706
N4-E36_fold2_seed20261006,N4-E36,2,20261006,19.8995445580708,8.443620878776562,0.018293851212053864,0.05195200027290652,0.018573517824442116
N4-E36_fold3_seed20261002,N4-E36,3,20261002,6.004940184667169,4.84589417720876,0.01736076516887516,0.10909012579179694,0.025276402566195545
N4-E36_fold3_seed20261003,N4-E36,3,20261003,8.107441696818764,4.303527898644036,0.01736076516887516,0.05375119513363371,0.018172193383823396
N4-E36_fold3_seed20261004,N4-E36,3,20261004,-0.5839030770984583,1.4197655535698992,0.01736076516887516,0.08056283216185604,0.021101610969477307
N4-E36_fold3_seed20261005,N4-E36,3,20261005,12.898839848673173,5.677342864456087,0.01736076516887516,0.04514456938082089,0.017460073612678293
N4-E36_fold3_seed20261006,N4-E36,3,20261006,10.489249914220121,4.791338681715197,0.01736076516887516,0.04415616627432679,0.017516683978602
N4-E36_fold4_seed20261002,N4-E36,4,20261002,7.363979373516099,4.534965827763964,0.028668924977582944,0.08164239894004267,0.03040580416096731
N4-E36_fold4_seed20261003,N4-E36,4,20261003,14.303860675020468,5.8654392992563205,0.028668924977582944,0.04071201526818744,0.02709175830797433
N4-E36_fold4_seed20261004,N4-E36,4,20261004,11.284462413608386,5.460805816753803,0.028668924977582944,0.05899900274556926,0.028154674280842385
N4-E36_fold4_seed20261005,N4-E36,4,20261005,15.220723958995451,5.998241433703924,0.028668924977582944,0.03689253793071959,0.026983154783365854
N4-E36_fold4_seed20261006,N4-E36,4,20261006,12.598858463647177,5.06526316102734,0.028668924977582944,0.03716680277406787,0.027306688904718688
