task_id,model_id,fold,seed,observed_positive_mean,predicted_positive_mean,bias,mae,rmse,predicted_p50,predicted_p90,predicted_p99
N1-R_fold1_seed20261002,N1-R,1,20261002,4.093539054966249,1.8032085889760308,-2.2903304659902184,2.495194513456285,4.666054742006813,1.7941969340534778,1.8517491760786233,1.8937975028817027
N1-R_fold1_seed20261003,N1-R,1,20261003,4.093539054966249,2.3149652135901286,-1.77857384137612,2.352070276062095,4.438204472850615,2.325520863313419,2.35904907917227,2.378416379060255
N1-R_fold1_seed20261004,N1-R,1,20261004,4.093539054966249,2.1678639932815766,-1.9256750616846725,2.3450358052649767,4.497311454610303,2.1686910003273763,2.2455053729875005,2.3218973073245937
N1-R_fold1_seed20261005,N1-R,1,20261005,4.093539054966249,2.3002686859271244,-1.7932703690391245,2.356170348375076,4.448406226025725,2.2878556623373507,2.3637820665353884,2.452870010656046
N1-R_fold1_seed20261006,N1-R,1,20261006,4.093539054966249,2.2858734725659824,-1.8076655824002665,2.354495408514887,4.454801475188727,2.2890445007159848,2.3258355010789122,2.337697341165349
N1-R_fold2_seed20261002,N1-R,2,20261002,4.09635525764558,1.9084432119049106,-2.1879120457406693,2.459959394525742,4.422046723452301,1.89907235653135,1.972286528709645,2.070223521161584
N1-R_fold2_seed20261003,N1-R,2,20261003,4.09635525764558,2.4369525046512144,-1.6594027529943665,2.401680667333078,4.187683249564065,2.4537679762402305,2.5111948525354637,2.527184194457511
N1-R_fold2_seed20261004,N1-R,2,20261004,4.09635525764558,2.320060675725612,-1.7762945819199683,2.3976010882536665,4.229865825733234,2.3180293362233373,2.4002310471611232,2.534835865100653
N1-R_fold2_seed20261005,N1-R,2,20261005,4.09635525764558,2.4585556003943987,-1.6377996572511815,2.4081429776494763,4.179536545485777,2.46138023610015,2.50664312910788,2.554159400935084
N1-R_fold2_seed20261006,N1-R,2,20261006,4.09635525764558,2.448249106478221,-1.648106151167359,2.4076738161992495,4.186560461355292,2.451989866657892,2.4882863489873768,2.4996063423187374
N1-R_fold3_seed20261002,N1-R,3,20261002,2.0365853658536586,2.035176754790483,-0.0014086110631755394,1.1891154917416498,1.8465867705903818,2.037684011602205,2.1208173737555405,2.193597912077241
N1-R_fold3_seed20261003,N1-R,3,20261003,2.0365853658536586,2.531235328207406,0.4946499623537475,1.4580695534688386,1.9199342087150768,2.5566680250229723,2.6680384199101157,2.704765881848085
N1-R_fold3_seed20261004,N1-R,3,20261004,2.0365853658536586,2.4078752721739907,0.37128990632033215,1.381829792842136,1.8772139064204836,2.4089014133167628,2.5043486186341486,2.5777618116702934
N1-R_fold3_seed20261005,N1-R,3,20261005,2.0365853658536586,2.657070010647011,0.6204846447933522,1.5265361432220366,1.9526066769512764,2.6620890966085975,2.7139696706566157,2.7835078716950044
N1-R_fold3_seed20261006,N1-R,3,20261006,2.0365853658536586,2.581466232171422,0.5448808663177633,1.4874743275340858,1.9320978935917075,2.58603291153897,2.6156362810535856,2.6373324593692042
N1-R_fold4_seed20261002,N1-R,4,20261002,2.0881841876629017,2.1172918156697635,0.029107628006861848,1.265698720665771,1.932933098548633,2.117568599827619,2.19946109961264,2.264290571505445
N1-R_fold4_seed20261003,N1-R,4,20261003,2.0881841876629017,2.5839601534753975,0.49577596581249583,1.493567358764881,1.9855739742644554,2.5846751830708885,2.7853245677661973,2.846900810052015
N1-R_fold4_seed20261004,N1-R,4,20261004,2.0881841876629017,2.473511927778399,0.38532774011549736,1.444615658366888,1.9703670530265516,2.4803278148541006,2.6094088170060927,2.6562731446414496
N1-R_fold4_seed20261005,N1-R,4,20261005,2.0881841876629017,2.701118946540655,0.6129347588777531,1.5628363892826973,2.026158703952598,2.7072571258605747,2.7895109335409667,2.8484057083233556
N1-R_fold4_seed20261006,N1-R,4,20261006,2.0881841876629017,2.618939598336415,0.5307554106735135,1.516509129353471,1.9981928592861344,2.624483136658009,2.660410677608448,2.681235468970485
N1-E_fold1_seed20261002,N1-E,1,20261002,4.093539054966249,1.7371832603582211,-2.3563557946080276,2.5447126325917897,4.698986073821772,1.7379933414610045,1.7732290840222316,1.8190305770111344
N1-E_fold1_seed20261003,N1-E,1,20261003,4.093539054966249,1.9289674871851017,-2.1645715677811475,2.403311871183968,4.5993855105003245,1.9184730065575986,2.0360121089145786,2.0771886119744845
N1-E_fold1_seed20261004,N1-E,1,20261004,4.093539054966249,1.9779536069444454,-2.115585448021803,2.3713594966020133,4.58748922211265,1.9762381330731125,2.0312914522849628,2.0588435317350613
N1-E_fold1_seed20261005,N1-E,1,20261005,4.093539054966249,2.2283471668465937,-1.8651918881196554,2.352297699666853,4.474501802843527,2.225846645985654,2.2571149609573524,2.286056998535136
N1-E_fold1_seed20261006,N1-E,1,20261006,4.093539054966249,2.085256704068519,-2.00828235089773,2.354067965006803,4.543230279592855,2.0928537281044193,2.143378987630037,2.1688943043407583
N1-E_fold2_seed20261002,N1-E,2,20261002,4.09635525764558,1.8091173587380112,-2.287237898907569,2.5282066801431293,4.47369045710525,1.8038365592419476,1.8610651267171658,1.904875084767503
N1-E_fold2_seed20261003,N1-E,2,20261003,4.09635525764558,1.9525518671017843,-2.143803390543796,2.4363964639657363,4.3999555419645215,1.9350975042414675,2.0601443500236196,2.1161720508106856
N1-E_fold2_seed20261004,N1-E,2,20261004,4.09635525764558,2.031676332587094,-2.064678925058486,2.398133381201734,4.363748435632361,2.036865660007039,2.076768769246684,2.127024463956377
N1-E_fold2_seed20261005,N1-E,2,20261005,4.09635525764558,2.36001724436607,-1.73633801327951,2.4070775452593205,4.222934120865377,2.366604061163643,2.4166862797873025,2.4337741910333768
N1-E_fold2_seed20261006,N1-E,2,20261006,4.09635525764558,2.0943584695500057,-2.0019967880955742,2.3975236732926675,4.336293062470172,2.0923247922062314,2.1657520130026082,2.2120083375635025
N1-E_fold3_seed20261002,N1-E,3,20261002,2.0365853658536586,1.9156595120577042,-0.12092585379595418,1.1573951596203387,1.8523130313881446,1.9107323048516704,1.9874396012803792,2.0510321325948784
N1-E_fold3_seed20261003,N1-E,3,20261003,2.0365853658536586,2.0119211917980975,-0.02466417405556076,1.193920730376997,1.860212500040792,2.0066283784454155,2.115532629112624,2.253533584764018
N1-E_fold3_seed20261004,N1-E,3,20261004,2.0365853658536586,2.054648758575656,0.01806339272199706,1.1951364548506462,1.8441688967047936,2.0472846241876317,2.131964162384713,2.222422442789623
N1-E_fold3_seed20261005,N1-E,3,20261005,2.0365853658536586,2.492982558636399,0.45639719278274044,1.440314894425096,1.9101015892396667,2.524487967815624,2.5740443429427793,2.584951354367895
N1-E_fold3_seed20261006,N1-E,3,20261006,2.0365853658536586,2.1395681159551034,0.10298275010144513,1.2420202319417244,1.8492545953386328,2.13149216272508,2.212092938879952,2.266046999748982
N1-E_fold4_seed20261002,N1-E,4,20261002,2.0881841876629017,1.9980062855139962,-0.09017790214890543,1.2076867234232578,1.9282505314760792,1.990101137242914,2.0659456637479736,2.1373390687139953
N1-E_fold4_seed20261003,N1-E,4,20261003,2.0881841876629017,2.0377105029341958,-0.050473684728706336,1.2202176615485074,1.9219586016332828,2.021107867353774,2.150249254498375,2.24725041327211
N1-E_fold4_seed20261004,N1-E,4,20261004,2.0881841876629017,2.085821505815272,-0.002362681847629908,1.2473141862207129,1.9286541769813832,2.080563008316386,2.1734339733751216,2.2425381445826624
N1-E_fold4_seed20261005,N1-E,4,20261005,2.0881841876629017,2.5302213142742103,0.44203712661130806,1.4772732194034723,1.9830417737954604,2.541445550410171,2.6117090325153094,2.6656642019729313
N1-E_fold4_seed20261006,N1-E,4,20261006,2.0881841876629017,2.157857499937979,0.0696733122750771,1.2847537293048987,1.9313559674802334,2.1553982654251342,2.198991615332467,2.273825529230939
N2-R_fold1_seed20261002,N2-R,1,20261002,4.093539054966249,1.7371832677431311,-2.3563557872231176,2.5447126265271303,4.698986070460971,1.7379933756331833,1.7732290362633836,1.8190305770111344
N2-R_fold1_seed20261003,N2-R,1,20261003,4.093539054966249,1.9289674788198226,-2.164571576146426,2.403311878503939,4.599385513772741,1.9184728371033304,2.0360121089145786,2.0771886119744845
N2-R_fold1_seed20261004,N2-R,1,20261004,4.093539054966249,1.9779536058918825,-2.115585449074366,2.3713594996073115,4.5874892231760445,1.9762380992633624,2.031291499515606,2.0588435809383534
N2-R_fold1_seed20261005,N2-R,1,20261005,4.093539054966249,2.228347172175404,-1.865191882790845,2.3522977000224685,4.474501800749915,2.22584657898447,2.2571149609573524,2.286057096163895
N2-R_fold1_seed20261006,N2-R,1,20261006,4.093539054966249,2.085256727586465,-2.0082823273797836,2.3540679656886945,4.543230270840963,2.0928537954198156,2.143379027945545,2.1688943043407583
N2-R_fold2_seed20261002,N2-R,2,20261002,4.09635525764558,1.8091173644157494,-2.2872378932298303,2.5282066754373855,4.473690453829982,1.8038365592419476,1.8610651267171658,1.9048750752728245
N2-R_fold2_seed20261003,N2-R,2,20261003,4.09635525764558,1.9525518494196257,-2.143803408225955,2.4363964771138775,4.399955551624426,1.9350975042414675,2.0601442961040806,2.1161720413946954
N2-R_fold2_seed20261004,N2-R,2,20261004,4.09635525764558,2.0316763265636295,-2.0646789310819504,2.398133380388184,4.3637484352499625,2.036865660007039,2.076768742304449,2.127024445131988
N2-R_fold2_seed20261005,N2-R,2,20261005,4.09635525764558,2.3600172453931827,-1.7363380122523975,2.4070775459587757,4.2229341212863005,2.366604061163643,2.4166863330681427,2.4337741910333768
N2-R_fold2_seed20261006,N2-R,2,20261006,4.09635525764558,2.094358467516235,-2.0019967901293456,2.3975236748747113,4.336293063476916,2.092324859522944,2.165751986146641,2.2120083375635025
N2-R_fold3_seed20261002,N2-R,3,20261002,2.0365853658536586,1.9156595066006945,-0.12092585925296398,1.1573951614677287,1.8523130335501898,1.9107323048516704,1.9874396012803792,2.0510321325948784
N2-R_fold3_seed20261003,N2-R,3,20261003,2.0365853658536586,2.0119212075997357,-0.024664158253922548,1.1939207375482628,1.8602125002026124,2.0066283446769697,2.115532629112624,2.2535337092726055
N2-R_fold3_seed20261004,N2-R,3,20261004,2.0365853658536586,2.054648756543131,0.018063390689472294,1.195136455241394,1.8441688984306919,2.0472845904721773,2.131964256491898,2.222422433408672
N2-R_fold3_seed20261005,N2-R,3,20261005,2.0365853658536586,2.492982586357309,0.45639722050365045,1.440314911670984,1.910101596685822,2.5244880342131184,2.574044435774975,2.584951354367895
N2-R_fold3_seed20261006,N2-R,3,20261006,2.0365853658536586,2.1395680866196187,0.10298272076596045,1.2420202151290707,1.8492545955175037,2.1314921291146973,2.212092938879952,2.2660469903815748
N2-R_fold4_seed20261002,N2-R,4,20261002,2.0881841876629017,1.9980062783280015,-0.0901779093349,1.207686722280139,1.9282505323951968,1.990101137242914,2.065945603103291,2.1373390687139953
N2-R_fold4_seed20261003,N2-R,4,20261003,2.0881841876629017,2.0377104940946875,-0.05047369356821434,1.2202176593086982,1.9219586046463768,2.021107867353774,2.1502493149563224,2.2472505458399517
N2-R_fold4_seed20261004,N2-R,4,20261004,2.0881841876629017,2.0858215227708286,-0.002362664892073264,1.247314193216462,1.9286541762364253,2.080562974643329,2.1734340941932353,2.242538277171201
N2-R_fold4_seed20261005,N2-R,4,20261005,2.0881841876629017,2.530221304780919,0.44203711711801663,1.4772732156637687,1.9830417712983697,2.541445484043437,2.6117090325153094,2.6656642019729313
N2-R_fold4_seed20261006,N2-R,4,20261006,2.0881841876629017,2.157857475894168,0.06967328823126606,1.284753716408399,1.9313559678171341,2.155398164679728,2.1989916287449,2.273825661683687
N2-G0_fold1_seed20261002,N2-G0,1,20261002,4.093539054966249,2.014353260000553,-2.0791857949656958,2.36103268565927,4.574451846957794,2.0201062963615115,2.057070859435146,2.082249710810653
N2-G0_fold1_seed20261003,N2-G0,1,20261003,4.093539054966249,2.5503515429565313,-1.5431875120097176,2.3586594944408006,4.352621644722807,2.551711136036485,2.593026279548817,2.603384443884083
N2-G0_fold1_seed20261004,N2-G0,1,20261004,4.093539054966249,1.8085293944205243,-2.285009660545725,2.4920499231847146,4.667930418555565,1.8109764660136678,1.8356264411563041,1.8521391332616595
N2-G0_fold1_seed20261005,N2-G0,1,20261005,4.093539054966249,2.2109622875954673,-1.8825767673707816,2.3556085250812044,4.485939615556585,2.216451267046854,2.282787384881175,2.30032993407565
N2-G0_fold1_seed20261006,N2-G0,1,20261006,4.093539054966249,1.826072168067757,-2.267466886898492,2.4781617390705595,4.657381880309433,1.8291275299289502,1.8454344619111536,1.8548881430032425
N2-G0_fold2_seed20261002,N2-G0,2,20261002,4.09635525764558,2.1514147383802196,-1.9449405192653608,2.4036957313610245,4.313802449753791,2.149252128971334,2.1716712231160122,2.2201718476299965
N2-G0_fold2_seed20261003,N2-G0,2,20261003,4.09635525764558,2.6282715115435398,-1.4680837461020402,2.4125855081790877,4.116519688057402,2.6182241952028686,2.691077314681334,2.7213950853140143
N2-G0_fold2_seed20261004,N2-G0,2,20261004,4.09635525764558,1.8647518656735558,-2.2316033919720244,2.490447230379445,4.449760333849985,1.8552773187503242,1.9038125643004242,1.948037037716253
N2-G0_fold2_seed20261005,N2-G0,2,20261005,4.09635525764558,2.182855262075049,-1.9134999955705312,2.4043868793198344,4.299471633508298,2.1601351876475126,2.2868047796165993,2.3841154756941427
N2-G0_fold2_seed20261006,N2-G0,2,20261006,4.09635525764558,1.86399496864449,-2.23236028900109,2.4919676931802206,4.4478944582656235,1.8621793820376482,1.9177011660401573,1.956679924638737
N2-G0_fold3_seed20261002,N2-G0,3,20261002,2.0365853658536586,2.3322919389190697,0.29570657306541104,1.3588004908946179,1.8820536175308809,2.335713631334331,2.3776603838890793,2.4246707451080236
N2-G0_fold3_seed20261003,N2-G0,3,20261003,2.0365853658536586,2.7595634780252487,0.7229781121715904,1.5809167676370393,1.9853699103824285,2.741481925390954,2.8711644145963966,2.9466635268232215
N2-G0_fold3_seed20261004,N2-G0,3,20261004,2.0365853658536586,2.000383962770694,-0.036201403082964545,1.1783582767113632,1.852325007972961,1.9896274177472233,2.067839375049624,2.105130958072089
N2-G0_fold3_seed20261005,N2-G0,3,20261005,2.0365853658536586,2.3084259112617542,0.27184054540809577,1.330069422110161,1.8640374777713407,2.294660581156907,2.4051706112890474,2.4883748561856205
N2-G0_fold3_seed20261006,N2-G0,3,20261006,2.0365853658536586,2.0115643240098837,-0.02502104184377483,1.1830573249540057,1.8456235585941407,2.0309784528481822,2.089728753379744,2.1131889853090584
N2-G0_fold4_seed20261002,N2-G0,4,20261002,2.0881841876629017,2.3990561910748855,0.31087200341198395,1.4045965654746269,1.951438461380338,2.3987235641466733,2.4579553235417793,2.500660149174656
N2-G0_fold4_seed20261003,N2-G0,4,20261003,2.0881841876629017,2.680606842823573,0.592422655160671,1.5477285070632476,2.016656836910509,2.6663920309472973,2.8333975438611656,2.9227920604744244
N2-G0_fold4_seed20261004,N2-G0,4,20261004,2.0881841876629017,2.0971333460893153,0.008949158426413457,1.2527444563768275,1.9295174292219,2.090359274696011,2.152254525577829,2.2006589772813796
N2-G0_fold4_seed20261005,N2-G0,4,20261005,2.0881841876629017,2.3312590812190606,0.24307489355615883,1.3704136498867336,1.94387717005783,2.32629169090798,2.411043834268745,2.4731442145655134
N2-G0_fold4_seed20261006,N2-G0,4,20261006,2.0881841876629017,2.112952914677742,0.024768727014839922,1.2638964307346057,1.9338582817746595,2.1052032606072513,2.1766147641309868,2.217107829209631
N3-K1_fold1_seed20261002,N3-K1,1,20261002,4.093539054966249,2.2107211238285758,-1.882817931137673,2.3506171601077823,4.479848035529492,2.2033392613574856,2.2848503329370766,2.425598438195588
N3-K1_fold1_seed20261003,N3-K1,1,20261003,4.093539054966249,2.0691036963998526,-2.0244353585663966,2.356637032788634,4.53787412981799,2.0921783777522247,2.1816380598910015,2.21195678704305
N3-K1_fold1_seed20261004,N3-K1,1,20261004,4.093539054966249,2.5230681602360154,-1.5704708947302337,2.3572777559245157,4.36369376743995,2.5692154310184403,2.6236791096885366,2.6553260652841097
N3-K1_fold1_seed20261005,N3-K1,1,20261005,4.093539054966249,2.0106412432577176,-2.0828978117085306,2.363698729945371,4.572717683244046,2.008113248423528,2.075336150065568,2.155005789641379
N3-K1_fold1_seed20261006,N3-K1,1,20261006,4.093539054966249,2.001094267372819,-2.0924447875934296,2.355793536757029,4.5703709322046375,1.9989355350256328,2.047465830236476,2.062616390658658
N3-K1_fold2_seed20261002,N3-K1,2,20261002,4.09635525764558,2.3300751818087932,-1.7662800758367871,2.4040617055833478,4.23331056043991,2.330083983490977,2.4161856756709876,2.6447803737628948
N3-K1_fold2_seed20261003,N3-K1,2,20261003,4.09635525764558,2.1916908866028204,-1.9046643710427598,2.4011332317036955,4.294703664438395,2.205724945803592,2.271207853472403,2.290223898652656
N3-K1_fold2_seed20261004,N3-K1,2,20261004,4.09635525764558,2.4915460462627466,-1.6048092113828334,2.407595119206056,4.166863411955938,2.490983684883291,2.6107453551690867,2.7206474576656974
N3-K1_fold2_seed20261005,N3-K1,2,20261005,4.09635525764558,2.1089041982049657,-1.9874510594406145,2.4081733850471694,4.334943142549687,2.1374621043743938,2.194214743420862,2.2657878782405945
N3-K1_fold2_seed20261006,N3-K1,2,20261006,4.09635525764558,2.0799377348331847,-2.0164175228123953,2.3935588819589433,4.340362184831026,2.091215659307152,2.120959277174672,2.1357220730319826
N3-K1_fold3_seed20261002,N3-K1,3,20261002,2.0365853658536586,2.4223426552605525,0.3857572894068943,1.4128336486945723,1.9064360557097957,2.40057713967021,2.5945310604987277,2.780621205941735
N3-K1_fold3_seed20261003,N3-K1,3,20261003,2.0365853658536586,2.215386866635198,0.1788015007815389,1.2948664455299723,1.8684099871534139,2.2442646283348227,2.3310164282457015,2.358501341067997
N3-K1_fold3_seed20261004,N3-K1,3,20261004,2.0365853658536586,2.5694243119439757,0.5328389460903172,1.4722232447643206,1.921447738056701,2.5921263806078976,2.6564860353732604,2.7777402926182475
N3-K1_fold3_seed20261005,N3-K1,3,20261005,2.0365853658536586,2.063337684407047,0.02675231855338883,1.232777336049646,1.8733026380098232,2.0341557703000204,2.2903392400766496,2.370952373979593
N3-K1_fold3_seed20261006,N3-K1,3,20261006,2.0365853658536586,2.1257287201287696,0.08914335427511107,1.2423127444548367,1.8563808651426816,2.112402059842961,2.1906286104930333,2.218736774171302
N3-K1_fold4_seed20261002,N3-K1,4,20261002,2.0881841876629017,2.4120282426795336,0.32384405501663144,1.3965083577298685,1.9388383233145932,2.391405882182016,2.5768238093111564,2.7786924267174533
N3-K1_fold4_seed20261003,N3-K1,4,20261003,2.0881841876629017,2.2084717182936173,0.12028753063071576,1.2961794166664524,1.9179803586191575,2.2234002665215176,2.336522162145662,2.4660045814007767
N3-K1_fold4_seed20261004,N3-K1,4,20261004,2.0881841876629017,2.56145629163101,0.47327210396810804,1.4999894474701658,2.001142082491192,2.5805308335487926,2.656128241457994,2.7809081138454985
N3-K1_fold4_seed20261005,N3-K1,4,20261005,2.0881841876629017,2.149683083177552,0.06149889551465018,1.2689877989122114,1.9209871102217173,2.1055947209219177,2.403323523184064,2.4803597593486195
N3-K1_fold4_seed20261006,N3-K1,4,20261006,2.0881841876629017,2.1703415926482394,0.08215740498533781,1.2861308783655712,1.9264840690672551,2.1532040128031893,2.2432409655157497,2.3224725114522538
N3-K3_fold1_seed20261002,N3-K3,1,20261002,4.093539054966249,1.7371832621030436,-2.3563557928632055,2.544712630911108,4.698986074157285,1.7379933756331833,1.7732289680363709,1.8190305770111344
N3-K3_fold1_seed20261003,N3-K3,1,20261003,4.093539054966249,1.928967475620003,-2.1645715793462457,2.403311878303532,4.599385513254279,1.9184728709942473,2.036012088676524,2.0771886119744845
N3-K3_fold1_seed20261004,N3-K3,1,20261004,4.093539054966249,1.9779536099363668,-2.1155854450298817,2.3713594963455815,4.587489222113645,1.9762380992633428,2.0312914522849628,2.0588435809383534
N3-K3_fold1_seed20261005,N3-K3,1,20261005,4.093539054966249,2.2283471578350817,-1.8651918971311674,2.3522977002817465,4.474501806831213,2.225846645985654,2.2571149609573524,2.286057096163895
N3-K3_fold1_seed20261006,N3-K3,1,20261006,4.093539054966249,2.085256705775321,-2.0082823491909276,2.3540679643317266,4.543230279005191,2.092853694446709,2.143378987630037,2.1688943043407583
N3-K3_fold2_seed20261002,N3-K3,2,20261002,4.09635525764558,1.8091173575436046,-2.2872379001019754,2.5282066807105177,4.473690457490103,1.8038365592419476,1.861065099537022,1.904875084767503
N3-K3_fold2_seed20261003,N3-K3,2,20261003,4.09635525764558,1.9525518629805556,-2.143803394665025,2.436396467688007,4.399955542686463,1.935097639709636,2.0601443500236196,2.1161720508106856
N3-K3_fold2_seed20261004,N3-K3,2,20261004,4.09635525764558,2.0316763356108876,-2.0646789220346924,2.398133382136686,4.363748433444368,2.036865660007039,2.0767687961889187,2.127024473368571
N3-K3_fold2_seed20261005,N3-K3,2,20261005,4.09635525764558,2.3600172537799553,-1.7363380038656249,2.407077545678159,4.222934118538136,2.366604061163643,2.4166863330681427,2.433774305530095
N3-K3_fold2_seed20261006,N3-K3,2,20261006,4.09635525764558,2.0943584613669337,-2.0019967962786462,2.3975236750396833,4.3362930674379845,2.0923249268396567,2.1657519055794805,2.2120083375635025
N3-K3_fold3_seed20261002,N3-K3,3,20261002,2.0365853658536586,1.9156595205188944,-0.12092584533476411,1.157395162734236,1.8523130318789054,1.9107323387535713,1.9874397905289836,2.0510321325948784
N3-K3_fold3_seed20261003,N3-K3,3,20261003,2.0365853658536586,2.0119211944254003,-0.02466417142825853,1.1939207319309932,1.8602125005340922,2.0066283446763915,2.1155325820310984,2.2535337092726055
N3-K3_fold3_seed20261004,N3-K3,3,20261004,2.0365853658536586,2.0546487487634004,0.01806338290974213,1.1951364507416282,1.8441688975232944,2.0472846241876317,2.131964162384713,2.222422442789623
N3-K3_fold3_seed20261005,N3-K3,3,20261005,2.0365853658536586,2.492982581110221,0.45639721525656246,1.4403149071874795,1.9101015949397733,2.5244881006106663,2.5740443429427793,2.584951354367895
N3-K3_fold3_seed20261006,N3-K3,3,20261006,2.0365853658536586,2.1395681013464345,0.10298273549277613,1.2420202227351567,1.8492545952215866,2.1314921291146973,2.212092938879952,2.2660469903815748
N3-K3_fold4_seed20261002,N3-K3,4,20261002,2.0881841876629017,1.9980062744865716,-0.0901779131763302,1.2076867220827363,1.9282505320521632,1.990101137242914,2.065945603103291,2.1373390687139953
N3-K3_fold4_seed20261003,N3-K3,4,20261003,2.0881841876629017,2.0377104887598563,-0.05047369890304553,1.2202176539870342,1.9219586006221268,2.021107867353774,2.150249254498375,2.24725041327211
N3-K3_fold4_seed20261004,N3-K3,4,20261004,2.0881841876629017,2.085821510981699,-0.0023626766812028595,1.2473141847647338,1.9286541714161052,2.080563008316386,2.1734339733751216,2.2425381445826624
N3-K3_fold4_seed20261005,N3-K3,4,20261005,2.0881841876629017,2.530221337418763,0.4420371497558613,1.4772732304208596,1.9830417738723907,2.541445550410171,2.611709138504304,2.665664200649871
N3-K3_fold4_seed20261006,N3-K3,4,20261006,2.0881841876629017,2.15785750206699,0.06967331440408848,1.2847537291002715,1.9313559683126147,2.155398332588746,2.1989917494565834,2.273825529230939
N4-E12_fold1_seed20261002,N4-E12,1,20261002,4.093539054966249,1.737183265699922,-2.3563557892663267,2.5447126277798784,4.6989860712356,1.737993409805362,1.7732290362633836,1.8190305770111344
N4-E12_fold1_seed20261003,N4-E12,1,20261003,4.093539054966249,1.9289674876781133,-2.164571567288135,2.403311871474964,4.599385509321028,1.9184728371033304,2.0360121089145786,2.0771886119744845
N4-E12_fold1_seed20261004,N4-E12,1,20261004,4.093539054966249,1.9779536089918377,-2.115585445974411,2.3713594968991725,4.587489224573731,1.9762380316438035,2.031291499515606,2.0588435809383534
N4-E12_fold1_seed20261005,N4-E12,1,20261005,4.093539054966249,2.228347171855164,-1.8651918831110847,2.3522976993787177,4.474501800324227,2.225846645985654,2.2571149609573524,2.286056998535136
N4-E12_fold1_seed20261006,N4-E12,1,20261006,4.093539054966249,2.0852567029180498,-2.008282352048199,2.3540679645216542,4.543230282255596,2.0928537954197926,2.143378987630037,2.1688943043407583
N4-E12_fold2_seed20261002,N4-E12,2,20261002,4.09635525764558,1.8091173536929317,-2.2872379039526485,2.5282066832497647,4.4736904593950335,1.8038365592419476,1.8610651267171658,1.9048750264413563
N4-E12_fold2_seed20261003,N4-E12,2,20261003,4.09635525764558,1.9525518535672037,-2.143803404078376,2.4363964743315614,4.399955550325677,1.9350977751778038,2.060144457858424,2.1161720508106856
N4-E12_fold2_seed20261004,N4-E12,2,20261004,4.09635525764558,2.031676316075494,-2.0646789415700866,2.398133385334581,4.363748443057609,2.036865660007039,2.0767687961889187,2.127024473368571
N4-E12_fold2_seed20261005,N4-E12,2,20261005,4.09635525764558,2.360017252607194,-1.7363380050383868,2.4070775447306914,4.222934118260419,2.366604061163643,2.4166863330681427,2.4337741910333768
N4-E12_fold2_seed20261006,N4-E12,2,20261006,4.09635525764558,2.094358459079892,-2.001996798565688,2.3975236725910802,4.33629306713561,2.092324859522944,2.1657521472809607,2.2120083375635025
N4-E12_fold3_seed20261002,N4-E12,3,20261002,2.0365853658536586,1.9156594896443333,-0.1209258762093254,1.1573951603537276,1.8523130377710209,1.9107323048516704,1.9874396959046816,2.0510321325948784
N4-E12_fold3_seed20261003,N4-E12,3,20261003,2.0365853658536586,2.0119211987339702,-0.02466416711968831,1.1939207338038622,1.8602125004036552,2.0066283446763915,2.1155325820310984,2.253533584764018
N4-E12_fold3_seed20261004,N4-E12,3,20261004,2.0365853658536586,2.054648742186187,0.018063376332528133,1.1951364496742154,1.844168897089038,2.047284523041437,2.1319641422186972,2.222422433408672
N4-E12_fold3_seed20261005,N4-E12,3,20261005,2.0365853658536586,2.492982585018713,0.45639721916505455,1.44031491014281,1.9101015953619085,2.5244881006106663,2.574044435774975,2.584951354367895
N4-E12_fold3_seed20261006,N4-E12,3,20261006,2.0365853658536586,2.139568119476865,0.10298275362320648,1.2420202316091211,1.8492545933808564,2.1314921291146973,2.212092938879952,2.266047114838632
N4-E12_fold4_seed20261002,N4-E12,4,20261002,2.0881841876629017,1.9980062774978398,-0.09017791016506216,1.2076867221008893,1.9282505321124543,1.990101137242914,2.065945603103291,2.137339135248597
N4-E12_fold4_seed20261003,N4-E12,4,20261003,2.0881841876629017,2.037710498513676,-0.05047368914922589,1.2202176604035067,1.9219586037807947,2.021107867353774,2.150249254498375,2.247250547179071
N4-E12_fold4_seed20261004,N4-E12,4,20261004,2.0881841876629017,2.0858215115454546,-0.002362676117446888,1.24731418836504,1.9286541741489531,2.080562974643329,2.1734339733751216,2.242538277171201
N4-E12_fold4_seed20261005,N4-E12,4,20261005,2.0881841876629017,2.5302213125598514,0.4420371248969496,1.4772732182554438,1.9830417713645863,2.541445550410171,2.611708900029062,2.665664200649871
N4-E12_fold4_seed20261006,N4-E12,4,20261006,2.0881841876629017,2.157857510058653,0.06967332239575114,1.284753736337144,1.9313559710392731,2.155398332588746,2.1989917494565834,2.273825661683687
N4-E36_fold1_seed20261002,N4-E36,1,20261002,4.093539054966249,2.1633553041631495,-1.930183750803099,2.357087644878865,4.508222726464165,2.162126455294974,2.2368019686555916,2.3000070156486316
N4-E36_fold1_seed20261003,N4-E36,1,20261003,4.093539054966249,2.1005428353700375,-1.9929962195962112,2.3429324381770855,4.525782196837604,2.1015672489251003,2.1729983264147297,2.2728004402304776
N4-E36_fold1_seed20261004,N4-E36,1,20261004,4.093539054966249,2.304536192584443,-1.789002862381806,2.3557571137018574,4.446501203958756,2.3110311543377176,2.331302660117199,2.3706409819175827
N4-E36_fold1_seed20261005,N4-E36,1,20261005,4.093539054966249,2.680605357564435,-1.4129336974018136,2.356596833890801,4.304351614699224,2.6946540987509806,2.74205174822241,2.7595925154995125
N4-E36_fold1_seed20261006,N4-E36,1,20261006,4.093539054966249,2.335206442151824,-1.7583326128144252,2.352563115819706,4.431156036151301,2.336564729917041,2.3925986608183325,2.436495358329243
N4-E36_fold2_seed20261002,N4-E36,2,20261002,4.09635525764558,2.2533430183059546,-1.8430122393396255,2.405696708337745,4.2693651916601825,2.2638923220161717,2.3344113281533634,2.4305075766397466
N4-E36_fold2_seed20261003,N4-E36,2,20261003,4.09635525764558,2.5906410266399287,-1.505714231005651,2.399906280518511,4.125558003314601,2.5896134037867338,2.7108692511068795,2.7779564468783633
N4-E36_fold2_seed20261004,N4-E36,2,20261004,4.09635525764558,2.604789265033624,-1.4915659926119567,2.4102108371698505,4.12338399168088,2.5915677273927993,2.7128091386276045,2.8037731999532403
N4-E36_fold2_seed20261005,N4-E36,2,20261005,4.09635525764558,2.901931025938071,-1.1944242317075096,2.4199553465975954,4.026408576674798,2.9100652450192093,2.9320943669670645,2.9623988483171746
N4-E36_fold2_seed20261006,N4-E36,2,20261006,4.09635525764558,2.5106700808340356,-1.5856851768115445,2.40581660527059,4.158095777718225,2.5179841481712946,2.56222816336639,2.582534250644881
N4-E36_fold3_seed20261002,N4-E36,3,20261002,2.0365853658536586,2.576080340694771,0.5394949748411129,1.4776543521234278,1.9208192165480915,2.57585625160823,2.7290915571546757,2.802717697399414
N4-E36_fold3_seed20261003,N4-E36,3,20261003,2.0365853658536586,2.8450664681319893,0.8084811022783309,1.6249196241426997,2.0198647824992255,2.83688129604342,2.971256541013254,3.1351679492020352
N4-E36_fold3_seed20261004,N4-E36,3,20261004,2.0365853658536586,2.8056678367228667,0.7690824708692078,1.610968104841233,2.0092315720815153,2.8205820892320603,2.894754364670144,3.034708747555997
N4-E36_fold3_seed20261005,N4-E36,3,20261005,2.0365853658536586,3.124041724237182,1.0874563583835235,1.8056004239672228,2.1497796865055694,3.140076927442725,3.1790356463197758,3.197903625358139
N4-E36_fold3_seed20261006,N4-E36,3,20261006,2.0365853658536586,2.7064543141066912,0.6698689482530328,1.551774880701529,1.9692902534798054,2.708219224871682,2.7886126770611552,2.8694429867447497
N4-E36_fold4_seed20261002,N4-E36,4,20261002,2.0881841876629017,2.6290076743809236,0.5408234867180217,1.5253475230918776,2.00665385838226,2.614805813770846,2.7609279026289135,2.8462991757848637
N4-E36_fold4_seed20261003,N4-E36,4,20261003,2.0881841876629017,2.8767406145859313,0.7885564269230295,1.6454366457585918,2.0799138225813505,2.8806692361372104,2.9851862613097087,3.0901593456654055
N4-E36_fold4_seed20261004,N4-E36,4,20261004,2.0881841876629017,2.9586235571224675,0.8704393694595657,1.6921316127840567,2.1164541532702086,2.950985491952313,3.041851822883055,3.1516687750213377
N4-E36_fold4_seed20261005,N4-E36,4,20261005,2.0881841876629017,3.0161406374400457,0.9279564497771436,1.7290075075149034,2.1415053807889706,3.0116885226786194,3.0920188945897857,3.1139355975403324
N4-E36_fold4_seed20261006,N4-E36,4,20261006,2.0881841876629017,2.692072198540529,0.6038880108776268,1.5475049907077398,2.012905507684535,2.692322739943064,2.80395582458821,2.886165688669929
