task_id,audit_phase,model_id,fold,seed,status,output_path,attempt,runtime_seconds,best_epoch,converged
N1-R_fold1_seed20261002,N1,N1-R,1,20261002,completed,/project/disease_ecology/STGNN-output/neural_a0_architecture_audit/models/N1-R_fold1_seed20261002.pt,1,16.114799737930298,12,True
N1-R_fold1_seed20261003,N1,N1-R,1,20261003,completed,/project/disease_ecology/STGNN-output/neural_a0_architecture_audit/models/N1-R_fold1_seed20261003.pt,1,21.711158752441406,12,True
N1-R_fold1_seed20261004,N1,N1-R,1,20261004,completed,/project/disease_ecology/STGNN-output/neural_a0_architecture_audit/models/N1-R_fold1_seed20261004.pt,1,22.42181420326233,12,True
N1-R_fold1_seed20261005,N1,N1-R,1,20261005,completed,/project/disease_ecology/STGNN-output/neural_a0_architecture_audit/models/N1-R_fold1_seed20261005.pt,1,18.409964084625244,12,True
N1-R_fold1_seed20261006,N1,N1-R,1,20261006,completed,/project/disease_ecology/STGNN-output/neural_a0_architecture_audit/models/N1-R_fold1_seed20261006.pt,1,18.057130813598633,12,True
N1-R_fold2_seed20261002,N1,N1-R,2,20261002,completed,/project/disease_ecology/STGNN-output/neural_a0_architecture_audit/models/N1-R_fold2_seed20261002.pt,1,18.99155879020691,12,True
N1-R_fold2_seed20261003,N1,N1-R,2,20261003,completed,/project/disease_ecology/STGNN-output/neural_a0_architecture_audit/models/N1-R_fold2_seed20261003.pt,1,24.54666519165039,12,True
N1-R_fold2_seed20261004,N1,N1-R,2,20261004,completed,/project/disease_ecology/STGNN-output/neural_a0_architecture_audit/models/N1-R_fold2_seed20261004.pt,1,22.952554941177368,12,True
N1-R_fold2_seed20261005,N1,N1-R,2,20261005,completed,/project/disease_ecology/STGNN-output/neural_a0_architecture_audit/models/N1-R_fold2_seed20261005.pt,1,18.841354608535767,12,True
N1-R_fold2_seed20261006,N1,N1-R,2,20261006,completed,/project/disease_ecology/STGNN-output/neural_a0_architecture_audit/models/N1-R_fold2_seed20261006.pt,1,18.496203422546387,12,True
N1-R_fold3_seed20261002,N1,N1-R,3,20261002,completed,/project/disease_ecology/STGNN-output/neural_a0_architecture_audit/models/N1-R_fold3_seed20261002.pt,1,22.240747213363647,12,True
N1-R_fold3_seed20261003,N1,N1-R,3,20261003,completed,/project/disease_ecology/STGNN-output/neural_a0_architecture_audit/models/N1-R_fold3_seed20261003.pt,1,24.79547691345215,12,True
N1-R_fold3_seed20261004,N1,N1-R,3,20261004,completed,/project/disease_ecology/STGNN-output/neural_a0_architecture_audit/models/N1-R_fold3_seed20261004.pt,1,19.933069467544556,12,True
N1-R_fold3_seed20261005,N1,N1-R,3,20261005,completed,/project/disease_ecology/STGNN-output/neural_a0_architecture_audit/models/N1-R_fold3_seed20261005.pt,1,20.02181839942932,12,True
N1-R_fold3_seed20261006,N1,N1-R,3,20261006,completed,/project/disease_ecology/STGNN-output/neural_a0_architecture_audit/models/N1-R_fold3_seed20261006.pt,1,21.732551097869873,12,True
N1-R_fold4_seed20261002,N1,N1-R,4,20261002,completed,/project/disease_ecology/STGNN-output/neural_a0_architecture_audit/models/N1-R_fold4_seed20261002.pt,1,24.893944263458252,12,True
N1-R_fold4_seed20261003,N1,N1-R,4,20261003,completed,/project/disease_ecology/STGNN-output/neural_a0_architecture_audit/models/N1-R_fold4_seed20261003.pt,1,20.896686553955078,12,True
N1-R_fold4_seed20261004,N1,N1-R,4,20261004,completed,/project/disease_ecology/STGNN-output/neural_a0_architecture_audit/models/N1-R_fold4_seed20261004.pt,1,20.882007598876953,12,True
N1-R_fold4_seed20261005,N1,N1-R,4,20261005,completed,/project/disease_ecology/STGNN-output/neural_a0_architecture_audit/models/N1-R_fold4_seed20261005.pt,1,24.265369415283203,12,True
N1-R_fold4_seed20261006,N1,N1-R,4,20261006,completed,/project/disease_ecology/STGNN-output/neural_a0_architecture_audit/models/N1-R_fold4_seed20261006.pt,1,25.69104814529419,12,True
N1-E_fold1_seed20261002,N1,N1-E,1,20261002,completed,/project/disease_ecology/STGNN-output/neural_a0_architecture_audit/models/N1-E_fold1_seed20261002.pt,1,14.318850755691528,12,True
N1-E_fold1_seed20261003,N1,N1-E,1,20261003,completed,/project/disease_ecology/STGNN-output/neural_a0_architecture_audit/models/N1-E_fold1_seed20261003.pt,1,17.05852699279785,12,True
N1-E_fold1_seed20261004,N1,N1-E,1,20261004,completed,/project/disease_ecology/STGNN-output/neural_a0_architecture_audit/models/N1-E_fold1_seed20261004.pt,1,20.84225630760193,12,True
N1-E_fold1_seed20261005,N1,N1-E,1,20261005,completed,/project/disease_ecology/STGNN-output/neural_a0_architecture_audit/models/N1-E_fold1_seed20261005.pt,1,22.101674556732178,12,True
N1-E_fold1_seed20261006,N1,N1-E,1,20261006,completed,/project/disease_ecology/STGNN-output/neural_a0_architecture_audit/models/N1-E_fold1_seed20261006.pt,1,20.527947187423706,12,True
N1-E_fold2_seed20261002,N1,N1-E,2,20261002,completed,/project/disease_ecology/STGNN-output/neural_a0_architecture_audit/models/N1-E_fold2_seed20261002.pt,1,17.503623723983765,12,True
N1-E_fold2_seed20261003,N1,N1-E,2,20261003,completed,/project/disease_ecology/STGNN-output/neural_a0_architecture_audit/models/N1-E_fold2_seed20261003.pt,1,23.748238563537598,12,True
N1-E_fold2_seed20261004,N1,N1-E,2,20261004,completed,/project/disease_ecology/STGNN-output/neural_a0_architecture_audit/models/N1-E_fold2_seed20261004.pt,1,21.994078397750854,12,True
N1-E_fold2_seed20261005,N1,N1-E,2,20261005,completed,/project/disease_ecology/STGNN-output/neural_a0_architecture_audit/models/N1-E_fold2_seed20261005.pt,1,19.407429456710815,12,True
N1-E_fold2_seed20261006,N1,N1-E,2,20261006,completed,/project/disease_ecology/STGNN-output/neural_a0_architecture_audit/models/N1-E_fold2_seed20261006.pt,1,19.551412105560303,12,True
N1-E_fold3_seed20261002,N1,N1-E,3,20261002,completed,/project/disease_ecology/STGNN-output/neural_a0_architecture_audit/models/N1-E_fold3_seed20261002.pt,1,24.046628713607788,12,True
N1-E_fold3_seed20261003,N1,N1-E,3,20261003,completed,/project/disease_ecology/STGNN-output/neural_a0_architecture_audit/models/N1-E_fold3_seed20261003.pt,1,19.19097089767456,12,True
N1-E_fold3_seed20261004,N1,N1-E,3,20261004,completed,/project/disease_ecology/STGNN-output/neural_a0_architecture_audit/models/N1-E_fold3_seed20261004.pt,1,22.220378875732422,12,True
N1-E_fold3_seed20261005,N1,N1-E,3,20261005,completed,/project/disease_ecology/STGNN-output/neural_a0_architecture_audit/models/N1-E_fold3_seed20261005.pt,1,20.228758811950684,12,True
N1-E_fold3_seed20261006,N1,N1-E,3,20261006,completed,/project/disease_ecology/STGNN-output/neural_a0_architecture_audit/models/N1-E_fold3_seed20261006.pt,1,23.654322147369385,12,True
N1-E_fold4_seed20261002,N1,N1-E,4,20261002,completed,/project/disease_ecology/STGNN-output/neural_a0_architecture_audit/models/N1-E_fold4_seed20261002.pt,1,19.53347086906433,12,True
N1-E_fold4_seed20261003,N1,N1-E,4,20261003,completed,/project/disease_ecology/STGNN-output/neural_a0_architecture_audit/models/N1-E_fold4_seed20261003.pt,1,20.698153257369995,12,True
N1-E_fold4_seed20261004,N1,N1-E,4,20261004,completed,/project/disease_ecology/STGNN-output/neural_a0_architecture_audit/models/N1-E_fold4_seed20261004.pt,1,26.13491463661194,12,True
N1-E_fold4_seed20261005,N1,N1-E,4,20261005,completed,/project/disease_ecology/STGNN-output/neural_a0_architecture_audit/models/N1-E_fold4_seed20261005.pt,1,25.91168451309204,12,True
N1-E_fold4_seed20261006,N1,N1-E,4,20261006,completed,/project/disease_ecology/STGNN-output/neural_a0_architecture_audit/models/N1-E_fold4_seed20261006.pt,1,24.068928480148315,12,True
N2-R_fold1_seed20261002,N2,N2-R,1,20261002,completed,/project/disease_ecology/STGNN-output/neural_a0_architecture_audit/models/N2-R_fold1_seed20261002.pt,1,14.966489791870117,12,True
N2-R_fold1_seed20261003,N2,N2-R,1,20261003,completed,/project/disease_ecology/STGNN-output/neural_a0_architecture_audit/models/N2-R_fold1_seed20261003.pt,1,19.543168306350708,12,True
N2-R_fold1_seed20261004,N2,N2-R,1,20261004,completed,/project/disease_ecology/STGNN-output/neural_a0_architecture_audit/models/N2-R_fold1_seed20261004.pt,1,21.337728023529053,12,True
N2-R_fold1_seed20261005,N2,N2-R,1,20261005,completed,/project/disease_ecology/STGNN-output/neural_a0_architecture_audit/models/N2-R_fold1_seed20261005.pt,1,22.92154812812805,12,True
N2-R_fold1_seed20261006,N2,N2-R,1,20261006,completed,/project/disease_ecology/STGNN-output/neural_a0_architecture_audit/models/N2-R_fold1_seed20261006.pt,1,24.311094284057617,12,True
N2-R_fold2_seed20261002,N2,N2-R,2,20261002,completed,/project/disease_ecology/STGNN-output/neural_a0_architecture_audit/models/N2-R_fold2_seed20261002.pt,1,17.020150423049927,12,True
N2-R_fold2_seed20261003,N2,N2-R,2,20261003,completed,/project/disease_ecology/STGNN-output/neural_a0_architecture_audit/models/N2-R_fold2_seed20261003.pt,1,22.40497136116028,12,True
N2-R_fold2_seed20261004,N2,N2-R,2,20261004,completed,/project/disease_ecology/STGNN-output/neural_a0_architecture_audit/models/N2-R_fold2_seed20261004.pt,1,22.289678812026978,12,True
N2-R_fold2_seed20261005,N2,N2-R,2,20261005,completed,/project/disease_ecology/STGNN-output/neural_a0_architecture_audit/models/N2-R_fold2_seed20261005.pt,1,25.140214443206787,12,True
N2-R_fold2_seed20261006,N2,N2-R,2,20261006,completed,/project/disease_ecology/STGNN-output/neural_a0_architecture_audit/models/N2-R_fold2_seed20261006.pt,1,18.63289976119995,12,True
N2-R_fold3_seed20261002,N2,N2-R,3,20261002,completed,/project/disease_ecology/STGNN-output/neural_a0_architecture_audit/models/N2-R_fold3_seed20261002.pt,1,21.988436222076416,12,True
N2-R_fold3_seed20261003,N2,N2-R,3,20261003,completed,/project/disease_ecology/STGNN-output/neural_a0_architecture_audit/models/N2-R_fold3_seed20261003.pt,1,24.06402325630188,12,True
N2-R_fold3_seed20261004,N2,N2-R,3,20261004,completed,/project/disease_ecology/STGNN-output/neural_a0_architecture_audit/models/N2-R_fold3_seed20261004.pt,1,19.691444158554077,12,True
N2-R_fold3_seed20261005,N2,N2-R,3,20261005,completed,/project/disease_ecology/STGNN-output/neural_a0_architecture_audit/models/N2-R_fold3_seed20261005.pt,1,24.127846240997314,12,True
N2-R_fold3_seed20261006,N2,N2-R,3,20261006,completed,/project/disease_ecology/STGNN-output/neural_a0_architecture_audit/models/N2-R_fold3_seed20261006.pt,1,26.693267345428467,12,True
N2-R_fold4_seed20261002,N2,N2-R,4,20261002,completed,/project/disease_ecology/STGNN-output/neural_a0_architecture_audit/models/N2-R_fold4_seed20261002.pt,1,24.031641244888306,12,True
N2-R_fold4_seed20261003,N2,N2-R,4,20261003,completed,/project/disease_ecology/STGNN-output/neural_a0_architecture_audit/models/N2-R_fold4_seed20261003.pt,1,21.125963926315308,12,True
N2-R_fold4_seed20261004,N2,N2-R,4,20261004,completed,/project/disease_ecology/STGNN-output/neural_a0_architecture_audit/models/N2-R_fold4_seed20261004.pt,1,23.849926471710205,12,True
N2-R_fold4_seed20261005,N2,N2-R,4,20261005,completed,/project/disease_ecology/STGNN-output/neural_a0_architecture_audit/models/N2-R_fold4_seed20261005.pt,1,25.236875534057617,12,True
N2-R_fold4_seed20261006,N2,N2-R,4,20261006,completed,/project/disease_ecology/STGNN-output/neural_a0_architecture_audit/models/N2-R_fold4_seed20261006.pt,1,26.224948406219482,12,True
N2-G0_fold1_seed20261002,N2,N2-G0,1,20261002,completed,/project/disease_ecology/STGNN-output/neural_a0_architecture_audit/models/N2-G0_fold1_seed20261002.pt,1,10.30193829536438,12,True
N2-G0_fold1_seed20261003,N2,N2-G0,1,20261003,completed,/project/disease_ecology/STGNN-output/neural_a0_architecture_audit/models/N2-G0_fold1_seed20261003.pt,1,12.14149785041809,12,True
N2-G0_fold1_seed20261004,N2,N2-G0,1,20261004,completed,/project/disease_ecology/STGNN-output/neural_a0_architecture_audit/models/N2-G0_fold1_seed20261004.pt,1,15.516176223754883,12,True
N2-G0_fold1_seed20261005,N2,N2-G0,1,20261005,completed,/project/disease_ecology/STGNN-output/neural_a0_architecture_audit/models/N2-G0_fold1_seed20261005.pt,1,15.041620254516602,12,True
N2-G0_fold1_seed20261006,N2,N2-G0,1,20261006,completed,/project/disease_ecology/STGNN-output/neural_a0_architecture_audit/models/N2-G0_fold1_seed20261006.pt,1,11.502577781677246,12,True
N2-G0_fold2_seed20261002,N2,N2-G0,2,20261002,completed,/project/disease_ecology/STGNN-output/neural_a0_architecture_audit/models/N2-G0_fold2_seed20261002.pt,1,13.117071390151978,12,True
N2-G0_fold2_seed20261003,N2,N2-G0,2,20261003,completed,/project/disease_ecology/STGNN-output/neural_a0_architecture_audit/models/N2-G0_fold2_seed20261003.pt,1,15.349151372909546,12,True
N2-G0_fold2_seed20261004,N2,N2-G0,2,20261004,completed,/project/disease_ecology/STGNN-output/neural_a0_architecture_audit/models/N2-G0_fold2_seed20261004.pt,1,15.983261823654175,12,True
N2-G0_fold2_seed20261005,N2,N2-G0,2,20261005,completed,/project/disease_ecology/STGNN-output/neural_a0_architecture_audit/models/N2-G0_fold2_seed20261005.pt,1,12.088514804840088,12,True
N2-G0_fold2_seed20261006,N2,N2-G0,2,20261006,completed,/project/disease_ecology/STGNN-output/neural_a0_architecture_audit/models/N2-G0_fold2_seed20261006.pt,1,17.798608541488647,12,True
N2-G0_fold3_seed20261002,N2,N2-G0,3,20261002,completed,/project/disease_ecology/STGNN-output/neural_a0_architecture_audit/models/N2-G0_fold3_seed20261002.pt,1,14.315881967544556,12,True
N2-G0_fold3_seed20261003,N2,N2-G0,3,20261003,completed,/project/disease_ecology/STGNN-output/neural_a0_architecture_audit/models/N2-G0_fold3_seed20261003.pt,1,11.471142530441284,12,True
N2-G0_fold3_seed20261004,N2,N2-G0,3,20261004,completed,/project/disease_ecology/STGNN-output/neural_a0_architecture_audit/models/N2-G0_fold3_seed20261004.pt,1,17.193865299224854,12,True
N2-G0_fold3_seed20261005,N2,N2-G0,3,20261005,completed,/project/disease_ecology/STGNN-output/neural_a0_architecture_audit/models/N2-G0_fold3_seed20261005.pt,1,16.17029094696045,12,True
N2-G0_fold3_seed20261006,N2,N2-G0,3,20261006,completed,/project/disease_ecology/STGNN-output/neural_a0_architecture_audit/models/N2-G0_fold3_seed20261006.pt,1,15.409934043884277,12,True
N2-G0_fold4_seed20261002,N2,N2-G0,4,20261002,completed,/project/disease_ecology/STGNN-output/neural_a0_architecture_audit/models/N2-G0_fold4_seed20261002.pt,1,16.276294708251953,12,True
N2-G0_fold4_seed20261003,N2,N2-G0,4,20261003,completed,/project/disease_ecology/STGNN-output/neural_a0_architecture_audit/models/N2-G0_fold4_seed20261003.pt,1,13.887815952301025,12,True
N2-G0_fold4_seed20261004,N2,N2-G0,4,20261004,completed,/project/disease_ecology/STGNN-output/neural_a0_architecture_audit/models/N2-G0_fold4_seed20261004.pt,1,11.52040696144104,12,True
N2-G0_fold4_seed20261005,N2,N2-G0,4,20261005,completed,/project/disease_ecology/STGNN-output/neural_a0_architecture_audit/models/N2-G0_fold4_seed20261005.pt,1,14.24990177154541,12,True
N2-G0_fold4_seed20261006,N2,N2-G0,4,20261006,completed,/project/disease_ecology/STGNN-output/neural_a0_architecture_audit/models/N2-G0_fold4_seed20261006.pt,1,14.037555456161499,12,True
N3-K1_fold1_seed20261002,N3,N3-K1,1,20261002,completed,/project/disease_ecology/STGNN-output/neural_a0_architecture_audit/models/N3-K1_fold1_seed20261002.pt,1,14.200822114944458,12,True
N3-K1_fold1_seed20261003,N3,N3-K1,1,20261003,completed,/project/disease_ecology/STGNN-output/neural_a0_architecture_audit/models/N3-K1_fold1_seed20261003.pt,1,19.345797061920166,12,True
N3-K1_fold1_seed20261004,N3,N3-K1,1,20261004,completed,/project/disease_ecology/STGNN-output/neural_a0_architecture_audit/models/N3-K1_fold1_seed20261004.pt,1,20.445704698562622,12,True
N3-K1_fold1_seed20261005,N3,N3-K1,1,20261005,completed,/project/disease_ecology/STGNN-output/neural_a0_architecture_audit/models/N3-K1_fold1_seed20261005.pt,1,19.54755735397339,12,True
N3-K1_fold1_seed20261006,N3,N3-K1,1,20261006,completed,/project/disease_ecology/STGNN-output/neural_a0_architecture_audit/models/N3-K1_fold1_seed20261006.pt,1,13.8782639503479,12,True
N3-K1_fold2_seed20261002,N3,N3-K1,2,20261002,completed,/project/disease_ecology/STGNN-output/neural_a0_architecture_audit/models/N3-K1_fold2_seed20261002.pt,1,20.30845808982849,12,True
N3-K1_fold2_seed20261003,N3,N3-K1,2,20261003,completed,/project/disease_ecology/STGNN-output/neural_a0_architecture_audit/models/N3-K1_fold2_seed20261003.pt,1,19.856638431549072,12,True
N3-K1_fold2_seed20261004,N3,N3-K1,2,20261004,completed,/project/disease_ecology/STGNN-output/neural_a0_architecture_audit/models/N3-K1_fold2_seed20261004.pt,1,19.046009063720703,12,True
N3-K1_fold2_seed20261005,N3,N3-K1,2,20261005,completed,/project/disease_ecology/STGNN-output/neural_a0_architecture_audit/models/N3-K1_fold2_seed20261005.pt,1,20.320362329483032,12,True
N3-K1_fold2_seed20261006,N3,N3-K1,2,20261006,completed,/project/disease_ecology/STGNN-output/neural_a0_architecture_audit/models/N3-K1_fold2_seed20261006.pt,1,20.321232318878174,12,True
N3-K1_fold3_seed20261002,N3,N3-K1,3,20261002,completed,/project/disease_ecology/STGNN-output/neural_a0_architecture_audit/models/N3-K1_fold3_seed20261002.pt,1,20.805274963378906,12,True
N3-K1_fold3_seed20261003,N3,N3-K1,3,20261003,completed,/project/disease_ecology/STGNN-output/neural_a0_architecture_audit/models/N3-K1_fold3_seed20261003.pt,1,20.666815519332886,12,True
N3-K1_fold3_seed20261004,N3,N3-K1,3,20261004,completed,/project/disease_ecology/STGNN-output/neural_a0_architecture_audit/models/N3-K1_fold3_seed20261004.pt,1,19.984883785247803,12,True
N3-K1_fold3_seed20261005,N3,N3-K1,3,20261005,completed,/project/disease_ecology/STGNN-output/neural_a0_architecture_audit/models/N3-K1_fold3_seed20261005.pt,1,15.861727237701416,12,True
N3-K1_fold3_seed20261006,N3,N3-K1,3,20261006,completed,/project/disease_ecology/STGNN-output/neural_a0_architecture_audit/models/N3-K1_fold3_seed20261006.pt,1,21.66788601875305,12,True
N3-K1_fold4_seed20261002,N3,N3-K1,4,20261002,completed,/project/disease_ecology/STGNN-output/neural_a0_architecture_audit/models/N3-K1_fold4_seed20261002.pt,1,20.69545555114746,12,True
N3-K1_fold4_seed20261003,N3,N3-K1,4,20261003,completed,/project/disease_ecology/STGNN-output/neural_a0_architecture_audit/models/N3-K1_fold4_seed20261003.pt,1,17.12456512451172,12,True
N3-K1_fold4_seed20261004,N3,N3-K1,4,20261004,completed,/project/disease_ecology/STGNN-output/neural_a0_architecture_audit/models/N3-K1_fold4_seed20261004.pt,1,22.391862154006958,12,True
N3-K1_fold4_seed20261005,N3,N3-K1,4,20261005,completed,/project/disease_ecology/STGNN-output/neural_a0_architecture_audit/models/N3-K1_fold4_seed20261005.pt,1,20.324740648269653,12,True
N3-K1_fold4_seed20261006,N3,N3-K1,4,20261006,completed,/project/disease_ecology/STGNN-output/neural_a0_architecture_audit/models/N3-K1_fold4_seed20261006.pt,1,20.408926725387573,12,True
N3-K3_fold1_seed20261002,N3,N3-K3,1,20261002,completed,/project/disease_ecology/STGNN-output/neural_a0_architecture_audit/models/N3-K3_fold1_seed20261002.pt,1,14.308753252029419,12,True
N3-K3_fold1_seed20261003,N3,N3-K3,1,20261003,completed,/project/disease_ecology/STGNN-output/neural_a0_architecture_audit/models/N3-K3_fold1_seed20261003.pt,1,21.251906633377075,12,True
N3-K3_fold1_seed20261004,N3,N3-K3,1,20261004,completed,/project/disease_ecology/STGNN-output/neural_a0_architecture_audit/models/N3-K3_fold1_seed20261004.pt,1,22.18871021270752,12,True
N3-K3_fold1_seed20261005,N3,N3-K3,1,20261005,completed,/project/disease_ecology/STGNN-output/neural_a0_architecture_audit/models/N3-K3_fold1_seed20261005.pt,1,21.417179346084595,12,True
N3-K3_fold1_seed20261006,N3,N3-K3,1,20261006,completed,/project/disease_ecology/STGNN-output/neural_a0_architecture_audit/models/N3-K3_fold1_seed20261006.pt,1,17.199873208999634,12,True
N3-K3_fold2_seed20261002,N3,N3-K3,2,20261002,completed,/project/disease_ecology/STGNN-output/neural_a0_architecture_audit/models/N3-K3_fold2_seed20261002.pt,1,21.30604338645935,12,True
N3-K3_fold2_seed20261003,N3,N3-K3,2,20261003,completed,/project/disease_ecology/STGNN-output/neural_a0_architecture_audit/models/N3-K3_fold2_seed20261003.pt,1,22.72264051437378,12,True
N3-K3_fold2_seed20261004,N3,N3-K3,2,20261004,completed,/project/disease_ecology/STGNN-output/neural_a0_architecture_audit/models/N3-K3_fold2_seed20261004.pt,1,22.51266360282898,12,True
N3-K3_fold2_seed20261005,N3,N3-K3,2,20261005,completed,/project/disease_ecology/STGNN-output/neural_a0_architecture_audit/models/N3-K3_fold2_seed20261005.pt,1,19.65067982673645,12,True
N3-K3_fold2_seed20261006,N3,N3-K3,2,20261006,completed,/project/disease_ecology/STGNN-output/neural_a0_architecture_audit/models/N3-K3_fold2_seed20261006.pt,1,22.6692955493927,12,True
N3-K3_fold3_seed20261002,N3,N3-K3,3,20261002,completed,/project/disease_ecology/STGNN-output/neural_a0_architecture_audit/models/N3-K3_fold3_seed20261002.pt,1,23.85854935646057,12,True
N3-K3_fold3_seed20261003,N3,N3-K3,3,20261003,completed,/project/disease_ecology/STGNN-output/neural_a0_architecture_audit/models/N3-K3_fold3_seed20261003.pt,1,24.22192931175232,12,True
N3-K3_fold3_seed20261004,N3,N3-K3,3,20261004,completed,/project/disease_ecology/STGNN-output/neural_a0_architecture_audit/models/N3-K3_fold3_seed20261004.pt,1,19.25060200691223,12,True
N3-K3_fold3_seed20261005,N3,N3-K3,3,20261005,completed,/project/disease_ecology/STGNN-output/neural_a0_architecture_audit/models/N3-K3_fold3_seed20261005.pt,1,22.607986450195312,12,True
N3-K3_fold3_seed20261006,N3,N3-K3,3,20261006,completed,/project/disease_ecology/STGNN-output/neural_a0_architecture_audit/models/N3-K3_fold3_seed20261006.pt,1,25.54469895362854,12,True
N3-K3_fold4_seed20261002,N3,N3-K3,4,20261002,completed,/project/disease_ecology/STGNN-output/neural_a0_architecture_audit/models/N3-K3_fold4_seed20261002.pt,1,20.564025402069092,12,True
N3-K3_fold4_seed20261003,N3,N3-K3,4,20261003,completed,/project/disease_ecology/STGNN-output/neural_a0_architecture_audit/models/N3-K3_fold4_seed20261003.pt,1,25.247057676315308,12,True
N3-K3_fold4_seed20261004,N3,N3-K3,4,20261004,completed,/project/disease_ecology/STGNN-output/neural_a0_architecture_audit/models/N3-K3_fold4_seed20261004.pt,1,23.184768199920654,12,True
N3-K3_fold4_seed20261005,N3,N3-K3,4,20261005,completed,/project/disease_ecology/STGNN-output/neural_a0_architecture_audit/models/N3-K3_fold4_seed20261005.pt,1,20.978328704833984,12,True
N3-K3_fold4_seed20261006,N3,N3-K3,4,20261006,completed,/project/disease_ecology/STGNN-output/neural_a0_architecture_audit/models/N3-K3_fold4_seed20261006.pt,1,25.081934928894043,12,True
N4-E12_fold1_seed20261002,N4,N4-E12,1,20261002,completed,/project/disease_ecology/STGNN-output/neural_a0_architecture_audit/models/N4-E12_fold1_seed20261002.pt,1,14.625438451766968,12,True
N4-E12_fold1_seed20261003,N4,N4-E12,1,20261003,completed,/project/disease_ecology/STGNN-output/neural_a0_architecture_audit/models/N4-E12_fold1_seed20261003.pt,1,20.648252725601196,12,True
N4-E12_fold1_seed20261004,N4,N4-E12,1,20261004,completed,/project/disease_ecology/STGNN-output/neural_a0_architecture_audit/models/N4-E12_fold1_seed20261004.pt,1,21.6840558052063,12,True
N4-E12_fold1_seed20261005,N4,N4-E12,1,20261005,completed,/project/disease_ecology/STGNN-output/neural_a0_architecture_audit/models/N4-E12_fold1_seed20261005.pt,1,22.231831550598145,12,True
N4-E12_fold1_seed20261006,N4,N4-E12,1,20261006,completed,/project/disease_ecology/STGNN-output/neural_a0_architecture_audit/models/N4-E12_fold1_seed20261006.pt,1,18.958105325698853,12,True
N4-E12_fold2_seed20261002,N4,N4-E12,2,20261002,completed,/project/disease_ecology/STGNN-output/neural_a0_architecture_audit/models/N4-E12_fold2_seed20261002.pt,1,22.66960620880127,12,True
N4-E12_fold2_seed20261003,N4,N4-E12,2,20261003,completed,/project/disease_ecology/STGNN-output/neural_a0_architecture_audit/models/N4-E12_fold2_seed20261003.pt,1,22.3118634223938,12,True
N4-E12_fold2_seed20261004,N4,N4-E12,2,20261004,completed,/project/disease_ecology/STGNN-output/neural_a0_architecture_audit/models/N4-E12_fold2_seed20261004.pt,1,23.096402168273926,12,True
N4-E12_fold2_seed20261005,N4,N4-E12,2,20261005,completed,/project/disease_ecology/STGNN-output/neural_a0_architecture_audit/models/N4-E12_fold2_seed20261005.pt,1,19.444409370422363,12,True
N4-E12_fold2_seed20261006,N4,N4-E12,2,20261006,completed,/project/disease_ecology/STGNN-output/neural_a0_architecture_audit/models/N4-E12_fold2_seed20261006.pt,1,25.050275802612305,12,True
N4-E12_fold3_seed20261002,N4,N4-E12,3,20261002,completed,/project/disease_ecology/STGNN-output/neural_a0_architecture_audit/models/N4-E12_fold3_seed20261002.pt,1,24.358933925628662,12,True
N4-E12_fold3_seed20261003,N4,N4-E12,3,20261003,completed,/project/disease_ecology/STGNN-output/neural_a0_architecture_audit/models/N4-E12_fold3_seed20261003.pt,1,24.655007362365723,12,True
N4-E12_fold3_seed20261004,N4,N4-E12,3,20261004,completed,/project/disease_ecology/STGNN-output/neural_a0_architecture_audit/models/N4-E12_fold3_seed20261004.pt,1,20.648261308670044,12,True
N4-E12_fold3_seed20261005,N4,N4-E12,3,20261005,completed,/project/disease_ecology/STGNN-output/neural_a0_architecture_audit/models/N4-E12_fold3_seed20261005.pt,1,24.921412467956543,12,True
N4-E12_fold3_seed20261006,N4,N4-E12,3,20261006,completed,/project/disease_ecology/STGNN-output/neural_a0_architecture_audit/models/N4-E12_fold3_seed20261006.pt,1,25.972805500030518,12,True
N4-E12_fold4_seed20261002,N4,N4-E12,4,20261002,completed,/project/disease_ecology/STGNN-output/neural_a0_architecture_audit/models/N4-E12_fold4_seed20261002.pt,1,23.439982414245605,12,True
N4-E12_fold4_seed20261003,N4,N4-E12,4,20261003,completed,/project/disease_ecology/STGNN-output/neural_a0_architecture_audit/models/N4-E12_fold4_seed20261003.pt,1,20.77526593208313,12,True
N4-E12_fold4_seed20261004,N4,N4-E12,4,20261004,completed,/project/disease_ecology/STGNN-output/neural_a0_architecture_audit/models/N4-E12_fold4_seed20261004.pt,1,25.261593103408813,12,True
N4-E12_fold4_seed20261005,N4,N4-E12,4,20261005,completed,/project/disease_ecology/STGNN-output/neural_a0_architecture_audit/models/N4-E12_fold4_seed20261005.pt,1,25.549102067947388,12,True
N4-E12_fold4_seed20261006,N4,N4-E12,4,20261006,completed,/project/disease_ecology/STGNN-output/neural_a0_architecture_audit/models/N4-E12_fold4_seed20261006.pt,1,26.110524892807007,12,True
N4-E36_fold1_seed20261002,N4,N4-E36,1,20261002,completed,/project/disease_ecology/STGNN-output/neural_a0_architecture_audit/models/N4-E36_fold1_seed20261002.pt,1,47.63185429573059,36,True
N4-E36_fold1_seed20261003,N4,N4-E36,1,20261003,completed,/project/disease_ecology/STGNN-output/neural_a0_architecture_audit/models/N4-E36_fold1_seed20261003.pt,1,63.93444347381592,36,True
N4-E36_fold1_seed20261004,N4,N4-E36,1,20261004,completed,/project/disease_ecology/STGNN-output/neural_a0_architecture_audit/models/N4-E36_fold1_seed20261004.pt,1,63.468074798583984,36,True
N4-E36_fold1_seed20261005,N4,N4-E36,1,20261005,completed,/project/disease_ecology/STGNN-output/neural_a0_architecture_audit/models/N4-E36_fold1_seed20261005.pt,1,63.734150886535645,36,True
N4-E36_fold1_seed20261006,N4,N4-E36,1,20261006,completed,/project/disease_ecology/STGNN-output/neural_a0_architecture_audit/models/N4-E36_fold1_seed20261006.pt,1,50.93415904045105,36,True
N4-E36_fold2_seed20261002,N4,N4-E36,2,20261002,completed,/project/disease_ecology/STGNN-output/neural_a0_architecture_audit/models/N4-E36_fold2_seed20261002.pt,1,67.27916216850281,36,True
N4-E36_fold2_seed20261003,N4,N4-E36,2,20261003,completed,/project/disease_ecology/STGNN-output/neural_a0_architecture_audit/models/N4-E36_fold2_seed20261003.pt,1,70.9411108493805,36,True
N4-E36_fold2_seed20261004,N4,N4-E36,2,20261004,completed,/project/disease_ecology/STGNN-output/neural_a0_architecture_audit/models/N4-E36_fold2_seed20261004.pt,1,68.7744071483612,36,True
N4-E36_fold2_seed20261005,N4,N4-E36,2,20261005,completed,/project/disease_ecology/STGNN-output/neural_a0_architecture_audit/models/N4-E36_fold2_seed20261005.pt,1,54.8398277759552,36,True
N4-E36_fold2_seed20261006,N4,N4-E36,2,20261006,completed,/project/disease_ecology/STGNN-output/neural_a0_architecture_audit/models/N4-E36_fold2_seed20261006.pt,1,71.7284243106842,36,True
N4-E36_fold3_seed20261002,N4,N4-E36,3,20261002,completed,/project/disease_ecology/STGNN-output/neural_a0_architecture_audit/models/N4-E36_fold3_seed20261002.pt,1,70.71100068092346,36,True
N4-E36_fold3_seed20261003,N4,N4-E36,3,20261003,completed,/project/disease_ecology/STGNN-output/neural_a0_architecture_audit/models/N4-E36_fold3_seed20261003.pt,1,73.235102891922,36,True
N4-E36_fold3_seed20261004,N4,N4-E36,3,20261004,completed,/project/disease_ecology/STGNN-output/neural_a0_architecture_audit/models/N4-E36_fold3_seed20261004.pt,1,59.84086513519287,36,True
N4-E36_fold3_seed20261005,N4,N4-E36,3,20261005,completed,/project/disease_ecology/STGNN-output/neural_a0_architecture_audit/models/N4-E36_fold3_seed20261005.pt,1,75.2126190662384,36,True
N4-E36_fold3_seed20261006,N4,N4-E36,3,20261006,completed,/project/disease_ecology/STGNN-output/neural_a0_architecture_audit/models/N4-E36_fold3_seed20261006.pt,1,74.52469611167908,36,True
N4-E36_fold4_seed20261002,N4,N4-E36,4,20261002,completed,/project/disease_ecology/STGNN-output/neural_a0_architecture_audit/models/N4-E36_fold4_seed20261002.pt,1,72.91284012794495,36,True
N4-E36_fold4_seed20261003,N4,N4-E36,4,20261003,completed,/project/disease_ecology/STGNN-output/neural_a0_architecture_audit/models/N4-E36_fold4_seed20261003.pt,1,60.99187874794006,36,True
N4-E36_fold4_seed20261004,N4,N4-E36,4,20261004,completed,/project/disease_ecology/STGNN-output/neural_a0_architecture_audit/models/N4-E36_fold4_seed20261004.pt,1,73.38722062110901,36,True
N4-E36_fold4_seed20261005,N4,N4-E36,4,20261005,completed,/project/disease_ecology/STGNN-output/neural_a0_architecture_audit/models/N4-E36_fold4_seed20261005.pt,1,75.55625581741333,36,True
N4-E36_fold4_seed20261006,N4,N4-E36,4,20261006,completed,/project/disease_ecology/STGNN-output/neural_a0_architecture_audit/models/N4-E36_fold4_seed20261006.pt,1,74.36563968658447,36,True
