task_id,model_id,fold,seed,mean_predicted_probability,median_predicted_probability,p90_predicted_probability,p95_predicted_probability,p99_predicted_probability,maximum_predicted_probability,mean_positive_probability,mean_negative_probability,observed_prevalence
N1-R_fold1_seed20261002,N1-R,1,20261002,0.5035521388053894,0.5042829513549805,0.5391570925712585,0.5506934523582458,0.5781831741333008,0.6190641522407532,0.5046895146369934,0.5035337805747986,0.015895034526099586
N1-R_fold1_seed20261003,N1-R,1,20261003,0.34359100461006165,0.3471352458000183,0.3796088993549347,0.3872392177581787,0.3975595235824585,0.44716528058052063,0.37950971722602844,0.3430108428001404,0.015895034526099586
N1-R_fold1_seed20261004,N1-R,1,20261004,0.5724084377288818,0.5730392932891846,0.600542426109314,0.6084669232368469,0.6203075647354126,0.6559790372848511,0.5845537781715393,0.5722121596336365,0.015895034526099586
N1-R_fold1_seed20261005,N1-R,1,20261005,0.3291706144809723,0.33556556701660156,0.364393949508667,0.37458544969558716,0.39301273226737976,0.4533632695674896,0.35679060220718384,0.3287245035171509,0.015895034526099586
N1-R_fold1_seed20261006,N1-R,1,20261006,0.26258552074432373,0.25953710079193115,0.288213849067688,0.29758983850479126,0.3146570026874542,0.4697122573852539,0.27118954062461853,0.2624465823173523,0.015895034526099586
N1-R_fold2_seed20261002,N1-R,2,20261002,0.47832468152046204,0.4690587818622589,0.5450310707092285,0.5670745968818665,0.5961433053016663,0.6280824542045593,0.4529908001422882,0.47879675030708313,0.018293851212053864
N1-R_fold2_seed20261003,N1-R,2,20261003,0.2721731662750244,0.26955610513687134,0.3118765950202942,0.3301921784877777,0.3614029586315155,0.4093724191188812,0.34431761503219604,0.2708287537097931,0.018293851212053864
N1-R_fold2_seed20261004,N1-R,2,20261004,0.4741848111152649,0.4747074842453003,0.5151748657226562,0.5216794013977051,0.5342611074447632,0.5806236863136292,0.5150994658470154,0.4734223783016205,0.018293851212053864
N1-R_fold2_seed20261005,N1-R,2,20261005,0.2484016716480255,0.24701043963432312,0.28176000714302063,0.29066455364227295,0.30860188603401184,0.4706018567085266,0.27431634068489075,0.2479187697172165,0.018293851212053864
N1-R_fold2_seed20261006,N1-R,2,20261006,0.22439183294773102,0.22081145644187927,0.25087106227874756,0.26404210925102234,0.2865990698337555,0.47237569093704224,0.2405395209789276,0.22409093379974365,0.018293851212053864
N1-R_fold3_seed20261002,N1-R,3,20261002,0.4508288502693176,0.4505898952484131,0.5155124664306641,0.5320848822593689,0.5499223470687866,0.5913084745407104,0.38674888014793396,0.4519609212875366,0.01736076516887516
N1-R_fold3_seed20261003,N1-R,3,20261003,0.22662784159183502,0.22317957878112793,0.26126736402511597,0.2823169231414795,0.3108077645301819,0.3447767496109009,0.2861728370189667,0.22557581961154938,0.01736076516887516
N1-R_fold3_seed20261004,N1-R,3,20261004,0.3908066153526306,0.39135199785232544,0.42214643955230713,0.430563747882843,0.44643548130989075,0.48325783014297485,0.42356905341148376,0.3902277946472168,0.01736076516887516
N1-R_fold3_seed20261005,N1-R,3,20261005,0.18471504747867584,0.18367710709571838,0.20918481051921844,0.2219095379114151,0.24907077848911285,0.44234204292297363,0.20658108592033386,0.18432871997356415,0.01736076516887516
N1-R_fold3_seed20261006,N1-R,3,20261006,0.19125358760356903,0.1886562705039978,0.21694937348365784,0.22546562552452087,0.24233347177505493,0.46594277024269104,0.1887451410293579,0.19129790365695953,0.01736076516887516
N1-R_fold4_seed20261002,N1-R,4,20261002,0.3561473488807678,0.3532591164112091,0.393973171710968,0.4157431125640869,0.4553729295730591,0.50813889503479,0.3442995846271515,0.35649701952934265,0.028668924977582944
N1-R_fold4_seed20261003,N1-R,4,20261003,0.18516995012760162,0.1785230040550232,0.2263404279947281,0.24457909166812897,0.2884697914123535,0.31602343916893005,0.24348880350589752,0.1834486722946167,0.028668924977582944
N1-R_fold4_seed20261004,N1-R,4,20261004,0.33565858006477356,0.334971159696579,0.3698965609073639,0.37983909249305725,0.4010128974914551,0.44615328311920166,0.3651684522628784,0.3347875773906708,0.028668924977582944
N1-R_fold4_seed20261005,N1-R,4,20261005,0.1493438333272934,0.14489173889160156,0.17584599554538727,0.1935892105102539,0.21595756709575653,0.3982020616531372,0.17573238909244537,0.14856497943401337,0.028668924977582944
N1-R_fold4_seed20261006,N1-R,4,20261006,0.1542789191007614,0.15319548547267914,0.16660594940185547,0.17152467370033264,0.1808621883392334,0.4073338210582733,0.16421344876289368,0.15398570895195007,0.028668924977582944
N1-E_fold1_seed20261002,N1-E,1,20261002,0.48170962929725647,0.48338082432746887,0.5149385929107666,0.5232663750648499,0.5392788052558899,0.5865741968154907,0.48104962706565857,0.48172029852867126,0.015895034526099586
N1-E_fold1_seed20261003,N1-E,1,20261003,0.2802363932132721,0.27639251947402954,0.3139714300632477,0.32228899002075195,0.3357642590999603,0.3739476203918457,0.2733164429664612,0.28034815192222595,0.015895034526099586
N1-E_fold1_seed20261004,N1-E,1,20261004,0.528786301612854,0.5360256433486938,0.5511561036109924,0.5566394329071045,0.5639156699180603,0.5899014472961426,0.5147469639778137,0.5290129780769348,0.015895034526099586
N1-E_fold1_seed20261005,N1-E,1,20261005,0.28204646706581116,0.28882429003715515,0.310211718082428,0.3134516179561615,0.3307963013648987,0.4531908929347992,0.3094005882740021,0.2816046476364136,0.015895034526099586
N1-E_fold1_seed20261006,N1-E,1,20261006,0.23579780757427216,0.23288406431674957,0.26330792903900146,0.2735374867916107,0.289225310087204,0.4695917069911957,0.2328328788280487,0.23584569990634918,0.015895034526099586
N1-E_fold2_seed20261002,N1-E,2,20261002,0.4546145796775818,0.4490380883216858,0.5186111927032471,0.5391398668289185,0.5708904266357422,0.605103075504303,0.42875707149505615,0.45509645342826843,0.018293851212053864
N1-E_fold2_seed20261003,N1-E,2,20261003,0.2342303991317749,0.2319641262292862,0.26364535093307495,0.27557265758514404,0.29931870102882385,0.3273768723011017,0.23829317092895508,0.23415470123291016,0.018293851212053864
N1-E_fold2_seed20261004,N1-E,2,20261004,0.4359835088253021,0.43800976872444153,0.464176207780838,0.4705744981765747,0.483438104391098,0.531810998916626,0.43708235025405884,0.4359630346298218,0.018293851212053864
N1-E_fold2_seed20261005,N1-E,2,20261005,0.23575180768966675,0.23399144411087036,0.27160534262657166,0.27663275599479675,0.2836242616176605,0.4703283905982971,0.2565506100654602,0.23536422848701477,0.018293851212053864
N1-E_fold2_seed20261006,N1-E,2,20261006,0.18690739572048187,0.18575559556484222,0.2120300978422165,0.2198392152786255,0.23414888978004456,0.46536561846733093,0.18035902082920074,0.18702943623065948,0.018293851212053864
N1-E_fold3_seed20261002,N1-E,3,20261002,0.41681280732154846,0.41462981700897217,0.4816746711730957,0.49955862760543823,0.517493486404419,0.5481255054473877,0.36028701066970825,0.41781145334243774,0.01736076516887516
N1-E_fold3_seed20261003,N1-E,3,20261003,0.19051070511341095,0.18913593888282776,0.2125367969274521,0.22129255533218384,0.24217188358306885,0.2899050712585449,0.20392866432666779,0.19027364253997803,0.01736076516887516
N1-E_fold3_seed20261004,N1-E,3,20261004,0.3475118577480316,0.3492637276649475,0.37116408348083496,0.3768478333950043,0.38650888204574585,0.45196110010147095,0.32398542761802673,0.3479275107383728,0.01736076516887516
N1-E_fold3_seed20261005,N1-E,3,20261005,0.17818543314933777,0.1766306459903717,0.20315900444984436,0.21244119107723236,0.22664335370063782,0.44167643785476685,0.19514498114585876,0.17788580060005188,0.01736076516887516
N1-E_fold3_seed20261006,N1-E,3,20261006,0.14453047513961792,0.1424444019794464,0.1709832400083542,0.1778053343296051,0.1895555555820465,0.4587169289588928,0.13073208928108215,0.14477425813674927,0.01736076516887516
N1-E_fold4_seed20261002,N1-E,4,20261002,0.33539503812789917,0.3321264684200287,0.36826208233833313,0.3795437812805176,0.4097587764263153,0.46474435925483704,0.3177265226840973,0.33591651916503906,0.028668924977582944
N1-E_fold4_seed20261003,N1-E,4,20261003,0.15599839389324188,0.152329683303833,0.18318776786327362,0.19455426931381226,0.21259893476963043,0.26361849904060364,0.1664796769618988,0.1556890308856964,0.028668924977582944
N1-E_fold4_seed20261004,N1-E,4,20261004,0.2723342478275299,0.2745700180530548,0.2941957116127014,0.3003564476966858,0.3140103816986084,0.35739603638648987,0.2554515302181244,0.2728325426578522,0.028668924977582944
N1-E_fold4_seed20261005,N1-E,4,20261005,0.14068257808685303,0.13819745182991028,0.15632322430610657,0.1640949547290802,0.18494220077991486,0.3927949368953705,0.1525341272354126,0.14033278822898865,0.028668924977582944
N1-E_fold4_seed20261006,N1-E,4,20261006,0.11226478219032288,0.10729674249887466,0.13695260882377625,0.1420489400625229,0.1515263468027115,0.40569502115249634,0.1055435836315155,0.11246316879987717,0.028668924977582944
N2-R_fold1_seed20261002,N2-R,1,20261002,0.48170962929725647,0.48338082432746887,0.5149385929107666,0.5232663750648499,0.5392788052558899,0.5865741968154907,0.48104965686798096,0.48172029852867126,0.015895034526099586
N2-R_fold1_seed20261003,N2-R,1,20261003,0.2802363932132721,0.27639251947402954,0.3139714300632477,0.32228899002075195,0.3357643187046051,0.3739476203918457,0.2733164429664612,0.28034815192222595,0.015895034526099586
N2-R_fold1_seed20261004,N2-R,1,20261004,0.528786301612854,0.5360256433486938,0.5511561036109924,0.5566394925117493,0.5639156699180603,0.5899014472961426,0.514746904373169,0.5290129780769348,0.015895034526099586
N2-R_fold1_seed20261005,N2-R,1,20261005,0.28204646706581116,0.28882429003715515,0.310211718082428,0.3134516179561615,0.3307963013648987,0.4531908929347992,0.3094005882740021,0.2816046476364136,0.015895034526099586
N2-R_fold1_seed20261006,N2-R,1,20261006,0.23579780757427216,0.23288406431674957,0.2633078992366791,0.27353745698928833,0.289225310087204,0.4695917069911957,0.2328328788280487,0.235845685005188,0.015895034526099586
N2-R_fold2_seed20261002,N2-R,2,20261002,0.4546145796775818,0.4490380883216858,0.5186111927032471,0.5391398668289185,0.5708904266357422,0.605103075504303,0.42875707149505615,0.45509645342826843,0.018293851212053864
N2-R_fold2_seed20261003,N2-R,2,20261003,0.2342303991317749,0.23196418583393097,0.26364535093307495,0.27557262778282166,0.29931873083114624,0.3273768424987793,0.23829317092895508,0.23415470123291016,0.018293851212053864
N2-R_fold2_seed20261004,N2-R,2,20261004,0.4359835088253021,0.43800976872444153,0.464176207780838,0.47057461738586426,0.4834381341934204,0.531810998916626,0.43708235025405884,0.4359630346298218,0.018293851212053864
N2-R_fold2_seed20261005,N2-R,2,20261005,0.23575182259082794,0.23399145901203156,0.27160534262657166,0.27663275599479675,0.2836242616176605,0.4703283905982971,0.2565505802631378,0.23536422848701477,0.018293851212053864
N2-R_fold2_seed20261006,N2-R,2,20261006,0.18690739572048187,0.18575559556484222,0.2120300978422165,0.2198392152786255,0.23414888978004456,0.46536561846733093,0.18035902082920074,0.18702943623065948,0.018293851212053864
N2-R_fold3_seed20261002,N2-R,3,20261002,0.41681280732154846,0.41462984681129456,0.4816746711730957,0.49955862760543823,0.517493486404419,0.5481255054473877,0.36028704047203064,0.4178115129470825,0.01736076516887516
N2-R_fold3_seed20261003,N2-R,3,20261003,0.19051070511341095,0.18913593888282776,0.2125367969274521,0.22129255533218384,0.24217188358306885,0.28990504145622253,0.20392866432666779,0.19027364253997803,0.01736076516887516
N2-R_fold3_seed20261004,N2-R,3,20261004,0.3475118577480316,0.3492636978626251,0.37116408348083496,0.3768478035926819,0.38650888204574585,0.45196107029914856,0.32398542761802673,0.3479275107383728,0.01736076516887516
N2-R_fold3_seed20261005,N2-R,3,20261005,0.17818541824817657,0.1766306459903717,0.20315897464752197,0.21244119107723236,0.22664332389831543,0.44167643785476685,0.19514498114585876,0.17788580060005188,0.01736076516887516
N2-R_fold3_seed20261006,N2-R,3,20261006,0.14453047513961792,0.14244438707828522,0.170983225107193,0.1778053343296051,0.1895555555820465,0.4587169289588928,0.13073208928108215,0.14477425813674927,0.01736076516887516
N2-R_fold4_seed20261002,N2-R,4,20261002,0.33539503812789917,0.3321264684200287,0.36826208233833313,0.3795437812805176,0.4097587764263153,0.46474435925483704,0.3177265226840973,0.33591651916503906,0.028668924977582944
N2-R_fold4_seed20261003,N2-R,4,20261003,0.15599839389324188,0.15232966840267181,0.18318775296211243,0.19455428421497345,0.21259891986846924,0.26361849904060364,0.1664796769618988,0.1556890308856964,0.028668924977582944
N2-R_fold4_seed20261004,N2-R,4,20261004,0.2723342478275299,0.2745700478553772,0.2941957414150238,0.3003564178943634,0.3140103816986084,0.35739603638648987,0.2554515600204468,0.2728325426578522,0.028668924977582944
N2-R_fold4_seed20261005,N2-R,4,20261005,0.14068257808685303,0.13819743692874908,0.15632320940494537,0.1640949547290802,0.18494220077991486,0.3927949368953705,0.1525341272354126,0.14033278822898865,0.028668924977582944
N2-R_fold4_seed20261006,N2-R,4,20261006,0.11226479709148407,0.10729674249887466,0.13695263862609863,0.1420489251613617,0.1515263468027115,0.40569502115249634,0.1055435836315155,0.11246316879987717,0.028668924977582944
N2-G0_fold1_seed20261002,N2-G0,1,20261002,0.3137091100215912,0.3065738081932068,0.3521645665168762,0.3617180585861206,0.3701435625553131,0.38218382000923157,0.30696403980255127,0.3138180077075958,0.015895034526099586
N2-G0_fold1_seed20261003,N2-G0,1,20261003,0.3841795325279236,0.3815414309501648,0.40031328797340393,0.41311877965927124,0.435352623462677,0.4749138653278351,0.3833797872066498,0.38419243693351746,0.015895034526099586
N2-G0_fold1_seed20261004,N2-G0,1,20261004,0.1793929785490036,0.1789303869009018,0.19764438271522522,0.20460522174835205,0.21924889087677002,0.24801719188690186,0.17665956914424896,0.17943710088729858,0.015895034526099586
N2-G0_fold1_seed20261005,N2-G0,1,20261005,0.25307777523994446,0.2538595497608185,0.2725217640399933,0.2779397666454315,0.2903688848018646,0.31261971592903137,0.2498295158147812,0.2531302273273468,0.015895034526099586
N2-G0_fold1_seed20261006,N2-G0,1,20261006,0.36633679270744324,0.3667517602443695,0.3798582851886749,0.38590335845947266,0.3986409902572632,0.4254254996776581,0.35528990626335144,0.36651524901390076,0.015895034526099586
N2-G0_fold2_seed20261002,N2-G0,2,20261002,0.2462422251701355,0.24847790598869324,0.25929078459739685,0.2630411982536316,0.268567830324173,0.28672146797180176,0.2586780786514282,0.24601049721240997,0.018293851212053864
N2-G0_fold2_seed20261003,N2-G0,2,20261003,0.3448759913444519,0.3442322909832001,0.37780648469924927,0.3908795416355133,0.4339923858642578,0.4829563498497009,0.31452542543411255,0.3454415798187256,0.018293851212053864
N2-G0_fold2_seed20261004,N2-G0,2,20261004,0.14221490919589996,0.14049828052520752,0.15975084900856018,0.165991872549057,0.1762683242559433,0.19601283967494965,0.13730797171592712,0.1423063576221466,0.018293851212053864
N2-G0_fold2_seed20261005,N2-G0,2,20261005,0.19469420611858368,0.19372855126857758,0.21895582973957062,0.22349634766578674,0.2300175577402115,0.24041780829429626,0.19149360060691833,0.19475385546684265,0.018293851212053864
N2-G0_fold2_seed20261006,N2-G0,2,20261006,0.2889895439147949,0.28937748074531555,0.3059169352054596,0.3093031346797943,0.3158051669597626,0.3311616778373718,0.2892177402973175,0.2889852821826935,0.018293851212053864
N2-G0_fold3_seed20261002,N2-G0,3,20261002,0.1867242157459259,0.1860741376876831,0.19852298498153687,0.20316721498966217,0.21399739384651184,0.24071429669857025,0.2039780467748642,0.18641936779022217,0.01736076516887516
N2-G0_fold3_seed20261003,N2-G0,3,20261003,0.28744417428970337,0.29259663820266724,0.3079259693622589,0.31377896666526794,0.33865630626678467,0.4039415121078491,0.26177698373794556,0.28789764642715454,0.01736076516887516
N2-G0_fold3_seed20261004,N2-G0,3,20261004,0.11493443697690964,0.11588837206363678,0.12387095391750336,0.12577776610851288,0.13535532355308533,0.15241074562072754,0.11243660748004913,0.11497855931520462,0.01736076516887516
N2-G0_fold3_seed20261005,N2-G0,3,20261005,0.14024853706359863,0.13730794191360474,0.16048911213874817,0.167186439037323,0.17633643746376038,0.18887437880039215,0.15452270209789276,0.13999633491039276,0.01736076516887516
N2-G0_fold3_seed20261006,N2-G0,3,20261006,0.21653692424297333,0.2160734087228775,0.23637089133262634,0.24409452080726624,0.25812828540802,0.2712063491344452,0.2033187597990036,0.2167704552412033,0.01736076516887516
N2-G0_fold4_seed20261002,N2-G0,4,20261002,0.13615907728672028,0.13480901718139648,0.14546546339988708,0.150854229927063,0.16412106156349182,0.2076748013496399,0.15078654885292053,0.13572734594345093,0.028668924977582944
N2-G0_fold4_seed20261003,N2-G0,4,20261003,0.21137161552906036,0.2094348967075348,0.2379227727651596,0.24162867665290833,0.24827879667282104,0.291729599237442,0.19723238050937653,0.21178892254829407,0.028668924977582944
N2-G0_fold4_seed20261004,N2-G0,4,20261004,0.08892019093036652,0.08761522173881531,0.0969456285238266,0.0998917818069458,0.10919292271137238,0.11983783543109894,0.09220496565103531,0.08882323652505875,0.028668924977582944
N2-G0_fold4_seed20261005,N2-G0,4,20261005,0.10573071986436844,0.10263213515281677,0.12334178388118744,0.12805628776550293,0.1340477466583252,0.14231128990650177,0.10729533433914185,0.10568453371524811,0.028668924977582944
N2-G0_fold4_seed20261006,N2-G0,4,20261006,0.15609398484230042,0.15312352776527405,0.18008340895175934,0.18902498483657837,0.20345833897590637,0.21612949669361115,0.1427653729915619,0.156487375497818,0.028668924977582944
N3-K1_fold1_seed20261002,N3-K1,1,20261002,0.3880031406879425,0.3913687467575073,0.4211043417453766,0.4284721910953522,0.44425761699676514,0.47212448716163635,0.3292838931083679,0.3889515995979309,0.015895034526099586
N3-K1_fold1_seed20261003,N3-K1,1,20261003,0.38727614283561707,0.38861480355262756,0.42153558135032654,0.42671260237693787,0.43748244643211365,0.4594896137714386,0.3619852364063263,0.3876846432685852,0.015895034526099586
N3-K1_fold1_seed20261004,N3-K1,1,20261004,0.38286441564559937,0.3819446563720703,0.40281811356544495,0.4101966619491577,0.4274948239326477,0.44428184628486633,0.39300522208213806,0.3827006220817566,0.015895034526099586
N3-K1_fold1_seed20261005,N3-K1,1,20261005,0.30655527114868164,0.30790650844573975,0.3412443995475769,0.34996798634529114,0.36595866084098816,0.38157230615615845,0.2995312213897705,0.3066686987876892,0.015895034526099586
N3-K1_fold1_seed20261006,N3-K1,1,20261006,0.29757454991340637,0.3019903004169464,0.31295016407966614,0.31629154086112976,0.3235384523868561,0.3499794900417328,0.31325411796569824,0.29732128977775574,0.015895034526099586
N3-K1_fold2_seed20261002,N3-K1,2,20261002,0.3197873532772064,0.33256906270980835,0.3483402729034424,0.35324278473854065,0.36664456129074097,0.4007393419742584,0.27202320098876953,0.32067739963531494,0.018293851212053864
N3-K1_fold2_seed20261003,N3-K1,2,20261003,0.34929442405700684,0.35066863894462585,0.38369861245155334,0.3921993672847748,0.4077610373497009,0.43546149134635925,0.31090566515922546,0.3500097692012787,0.018293851212053864
N3-K1_fold2_seed20261004,N3-K1,2,20261004,0.3284146785736084,0.32658472657203674,0.3508615493774414,0.3567963242530823,0.3641505241394043,0.39055511355400085,0.3372090756893158,0.32825082540512085,0.018293851212053864
N3-K1_fold2_seed20261005,N3-K1,2,20261005,0.2846846580505371,0.2889476418495178,0.31200799345970154,0.31686222553253174,0.32458019256591797,0.3479626774787903,0.25843486189842224,0.28517380356788635,0.018293851212053864
N3-K1_fold2_seed20261006,N3-K1,2,20261006,0.2793513834476471,0.27563536167144775,0.31084969639778137,0.3239591717720032,0.3398411273956299,0.37532761693000793,0.2775506377220154,0.27938491106033325,0.018293851212053864
N3-K1_fold3_seed20261002,N3-K1,3,20261002,0.27566611766815186,0.2806253433227539,0.30695420503616333,0.3112190365791321,0.3222404420375824,0.3530580997467041,0.25740179419517517,0.2759888172149658,0.01736076516887516
N3-K1_fold3_seed20261003,N3-K1,3,20261003,0.3124779760837555,0.31236764788627625,0.34985148906707764,0.3558441996574402,0.3670543134212494,0.4214472770690918,0.2711547315120697,0.31320804357528687,0.01736076516887516
N3-K1_fold3_seed20261004,N3-K1,3,20261004,0.28212133049964905,0.28031978011131287,0.3009600043296814,0.305874764919281,0.3150244653224945,0.32700446248054504,0.2947412133216858,0.2818984091281891,0.01736076516887516
N3-K1_fold3_seed20261005,N3-K1,3,20261005,0.2562486231327057,0.2573806941509247,0.2733999192714691,0.2786281406879425,0.2924588918685913,0.3205699324607849,0.24564868211746216,0.25643590092658997,0.01736076516887516
N3-K1_fold3_seed20261006,N3-K1,3,20261006,0.24872897565364838,0.24667122960090637,0.28035610914230347,0.28714483976364136,0.29628679156303406,0.3240492641925812,0.24230939149856567,0.24884235858917236,0.01736076516887516
N3-K1_fold4_seed20261002,N3-K1,4,20261002,0.24213522672653198,0.2434195578098297,0.2693990468978882,0.2732076644897461,0.2853415906429291,0.31437522172927856,0.2174268662929535,0.24286450445652008,0.028668924977582944
N3-K1_fold4_seed20261003,N3-K1,4,20261003,0.2557925283908844,0.2577417492866516,0.27653270959854126,0.2809378206729889,0.2921934425830841,0.32408738136291504,0.2301250696182251,0.2565501034259796,0.028668924977582944
N3-K1_fold4_seed20261004,N3-K1,4,20261004,0.24910956621170044,0.24584174156188965,0.2715264558792114,0.2801677882671356,0.2923097312450409,0.307644248008728,0.2578425705432892,0.24885180592536926,0.028668924977582944
N3-K1_fold4_seed20261005,N3-K1,4,20261005,0.21348164975643158,0.21573755145072937,0.23002563416957855,0.23384323716163635,0.2402946650981903,0.26611328125,0.20433950424194336,0.21375149488449097,0.028668924977582944
N3-K1_fold4_seed20261006,N3-K1,4,20261006,0.19119076430797577,0.19251835346221924,0.21345527470111847,0.21812716126441956,0.23455579578876495,0.26472604274749756,0.2075786590576172,0.19070705771446228,0.028668924977582944
N3-K3_fold1_seed20261002,N3-K3,1,20261002,0.48170962929725647,0.48338082432746887,0.5149385929107666,0.5232663750648499,0.5392788052558899,0.5865741968154907,0.48104965686798096,0.48172029852867126,0.015895034526099586
N3-K3_fold1_seed20261003,N3-K3,1,20261003,0.2802363932132721,0.27639251947402954,0.3139714300632477,0.32228896021842957,0.3357642590999603,0.3739476203918457,0.2733164429664612,0.28034815192222595,0.015895034526099586
N3-K3_fold1_seed20261004,N3-K3,1,20261004,0.528786301612854,0.5360256433486938,0.5511561036109924,0.5566394925117493,0.5639156699180603,0.5899014472961426,0.514746904373169,0.5290129780769348,0.015895034526099586
N3-K3_fold1_seed20261005,N3-K3,1,20261005,0.2820464074611664,0.28882429003715515,0.310211718082428,0.3134516179561615,0.3307963013648987,0.4531908929347992,0.3094005882740021,0.2816046476364136,0.015895034526099586
N3-K3_fold1_seed20261006,N3-K3,1,20261006,0.23579780757427216,0.23288406431674957,0.2633078992366791,0.2735374867916107,0.289225310087204,0.4695917069911957,0.2328328788280487,0.235845685005188,0.015895034526099586
N3-K3_fold2_seed20261002,N3-K3,2,20261002,0.4546145796775818,0.4490380883216858,0.5186111927032471,0.5391398668289185,0.5708904266357422,0.605103075504303,0.42875710129737854,0.45509645342826843,0.018293851212053864
N3-K3_fold2_seed20261003,N3-K3,2,20261003,0.2342303991317749,0.2319641262292862,0.26364535093307495,0.27557262778282166,0.29931873083114624,0.3273768723011017,0.23829317092895508,0.23415470123291016,0.018293851212053864
N3-K3_fold2_seed20261004,N3-K3,2,20261004,0.4359835088253021,0.43800976872444153,0.46417614817619324,0.47057461738586426,0.4834381341934204,0.531810998916626,0.43708235025405884,0.4359630346298218,0.018293851212053864
N3-K3_fold2_seed20261005,N3-K3,2,20261005,0.23575182259082794,0.23399144411087036,0.27160534262657166,0.276632696390152,0.2836242616176605,0.4703283905982971,0.2565506100654602,0.23536422848701477,0.018293851212053864
N3-K3_fold2_seed20261006,N3-K3,2,20261006,0.18690739572048187,0.18575559556484222,0.2120300978422165,0.21983923017978668,0.23414888978004456,0.46536561846733093,0.18035902082920074,0.18702943623065948,0.018293851212053864
N3-K3_fold3_seed20261002,N3-K3,3,20261002,0.41681280732154846,0.41462981700897217,0.4816746711730957,0.49955862760543823,0.517493486404419,0.5481255054473877,0.36028701066970825,0.41781145334243774,0.01736076516887516
N3-K3_fold3_seed20261003,N3-K3,3,20261003,0.19051070511341095,0.18913593888282776,0.2125367969274521,0.22129254043102264,0.24217191338539124,0.28990504145622253,0.20392866432666779,0.19027364253997803,0.01736076516887516
N3-K3_fold3_seed20261004,N3-K3,3,20261004,0.3475118577480316,0.3492637276649475,0.37116411328315735,0.3768478333950043,0.38650888204574585,0.45196110010147095,0.32398542761802673,0.3479275107383728,0.01736076516887516
N3-K3_fold3_seed20261005,N3-K3,3,20261005,0.17818541824817657,0.17663061618804932,0.20315900444984436,0.21244119107723236,0.22664332389831543,0.44167643785476685,0.19514498114585876,0.17788580060005188,0.01736076516887516
N3-K3_fold3_seed20261006,N3-K3,3,20261006,0.14453047513961792,0.14244438707828522,0.17098325490951538,0.1778053194284439,0.1895555555820465,0.4587169289588928,0.13073208928108215,0.14477425813674927,0.01736076516887516
N3-K3_fold4_seed20261002,N3-K3,4,20261002,0.33539503812789917,0.3321264386177063,0.3682621121406555,0.37954384088516235,0.4097587764263153,0.46474435925483704,0.3177265226840973,0.33591651916503906,0.028668924977582944
N3-K3_fold4_seed20261003,N3-K3,4,20261003,0.15599839389324188,0.15232966840267181,0.18318776786327362,0.19455428421497345,0.21259893476963043,0.26361849904060364,0.1664796769618988,0.1556890308856964,0.028668924977582944
N3-K3_fold4_seed20261004,N3-K3,4,20261004,0.2723342478275299,0.2745700478553772,0.2941957712173462,0.3003564178943634,0.3140103816986084,0.35739603638648987,0.2554515600204468,0.2728325426578522,0.028668924977582944
N3-K3_fold4_seed20261005,N3-K3,4,20261005,0.14068257808685303,0.13819745182991028,0.15632320940494537,0.1640949845314026,0.18494220077991486,0.3927949368953705,0.1525341272354126,0.14033278822898865,0.028668924977582944
N3-K3_fold4_seed20261006,N3-K3,4,20261006,0.11226479709148407,0.10729673504829407,0.13695260882377625,0.1420489251613617,0.1515263468027115,0.40569502115249634,0.1055435836315155,0.11246316879987717,0.028668924977582944
N4-E12_fold1_seed20261002,N4-E12,1,20261002,0.48170962929725647,0.48338082432746887,0.5149385929107666,0.5232663154602051,0.5392788648605347,0.5865741968154907,0.48104965686798096,0.48172029852867126,0.015895034526099586
N4-E12_fold1_seed20261003,N4-E12,1,20261003,0.2802363932132721,0.27639251947402954,0.3139714300632477,0.32228899002075195,0.3357643187046051,0.3739476203918457,0.2733164429664612,0.28034815192222595,0.015895034526099586
N4-E12_fold1_seed20261004,N4-E12,1,20261004,0.528786301612854,0.5360256433486938,0.5511561036109924,0.5566394329071045,0.5639156699180603,0.5899014472961426,0.514746904373169,0.5290129780769348,0.015895034526099586
N4-E12_fold1_seed20261005,N4-E12,1,20261005,0.2820464074611664,0.28882429003715515,0.310211718082428,0.3134516477584839,0.33079633116722107,0.4531908929347992,0.3094005882740021,0.2816046476364136,0.015895034526099586
N4-E12_fold1_seed20261006,N4-E12,1,20261006,0.23579779267311096,0.23288403451442719,0.2633078992366791,0.2735375165939331,0.289225310087204,0.4695917069911957,0.2328328788280487,0.235845685005188,0.015895034526099586
N4-E12_fold2_seed20261002,N4-E12,2,20261002,0.4546145796775818,0.4490380883216858,0.5186112523078918,0.5391398668289185,0.5708904266357422,0.605103075504303,0.42875707149505615,0.45509645342826843,0.018293851212053864
N4-E12_fold2_seed20261003,N4-E12,2,20261003,0.2342303991317749,0.23196418583393097,0.26364535093307495,0.27557265758514404,0.29931873083114624,0.3273768723011017,0.23829317092895508,0.23415470123291016,0.018293851212053864
N4-E12_fold2_seed20261004,N4-E12,2,20261004,0.4359835088253021,0.4380097985267639,0.46417614817619324,0.4705744981765747,0.483438104391098,0.531810998916626,0.43708235025405884,0.4359630346298218,0.018293851212053864
N4-E12_fold2_seed20261005,N4-E12,2,20261005,0.23575182259082794,0.23399144411087036,0.27160534262657166,0.27663275599479675,0.2836242616176605,0.4703283905982971,0.2565505802631378,0.23536422848701477,0.018293851212053864
N4-E12_fold2_seed20261006,N4-E12,2,20261006,0.18690739572048187,0.18575559556484222,0.2120300978422165,0.2198392152786255,0.23414888978004456,0.46536561846733093,0.18035902082920074,0.18702943623065948,0.018293851212053864
N4-E12_fold3_seed20261002,N4-E12,3,20261002,0.41681280732154846,0.41462984681129456,0.4816746711730957,0.49955862760543823,0.517493486404419,0.5481255054473877,0.36028704047203064,0.4178115129470825,0.01736076516887516
N4-E12_fold3_seed20261003,N4-E12,3,20261003,0.19051070511341095,0.18913593888282776,0.2125367969274521,0.22129254043102264,0.24217188358306885,0.28990504145622253,0.20392866432666779,0.19027364253997803,0.01736076516887516
N4-E12_fold3_seed20261004,N4-E12,3,20261004,0.3475118577480316,0.3492637276649475,0.37116414308547974,0.3768478333950043,0.38650888204574585,0.45196110010147095,0.32398542761802673,0.3479275107383728,0.01736076516887516
N4-E12_fold3_seed20261005,N4-E12,3,20261005,0.17818541824817657,0.17663061618804932,0.20315901935100555,0.21244119107723236,0.22664332389831543,0.44167643785476685,0.19514498114585876,0.17788580060005188,0.01736076516887516
N4-E12_fold3_seed20261006,N4-E12,3,20261006,0.14453047513961792,0.1424444019794464,0.17098325490951538,0.1778053343296051,0.1895555555820465,0.4587169289588928,0.13073208928108215,0.14477425813674927,0.01736076516887516
N4-E12_fold4_seed20261002,N4-E12,4,20261002,0.33539503812789917,0.3321264386177063,0.36826208233833313,0.3795437812805176,0.4097587764263153,0.46474435925483704,0.3177265226840973,0.33591651916503906,0.028668924977582944
N4-E12_fold4_seed20261003,N4-E12,4,20261003,0.15599839389324188,0.15232965350151062,0.18318775296211243,0.19455429911613464,0.21259887516498566,0.26361849904060364,0.1664796769618988,0.1556890308856964,0.028668924977582944
N4-E12_fold4_seed20261004,N4-E12,4,20261004,0.2723342478275299,0.2745700478553772,0.2941957414150238,0.3003564178943634,0.3140103816986084,0.35739603638648987,0.2554515600204468,0.2728325426578522,0.028668924977582944
N4-E12_fold4_seed20261005,N4-E12,4,20261005,0.14068257808685303,0.13819745182991028,0.15632320940494537,0.1640949547290802,0.18494220077991486,0.3927949368953705,0.1525341272354126,0.14033278822898865,0.028668924977582944
N4-E12_fold4_seed20261006,N4-E12,4,20261006,0.11226479709148407,0.10729674249887466,0.13695262372493744,0.14204895496368408,0.1515263468027115,0.40569502115249634,0.1055435836315155,0.11246316879987717,0.028668924977582944
N4-E36_fold1_seed20261002,N4-E36,1,20261002,0.2644210159778595,0.26330989599227905,0.2788882255554199,0.2881728410720825,0.31342053413391113,0.3790416121482849,0.28921833634376526,0.26402047276496887,0.015895034526099586
N4-E36_fold1_seed20261003,N4-E36,1,20261003,0.11411673575639725,0.11279527097940445,0.13286353647708893,0.13981269299983978,0.15297946333885193,0.21594460308551788,0.13253509998321533,0.11381924152374268,0.015895034526099586
N4-E36_fold1_seed20261004,N4-E36,1,20261004,0.1957661658525467,0.19461633265018463,0.21561239659786224,0.2228512018918991,0.23717302083969116,0.3160231411457062,0.21084630489349365,0.19552259147167206,0.015895034526099586
N4-E36_fold1_seed20261005,N4-E36,1,20261005,0.09859322011470795,0.09682577848434448,0.10997005552053452,0.11888489872217178,0.13836361467838287,0.3705241084098816,0.11803664267063141,0.09827917069196701,0.015895034526099586
N4-E36_fold1_seed20261006,N4-E36,1,20261006,0.08084092289209366,0.07871095091104507,0.09038721770048141,0.09488004446029663,0.10632960498332977,0.40452978014945984,0.08943799883127213,0.08070205897092819,0.015895034526099586
N4-E36_fold2_seed20261002,N4-E36,2,20261002,0.1682317852973938,0.1662774682044983,0.18435601890087128,0.19049859046936035,0.20745684206485748,0.3175833821296692,0.17906981706619263,0.1680298149585724,0.018293851212053864
N4-E36_fold2_seed20261003,N4-E36,2,20261003,0.07813618332147598,0.07598166167736053,0.09346918016672134,0.09814001619815826,0.10903403908014297,0.19436483085155487,0.09393681585788727,0.07784174382686615,0.018293851212053864
N4-E36_fold2_seed20261004,N4-E36,2,20261004,0.10701758414506912,0.10211358219385147,0.12538284063339233,0.12762758135795593,0.13683778047561646,0.2942010462284088,0.11734692752361298,0.10682510584592819,0.018293851212053864
N4-E36_fold2_seed20261005,N4-E36,2,20261005,0.06647630780935287,0.06452491134405136,0.07250016927719116,0.08445224910974503,0.09892573952674866,0.30603650212287903,0.08468310534954071,0.06613703072071075,0.018293851212053864
N4-E36_fold2_seed20261006,N4-E36,2,20261006,0.051952000707387924,0.0510823093354702,0.057101134210824966,0.06289350241422653,0.07792399078607559,0.37608468532562256,0.06788183003664017,0.05165515094995499,0.018293851212053864
N4-E36_fold3_seed20261002,N4-E36,3,20261002,0.10909011960029602,0.106897734105587,0.12042510509490967,0.12465214729309082,0.14577347040176392,0.2910694181919098,0.11795393377542496,0.10893353074789047,0.01736076516887516
N4-E36_fold3_seed20261003,N4-E36,3,20261003,0.05375119298696518,0.05115346610546112,0.06392624974250793,0.07008302956819534,0.08370327949523926,0.17071565985679626,0.06171591207385063,0.05361047387123108,0.01736076516887516
N4-E36_fold3_seed20261004,N4-E36,3,20261004,0.08056282997131348,0.07924018055200577,0.09156711399555206,0.09484720230102539,0.10538818687200546,0.30099377036094666,0.08171457797288895,0.08054248243570328,0.01736076516887516
N4-E36_fold3_seed20261005,N4-E36,3,20261005,0.045144569128751755,0.043308764696121216,0.051275331526994705,0.05900152027606964,0.07172011584043503,0.28445741534233093,0.057371556758880615,0.044928550720214844,0.01736076516887516
N4-E36_fold3_seed20261006,N4-E36,3,20261006,0.04415616765618324,0.04295584559440613,0.048637233674526215,0.05336467921733856,0.06756274402141571,0.3293296694755554,0.05313423275947571,0.043997544795274734,0.01736076516887516
N4-E36_fold4_seed20261002,N4-E36,4,20261002,0.08164240419864655,0.08036148548126221,0.08879425376653671,0.0932224690914154,0.11018231511116028,0.2550627589225769,0.08699136972427368,0.08148451894521713,0.028668924977582944
N4-E36_fold4_seed20261003,N4-E36,4,20261003,0.040712013840675354,0.037262335419654846,0.05182619392871857,0.056072697043418884,0.07747246325016022,0.14893504977226257,0.05766235291957855,0.04021172225475311,0.028668924977582944
N4-E36_fold4_seed20261004,N4-E36,4,20261004,0.05899900197982788,0.05614378675818443,0.06836390495300293,0.07656664401292801,0.09244438260793686,0.2463403195142746,0.07103943079710007,0.05864362791180611,0.028668924977582944
N4-E36_fold4_seed20261005,N4-E36,4,20261005,0.03689253702759743,0.03337543457746506,0.04825804382562637,0.056048665195703506,0.0675327256321907,0.24624072015285492,0.054461196064949036,0.03637399896979332,0.028668924977582944
N4-E36_fold4_seed20261006,N4-E36,4,20261006,0.03716680407524109,0.03534017503261566,0.04209577292203903,0.048693861812353134,0.0678461417555809,0.3150011897087097,0.048847805708646774,0.036822035908699036,0.028668924977582944
