task_id,model_id,fold,seed,runtime_seconds,device,best_epoch,gradient_clip_frequency,nonfinite_gradient_events
N1-R_fold1_seed20261002,N1-R,1,20261002,16.114799737930298,cuda,12,24,0
N1-R_fold1_seed20261003,N1-R,1,20261003,21.711158752441406,cuda,12,24,0
N1-R_fold1_seed20261004,N1-R,1,20261004,22.42181420326233,cuda,12,24,0
N1-R_fold1_seed20261005,N1-R,1,20261005,18.409964084625244,cuda,12,24,0
N1-R_fold1_seed20261006,N1-R,1,20261006,18.057130813598633,cuda,12,24,0
N1-R_fold2_seed20261002,N1-R,2,20261002,18.99155879020691,cuda,12,36,0
N1-R_fold2_seed20261003,N1-R,2,20261003,24.54666519165039,cuda,12,36,0
N1-R_fold2_seed20261004,N1-R,2,20261004,22.952554941177368,cuda,12,36,0
N1-R_fold2_seed20261005,N1-R,2,20261005,18.841354608535767,cuda,12,36,0
N1-R_fold2_seed20261006,N1-R,2,20261006,18.496203422546387,cuda,12,36,0
N1-R_fold3_seed20261002,N1-R,3,20261002,22.240747213363647,cuda,12,48,0
N1-R_fold3_seed20261003,N1-R,3,20261003,24.79547691345215,cuda,12,48,0
N1-R_fold3_seed20261004,N1-R,3,20261004,19.933069467544556,cuda,12,48,0
N1-R_fold3_seed20261005,N1-R,3,20261005,20.02181839942932,cuda,12,48,0
N1-R_fold3_seed20261006,N1-R,3,20261006,21.732551097869873,cuda,12,48,0
N1-R_fold4_seed20261002,N1-R,4,20261002,24.893944263458252,cuda,12,60,0
N1-R_fold4_seed20261003,N1-R,4,20261003,20.896686553955078,cuda,12,60,0
N1-R_fold4_seed20261004,N1-R,4,20261004,20.882007598876953,cuda,12,60,0
N1-R_fold4_seed20261005,N1-R,4,20261005,24.265369415283203,cuda,12,58,0
N1-R_fold4_seed20261006,N1-R,4,20261006,25.69104814529419,cuda,12,58,0
N1-E_fold1_seed20261002,N1-E,1,20261002,14.318850755691528,cuda,12,24,0
N1-E_fold1_seed20261003,N1-E,1,20261003,17.05852699279785,cuda,12,24,0
N1-E_fold1_seed20261004,N1-E,1,20261004,20.84225630760193,cuda,12,24,0
N1-E_fold1_seed20261005,N1-E,1,20261005,22.101674556732178,cuda,12,24,0
N1-E_fold1_seed20261006,N1-E,1,20261006,20.527947187423706,cuda,12,24,0
N1-E_fold2_seed20261002,N1-E,2,20261002,17.503623723983765,cuda,12,36,0
N1-E_fold2_seed20261003,N1-E,2,20261003,23.748238563537598,cuda,12,36,0
N1-E_fold2_seed20261004,N1-E,2,20261004,21.994078397750854,cuda,12,36,0
N1-E_fold2_seed20261005,N1-E,2,20261005,19.407429456710815,cuda,12,36,0
N1-E_fold2_seed20261006,N1-E,2,20261006,19.551412105560303,cuda,12,34,0
N1-E_fold3_seed20261002,N1-E,3,20261002,24.046628713607788,cuda,12,48,0
N1-E_fold3_seed20261003,N1-E,3,20261003,19.19097089767456,cuda,12,45,0
N1-E_fold3_seed20261004,N1-E,3,20261004,22.220378875732422,cuda,12,48,0
N1-E_fold3_seed20261005,N1-E,3,20261005,20.228758811950684,cuda,12,46,0
N1-E_fold3_seed20261006,N1-E,3,20261006,23.654322147369385,cuda,12,37,0
N1-E_fold4_seed20261002,N1-E,4,20261002,19.53347086906433,cuda,12,60,0
N1-E_fold4_seed20261003,N1-E,4,20261003,20.698153257369995,cuda,12,45,0
N1-E_fold4_seed20261004,N1-E,4,20261004,26.13491463661194,cuda,12,60,0
N1-E_fold4_seed20261005,N1-E,4,20261005,25.91168451309204,cuda,12,46,0
N1-E_fold4_seed20261006,N1-E,4,20261006,24.068928480148315,cuda,12,38,0
N2-R_fold1_seed20261002,N2-R,1,20261002,14.966489791870117,cuda,12,24,0
N2-R_fold1_seed20261003,N2-R,1,20261003,19.543168306350708,cuda,12,24,0
N2-R_fold1_seed20261004,N2-R,1,20261004,21.337728023529053,cuda,12,24,0
N2-R_fold1_seed20261005,N2-R,1,20261005,22.92154812812805,cuda,12,24,0
N2-R_fold1_seed20261006,N2-R,1,20261006,24.311094284057617,cuda,12,24,0
N2-R_fold2_seed20261002,N2-R,2,20261002,17.020150423049927,cuda,12,36,0
N2-R_fold2_seed20261003,N2-R,2,20261003,22.40497136116028,cuda,12,36,0
N2-R_fold2_seed20261004,N2-R,2,20261004,22.289678812026978,cuda,12,36,0
N2-R_fold2_seed20261005,N2-R,2,20261005,25.140214443206787,cuda,12,36,0
N2-R_fold2_seed20261006,N2-R,2,20261006,18.63289976119995,cuda,12,34,0
N2-R_fold3_seed20261002,N2-R,3,20261002,21.988436222076416,cuda,12,48,0
N2-R_fold3_seed20261003,N2-R,3,20261003,24.06402325630188,cuda,12,45,0
N2-R_fold3_seed20261004,N2-R,3,20261004,19.691444158554077,cuda,12,48,0
N2-R_fold3_seed20261005,N2-R,3,20261005,24.127846240997314,cuda,12,46,0
N2-R_fold3_seed20261006,N2-R,3,20261006,26.693267345428467,cuda,12,37,0
N2-R_fold4_seed20261002,N2-R,4,20261002,24.031641244888306,cuda,12,60,0
N2-R_fold4_seed20261003,N2-R,4,20261003,21.125963926315308,cuda,12,45,0
N2-R_fold4_seed20261004,N2-R,4,20261004,23.849926471710205,cuda,12,60,0
N2-R_fold4_seed20261005,N2-R,4,20261005,25.236875534057617,cuda,12,46,0
N2-R_fold4_seed20261006,N2-R,4,20261006,26.224948406219482,cuda,12,38,0
N2-G0_fold1_seed20261002,N2-G0,1,20261002,10.30193829536438,cuda,12,24,0
N2-G0_fold1_seed20261003,N2-G0,1,20261003,12.14149785041809,cuda,12,24,0
N2-G0_fold1_seed20261004,N2-G0,1,20261004,15.516176223754883,cuda,12,24,0
N2-G0_fold1_seed20261005,N2-G0,1,20261005,15.041620254516602,cuda,12,24,0
N2-G0_fold1_seed20261006,N2-G0,1,20261006,11.502577781677246,cuda,12,24,0
N2-G0_fold2_seed20261002,N2-G0,2,20261002,13.117071390151978,cuda,12,36,0
N2-G0_fold2_seed20261003,N2-G0,2,20261003,15.349151372909546,cuda,12,36,0
N2-G0_fold2_seed20261004,N2-G0,2,20261004,15.983261823654175,cuda,12,31,0
N2-G0_fold2_seed20261005,N2-G0,2,20261005,12.088514804840088,cuda,12,36,0
N2-G0_fold2_seed20261006,N2-G0,2,20261006,17.798608541488647,cuda,12,36,0
N2-G0_fold3_seed20261002,N2-G0,3,20261002,14.315881967544556,cuda,12,48,0
N2-G0_fold3_seed20261003,N2-G0,3,20261003,11.471142530441284,cuda,12,48,0
N2-G0_fold3_seed20261004,N2-G0,3,20261004,17.193865299224854,cuda,12,33,0
N2-G0_fold3_seed20261005,N2-G0,3,20261005,16.17029094696045,cuda,12,45,0
N2-G0_fold3_seed20261006,N2-G0,3,20261006,15.409934043884277,cuda,12,48,0
N2-G0_fold4_seed20261002,N2-G0,4,20261002,16.276294708251953,cuda,12,58,0
N2-G0_fold4_seed20261003,N2-G0,4,20261003,13.887815952301025,cuda,12,60,0
N2-G0_fold4_seed20261004,N2-G0,4,20261004,11.52040696144104,cuda,12,33,0
N2-G0_fold4_seed20261005,N2-G0,4,20261005,14.24990177154541,cuda,12,48,0
N2-G0_fold4_seed20261006,N2-G0,4,20261006,14.037555456161499,cuda,12,60,0
N3-K1_fold1_seed20261002,N3-K1,1,20261002,14.200822114944458,cuda,12,24,0
N3-K1_fold1_seed20261003,N3-K1,1,20261003,19.345797061920166,cuda,12,24,0
N3-K1_fold1_seed20261004,N3-K1,1,20261004,20.445704698562622,cuda,12,24,0
N3-K1_fold1_seed20261005,N3-K1,1,20261005,19.54755735397339,cuda,12,24,0
N3-K1_fold1_seed20261006,N3-K1,1,20261006,13.8782639503479,cuda,12,24,0
N3-K1_fold2_seed20261002,N3-K1,2,20261002,20.30845808982849,cuda,12,36,0
N3-K1_fold2_seed20261003,N3-K1,2,20261003,19.856638431549072,cuda,12,36,0
N3-K1_fold2_seed20261004,N3-K1,2,20261004,19.046009063720703,cuda,12,36,0
N3-K1_fold2_seed20261005,N3-K1,2,20261005,20.320362329483032,cuda,12,36,0
N3-K1_fold2_seed20261006,N3-K1,2,20261006,20.321232318878174,cuda,12,36,0
N3-K1_fold3_seed20261002,N3-K1,3,20261002,20.805274963378906,cuda,12,48,0
N3-K1_fold3_seed20261003,N3-K1,3,20261003,20.666815519332886,cuda,12,48,0
N3-K1_fold3_seed20261004,N3-K1,3,20261004,19.984883785247803,cuda,12,48,0
N3-K1_fold3_seed20261005,N3-K1,3,20261005,15.861727237701416,cuda,12,48,0
N3-K1_fold3_seed20261006,N3-K1,3,20261006,21.66788601875305,cuda,12,48,0
N3-K1_fold4_seed20261002,N3-K1,4,20261002,20.69545555114746,cuda,12,60,0
N3-K1_fold4_seed20261003,N3-K1,4,20261003,17.12456512451172,cuda,12,60,0
N3-K1_fold4_seed20261004,N3-K1,4,20261004,22.391862154006958,cuda,12,60,0
N3-K1_fold4_seed20261005,N3-K1,4,20261005,20.324740648269653,cuda,12,60,0
N3-K1_fold4_seed20261006,N3-K1,4,20261006,20.408926725387573,cuda,12,60,0
N3-K3_fold1_seed20261002,N3-K3,1,20261002,14.308753252029419,cuda,12,24,0
N3-K3_fold1_seed20261003,N3-K3,1,20261003,21.251906633377075,cuda,12,24,0
N3-K3_fold1_seed20261004,N3-K3,1,20261004,22.18871021270752,cuda,12,24,0
N3-K3_fold1_seed20261005,N3-K3,1,20261005,21.417179346084595,cuda,12,24,0
N3-K3_fold1_seed20261006,N3-K3,1,20261006,17.199873208999634,cuda,12,24,0
N3-K3_fold2_seed20261002,N3-K3,2,20261002,21.30604338645935,cuda,12,36,0
N3-K3_fold2_seed20261003,N3-K3,2,20261003,22.72264051437378,cuda,12,36,0
N3-K3_fold2_seed20261004,N3-K3,2,20261004,22.51266360282898,cuda,12,36,0
N3-K3_fold2_seed20261005,N3-K3,2,20261005,19.65067982673645,cuda,12,36,0
N3-K3_fold2_seed20261006,N3-K3,2,20261006,22.6692955493927,cuda,12,34,0
N3-K3_fold3_seed20261002,N3-K3,3,20261002,23.85854935646057,cuda,12,48,0
N3-K3_fold3_seed20261003,N3-K3,3,20261003,24.22192931175232,cuda,12,45,0
N3-K3_fold3_seed20261004,N3-K3,3,20261004,19.25060200691223,cuda,12,48,0
N3-K3_fold3_seed20261005,N3-K3,3,20261005,22.607986450195312,cuda,12,46,0
N3-K3_fold3_seed20261006,N3-K3,3,20261006,25.54469895362854,cuda,12,37,0
N3-K3_fold4_seed20261002,N3-K3,4,20261002,20.564025402069092,cuda,12,60,0
N3-K3_fold4_seed20261003,N3-K3,4,20261003,25.247057676315308,cuda,12,45,0
N3-K3_fold4_seed20261004,N3-K3,4,20261004,23.184768199920654,cuda,12,60,0
N3-K3_fold4_seed20261005,N3-K3,4,20261005,20.978328704833984,cuda,12,46,0
N3-K3_fold4_seed20261006,N3-K3,4,20261006,25.081934928894043,cuda,12,38,0
N4-E12_fold1_seed20261002,N4-E12,1,20261002,14.625438451766968,cuda,12,24,0
N4-E12_fold1_seed20261003,N4-E12,1,20261003,20.648252725601196,cuda,12,24,0
N4-E12_fold1_seed20261004,N4-E12,1,20261004,21.6840558052063,cuda,12,24,0
N4-E12_fold1_seed20261005,N4-E12,1,20261005,22.231831550598145,cuda,12,24,0
N4-E12_fold1_seed20261006,N4-E12,1,20261006,18.958105325698853,cuda,12,24,0
N4-E12_fold2_seed20261002,N4-E12,2,20261002,22.66960620880127,cuda,12,36,0
N4-E12_fold2_seed20261003,N4-E12,2,20261003,22.3118634223938,cuda,12,36,0
N4-E12_fold2_seed20261004,N4-E12,2,20261004,23.096402168273926,cuda,12,36,0
N4-E12_fold2_seed20261005,N4-E12,2,20261005,19.444409370422363,cuda,12,36,0
N4-E12_fold2_seed20261006,N4-E12,2,20261006,25.050275802612305,cuda,12,34,0
N4-E12_fold3_seed20261002,N4-E12,3,20261002,24.358933925628662,cuda,12,48,0
N4-E12_fold3_seed20261003,N4-E12,3,20261003,24.655007362365723,cuda,12,45,0
N4-E12_fold3_seed20261004,N4-E12,3,20261004,20.648261308670044,cuda,12,48,0
N4-E12_fold3_seed20261005,N4-E12,3,20261005,24.921412467956543,cuda,12,46,0
N4-E12_fold3_seed20261006,N4-E12,3,20261006,25.972805500030518,cuda,12,37,0
N4-E12_fold4_seed20261002,N4-E12,4,20261002,23.439982414245605,cuda,12,60,0
N4-E12_fold4_seed20261003,N4-E12,4,20261003,20.77526593208313,cuda,12,45,0
N4-E12_fold4_seed20261004,N4-E12,4,20261004,25.261593103408813,cuda,12,60,0
N4-E12_fold4_seed20261005,N4-E12,4,20261005,25.549102067947388,cuda,12,46,0
N4-E12_fold4_seed20261006,N4-E12,4,20261006,26.110524892807007,cuda,12,38,0
N4-E36_fold1_seed20261002,N4-E36,1,20261002,47.63185429573059,cuda,36,72,0
N4-E36_fold1_seed20261003,N4-E36,1,20261003,63.93444347381592,cuda,36,45,0
N4-E36_fold1_seed20261004,N4-E36,1,20261004,63.468074798583984,cuda,36,72,0
N4-E36_fold1_seed20261005,N4-E36,1,20261005,63.734150886535645,cuda,36,44,0
N4-E36_fold1_seed20261006,N4-E36,1,20261006,50.93415904045105,cuda,36,38,0
N4-E36_fold2_seed20261002,N4-E36,2,20261002,67.27916216850281,cuda,36,89,0
N4-E36_fold2_seed20261003,N4-E36,2,20261003,70.9411108493805,cuda,36,46,0
N4-E36_fold2_seed20261004,N4-E36,2,20261004,68.7744071483612,cuda,36,73,0
N4-E36_fold2_seed20261005,N4-E36,2,20261005,54.8398277759552,cuda,36,45,0
N4-E36_fold2_seed20261006,N4-E36,2,20261006,71.7284243106842,cuda,36,36,0
N4-E36_fold3_seed20261002,N4-E36,3,20261002,70.71100068092346,cuda,36,87,0
N4-E36_fold3_seed20261003,N4-E36,3,20261003,73.235102891922,cuda,36,46,0
N4-E36_fold3_seed20261004,N4-E36,3,20261004,59.84086513519287,cuda,36,79,0
N4-E36_fold3_seed20261005,N4-E36,3,20261005,75.2126190662384,cuda,36,46,0
N4-E36_fold3_seed20261006,N4-E36,3,20261006,74.52469611167908,cuda,36,37,0
N4-E36_fold4_seed20261002,N4-E36,4,20261002,72.91284012794495,cuda,36,88,0
N4-E36_fold4_seed20261003,N4-E36,4,20261003,60.99187874794006,cuda,36,45,0
N4-E36_fold4_seed20261004,N4-E36,4,20261004,73.38722062110901,cuda,36,75,0
N4-E36_fold4_seed20261005,N4-E36,4,20261005,75.55625581741333,cuda,36,46,0
N4-E36_fold4_seed20261006,N4-E36,4,20261006,74.36563968658447,cuda,36,38,0
