raster_crs,xmin,xmax,ymin,ymax,nrow,ncol,resolution_x,resolution_y,origin_x,origin_y,valid_cells,min_x,max_x,min_y,max_y,unique_x,unique_y,row_count,non_na_value_count
"PROJCRS[""unknown"",
    BASEGEOGCRS[""WGS 84"",
        DATUM[""World Geodetic System 1984"",
            ELLIPSOID[""WGS 84"",6378137,298.257223563,
                LENGTHUNIT[""metre"",1]]],
        PRIMEM[""Greenwich"",0,
            ANGLEUNIT[""degree"",0.0174532925199433]],
        ID[""EPSG"",4326]],
    CONVERSION[""Albers Equal Area"",
        METHOD[""Albers Equal Area"",
            ID[""EPSG"",9822]],
        PARAMETER[""Latitude of false origin"",20,
            ANGLEUNIT[""degree"",0.0174532925199433],
            ID[""EPSG"",8821]],
        PARAMETER[""Longitude of false origin"",-75,
            ANGLEUNIT[""degree"",0.0174532925199433],
            ID[""EPSG"",8822]],
        PARAMETER[""Latitude of 1st standard parallel"",10,
            ANGLEUNIT[""degree"",0.0174532925199433],
            ID[""EPSG"",8823]],
        PARAMETER[""Latitude of 2nd standard parallel"",30,
            ANGLEUNIT[""degree"",0.0174532925199433],
            ID[""EPSG"",8824]],
        PARAMETER[""Easting at false origin"",0,
            LENGTHUNIT[""metre"",1],
            ID[""EPSG"",8826]],
        PARAMETER[""Northing at false origin"",0,
            LENGTHUNIT[""metre"",1],
            ID[""EPSG"",8827]]],
    CS[Cartesian,2],
        AXIS[""easting"",east,
            ORDER[1],
            LENGTHUNIT[""kilometre"",1000,
                ID[""EPSG"",9036]]],
        AXIS[""northing"",north,
            ORDER[2],
            LENGTHUNIT[""kilometre"",1000,
                ID[""EPSG"",9036]]]]",-4361.41088177553,2962.12966365311,-2202.99971555688,2835.61878908363,202,293,24.9950189263776,24.9436559635669,-12.2775885858255,-7.95799076299636,10037,-4348.91337231234,2949.63215418992,-2190.5278875751,2823.14696110184,293,202,59186,10037
