artifact_type,filename,path,sha256,source_data,model_sha
table_or_document,animation_cell_identity_check.csv,/project/disease_ecology/STGNN-output/structured_a3_fullfit/interpretation_revised/animation_cell_identity_check.csv,42baa5989910368c60ac0c0e80141c41289fcd0938df49ae74362c7f74d57a0e,weekly Structured A3 GeoTIFF products,1cb694f4323ac2d05d973b5631539bd4e3a95ed3ffe3a7405a9e35c6b377092e
figure,animation_debug_occurrence_2026_W29_current.png,/project/disease_ecology/STGNN-output/structured_a3_fullfit/interpretation_revised/animation_debug_occurrence_2026_W29_current.png,34d9fbea919ce7a5cdf08e761ad832461453f6d84bc50909a34799e86ed53b97,weekly Structured A3 GeoTIFF products,1cb694f4323ac2d05d973b5631539bd4e3a95ed3ffe3a7405a9e35c6b377092e
table_or_document,animation_debug_occurrence_2026_W29_geometry.csv,/project/disease_ecology/STGNN-output/structured_a3_fullfit/interpretation_revised/animation_debug_occurrence_2026_W29_geometry.csv,e35b6646213d0896dfe4675f68d75bfed08bab5c714c6ea25b41c8348137b799,weekly Structured A3 GeoTIFF products,1cb694f4323ac2d05d973b5631539bd4e3a95ed3ffe3a7405a9e35c6b377092e
figure,animation_debug_occurrence_2026_W29.png,/project/disease_ecology/STGNN-output/structured_a3_fullfit/interpretation_revised/animation_debug_occurrence_2026_W29.png,a2b20380a1102be021ed1f94fed388e5e19727d0e0d233258d16ad4c56994817,weekly Structured A3 GeoTIFF products,1cb694f4323ac2d05d973b5631539bd4e3a95ed3ffe3a7405a9e35c6b377092e
table_or_document,animation_qa.csv,/project/disease_ecology/STGNN-output/structured_a3_fullfit/interpretation_revised/animation/animation_qa.csv,4d130144c9f16a3b5a5dcdda0f43c74fc73167c0a0f3494437dd0c8faeef969e,weekly Structured A3 GeoTIFF products,1cb694f4323ac2d05d973b5631539bd4e3a95ed3ffe3a7405a9e35c6b377092e
animation,structured_a3_conditional_count_2025_W01_to_2026_W29.gif,/project/disease_ecology/STGNN-output/structured_a3_fullfit/interpretation_revised/animation/structured_a3_conditional_count_2025_W01_to_2026_W29.gif,99c709b43e9bea270804064f096a6d6b32f3e668e98096fea108aee1b43a8530,weekly Structured A3 GeoTIFF products,1cb694f4323ac2d05d973b5631539bd4e3a95ed3ffe3a7405a9e35c6b377092e
animation,structured_a3_expected_count_2025_W01_to_2026_W29.gif,/project/disease_ecology/STGNN-output/structured_a3_fullfit/interpretation_revised/animation/structured_a3_expected_count_2025_W01_to_2026_W29.gif,dc44932545e4cfeef656455bdc3edec59a316a851037497391bdeede708c991a,weekly Structured A3 GeoTIFF products,1cb694f4323ac2d05d973b5631539bd4e3a95ed3ffe3a7405a9e35c6b377092e
animation,structured_a3_p_occurrence_2025_W01_to_2026_W29.gif,/project/disease_ecology/STGNN-output/structured_a3_fullfit/interpretation_revised/animation/structured_a3_p_occurrence_2025_W01_to_2026_W29.gif,d9d354cfd064f14e6285eca6cc28b9aa4921f67bd6aaadedbffd679fa1de9224,weekly Structured A3 GeoTIFF products,1cb694f4323ac2d05d973b5631539bd4e3a95ed3ffe3a7405a9e35c6b377092e
table_or_document,count_coefficients_ranked_abs.csv,/project/disease_ecology/STGNN-output/structured_a3_fullfit/interpretation_revised/coefficients/count_coefficients_ranked_abs.csv,594225856768dac248d4abd814c14f8c0dd41df5647b1db2cde89880de4cdab4,persisted Structured A3 interpretation tables,1cb694f4323ac2d05d973b5631539bd4e3a95ed3ffe3a7405a9e35c6b377092e
figure,count_coefficients_ranked_abs.pdf,/project/disease_ecology/STGNN-output/structured_a3_fullfit/interpretation_revised/coefficients/count_coefficients_ranked_abs.pdf,d02dab32eaacb49518b25a182aa87e06df859a326ce65bd2ff657cc8b5811d94,persisted Structured A3 interpretation tables,1cb694f4323ac2d05d973b5631539bd4e3a95ed3ffe3a7405a9e35c6b377092e
figure,count_coefficients_ranked_abs.png,/project/disease_ecology/STGNN-output/structured_a3_fullfit/interpretation_revised/coefficients/count_coefficients_ranked_abs.png,dd4b2a4c45e758c1a240ea3c4c0c345f73802d4e227f0f14cd5440e4eeff81ac,persisted Structured A3 interpretation tables,1cb694f4323ac2d05d973b5631539bd4e3a95ed3ffe3a7405a9e35c6b377092e
table_or_document,occurrence_coefficients_ranked_abs.csv,/project/disease_ecology/STGNN-output/structured_a3_fullfit/interpretation_revised/coefficients/occurrence_coefficients_ranked_abs.csv,0c4f6488ede99ed7043e8994132dc86fc5654904f3b03ca751d2d15ba9c21bde,persisted Structured A3 interpretation tables,1cb694f4323ac2d05d973b5631539bd4e3a95ed3ffe3a7405a9e35c6b377092e
figure,occurrence_coefficients_ranked_abs.pdf,/project/disease_ecology/STGNN-output/structured_a3_fullfit/interpretation_revised/coefficients/occurrence_coefficients_ranked_abs.pdf,a2737c231fc3b91089966d3b50a8ac4d2f6a145f67ca34448bc3640450171703,persisted Structured A3 interpretation tables,1cb694f4323ac2d05d973b5631539bd4e3a95ed3ffe3a7405a9e35c6b377092e
figure,occurrence_coefficients_ranked_abs.png,/project/disease_ecology/STGNN-output/structured_a3_fullfit/interpretation_revised/coefficients/occurrence_coefficients_ranked_abs.png,ed1e00f91e8c8d431ae7fa4008b39f2c31565792ae441a6ac9aeb45b91545a8c,persisted Structured A3 interpretation tables,1cb694f4323ac2d05d973b5631539bd4e3a95ed3ffe3a7405a9e35c6b377092e
table_or_document,effect_response_conditional_count.csv,/project/disease_ecology/STGNN-output/structured_a3_fullfit/interpretation_revised/effects/effect_response_conditional_count.csv,135124364a144e18074d58da1dd295f657febd4679b4cb8e2526f6560d810784,persisted Structured A3 interpretation tables,1cb694f4323ac2d05d973b5631539bd4e3a95ed3ffe3a7405a9e35c6b377092e
figure,effect_response_conditional_count.pdf,/project/disease_ecology/STGNN-output/structured_a3_fullfit/interpretation_revised/effects/effect_response_conditional_count.pdf,bcb6a3268db259d261c3018b496ca768f4b574e23446072bf9c7da5180286ea8,persisted Structured A3 interpretation tables,1cb694f4323ac2d05d973b5631539bd4e3a95ed3ffe3a7405a9e35c6b377092e
figure,effect_response_conditional_count.png,/project/disease_ecology/STGNN-output/structured_a3_fullfit/interpretation_revised/effects/effect_response_conditional_count.png,12c26d3bdc991c60dae336c26576e8df55255d4cef209e1611949e511630f304,persisted Structured A3 interpretation tables,1cb694f4323ac2d05d973b5631539bd4e3a95ed3ffe3a7405a9e35c6b377092e
table_or_document,effect_response_expected_count.csv,/project/disease_ecology/STGNN-output/structured_a3_fullfit/interpretation_revised/effects/effect_response_expected_count.csv,8982b5c131e989e390c3b7652dbaf1eade3e5608eaee0d68abeb99b4d55ce174,persisted Structured A3 interpretation tables,1cb694f4323ac2d05d973b5631539bd4e3a95ed3ffe3a7405a9e35c6b377092e
figure,effect_response_expected_count.pdf,/project/disease_ecology/STGNN-output/structured_a3_fullfit/interpretation_revised/effects/effect_response_expected_count.pdf,7674700c16825abb2753528b703b648fb1f35c817b9c2450f9dd91a761e43697,persisted Structured A3 interpretation tables,1cb694f4323ac2d05d973b5631539bd4e3a95ed3ffe3a7405a9e35c6b377092e
figure,effect_response_expected_count.png,/project/disease_ecology/STGNN-output/structured_a3_fullfit/interpretation_revised/effects/effect_response_expected_count.png,f9cb7eefb74eec0cd955dcb0b42248d6d5c8261fad9bf81b81a53599703e6f46,persisted Structured A3 interpretation tables,1cb694f4323ac2d05d973b5631539bd4e3a95ed3ffe3a7405a9e35c6b377092e
table_or_document,effect_response_occurrence.csv,/project/disease_ecology/STGNN-output/structured_a3_fullfit/interpretation_revised/effects/effect_response_occurrence.csv,853eec6efde2694460c176bd642def0eb153307460025f1df0da31360521e14b,persisted Structured A3 interpretation tables,1cb694f4323ac2d05d973b5631539bd4e3a95ed3ffe3a7405a9e35c6b377092e
figure,effect_response_occurrence.pdf,/project/disease_ecology/STGNN-output/structured_a3_fullfit/interpretation_revised/effects/effect_response_occurrence.pdf,0faaf34572fddfc749bb934162e4e23d246489c4328a863c9bc458d6a6a11d3d,persisted Structured A3 interpretation tables,1cb694f4323ac2d05d973b5631539bd4e3a95ed3ffe3a7405a9e35c6b377092e
figure,effect_response_occurrence.png,/project/disease_ecology/STGNN-output/structured_a3_fullfit/interpretation_revised/effects/effect_response_occurrence.png,bb23efe439be3ee24a450f9e3e197a0a2310b10a014935b958615a14793db635,persisted Structured A3 interpretation tables,1cb694f4323ac2d05d973b5631539bd4e3a95ed3ffe3a7405a9e35c6b377092e
table_or_document,effect_response_reference_profile.csv,/project/disease_ecology/STGNN-output/structured_a3_fullfit/interpretation_revised/effects/effect_response_reference_profile.csv,bff81cde5d2e930c28872959df9a2ff98bef807ae44431a714c3a7e449036d6d,persisted Structured A3 interpretation tables,1cb694f4323ac2d05d973b5631539bd4e3a95ed3ffe3a7405a9e35c6b377092e
table_or_document,predictive_importance_by_group.csv,/project/disease_ecology/STGNN-output/structured_a3_fullfit/interpretation_revised/importance/predictive_importance_by_group.csv,972bef2e38a51599dcf335f1cc9c226753ebbfce22a90ec50617b320878a4d83,persisted Structured A3 interpretation tables,1cb694f4323ac2d05d973b5631539bd4e3a95ed3ffe3a7405a9e35c6b377092e
table_or_document,predictive_importance_full.csv,/project/disease_ecology/STGNN-output/structured_a3_fullfit/interpretation_revised/importance/predictive_importance_full.csv,03e31c1379f1279284cd4b1ecc7c32369562eca3adc40b072433858e6e43b0f2,persisted Structured A3 interpretation tables,1cb694f4323ac2d05d973b5631539bd4e3a95ed3ffe3a7405a9e35c6b377092e
figure,predictive_importance_full.pdf,/project/disease_ecology/STGNN-output/structured_a3_fullfit/interpretation_revised/importance/predictive_importance_full.pdf,b7a558cbb001c870cadec7f0e93c95d07cbd1a11c1fa4e0848e3f0544e50e4fd,persisted Structured A3 interpretation tables,1cb694f4323ac2d05d973b5631539bd4e3a95ed3ffe3a7405a9e35c6b377092e
figure,predictive_importance_full.png,/project/disease_ecology/STGNN-output/structured_a3_fullfit/interpretation_revised/importance/predictive_importance_full.png,851863df3e6b9254e4430198d40a9094df494a3619e8c2ce784f34ce779791bd,persisted Structured A3 interpretation tables,1cb694f4323ac2d05d973b5631539bd4e3a95ed3ffe3a7405a9e35c6b377092e
table_or_document,predictive_importance_nonfront.csv,/project/disease_ecology/STGNN-output/structured_a3_fullfit/interpretation_revised/importance/predictive_importance_nonfront.csv,aac2b002c57c3bcfefca5e4a19b620c18c87fb507682b993c24d0142812aed9f,persisted Structured A3 interpretation tables,1cb694f4323ac2d05d973b5631539bd4e3a95ed3ffe3a7405a9e35c6b377092e
figure,predictive_importance_nonfront.pdf,/project/disease_ecology/STGNN-output/structured_a3_fullfit/interpretation_revised/importance/predictive_importance_nonfront.pdf,27ea0701bde9550fd189ac1575f391e0fff828f47fc2340429fc99f42dc4aee9,persisted Structured A3 interpretation tables,1cb694f4323ac2d05d973b5631539bd4e3a95ed3ffe3a7405a9e35c6b377092e
figure,predictive_importance_nonfront.png,/project/disease_ecology/STGNN-output/structured_a3_fullfit/interpretation_revised/importance/predictive_importance_nonfront.png,2b12f6c8f9e370b1f44b50a54764594e9dcecb96e09525be83fd79f611cea8b2,persisted Structured A3 interpretation tables,1cb694f4323ac2d05d973b5631539bd4e3a95ed3ffe3a7405a9e35c6b377092e
table_or_document,interpretation_figure_index.csv,/project/disease_ecology/STGNN-output/structured_a3_fullfit/interpretation_revised/interpretation_figure_index.csv,1d4cc95a0244e5c5e28239bac75bdb4066b09885a30bac0e0d76a460171a9cbd,persisted Structured A3 interpretation tables,1cb694f4323ac2d05d973b5631539bd4e3a95ed3ffe3a7405a9e35c6b377092e
table_or_document,interpretation_visual_revision.md,/project/disease_ecology/STGNN-output/structured_a3_fullfit/interpretation_revised/report/interpretation_visual_revision.md,fe6acff4dc8faa332f5f9d2555b3d50eb76af7c0198faa25313ed173eaa46341,persisted Structured A3 interpretation tables,1cb694f4323ac2d05d973b5631539bd4e3a95ed3ffe3a7405a9e35c6b377092e
figure,seasonal_effect_revised.pdf,/project/disease_ecology/STGNN-output/structured_a3_fullfit/interpretation_revised/seasonality/seasonal_effect_revised.pdf,853028a78448e43551cd0da219c91c5277dab3c7852c78eb53072aa037ab377d,persisted Structured A3 interpretation tables,1cb694f4323ac2d05d973b5631539bd4e3a95ed3ffe3a7405a9e35c6b377092e
figure,seasonal_effect_revised.png,/project/disease_ecology/STGNN-output/structured_a3_fullfit/interpretation_revised/seasonality/seasonal_effect_revised.png,c008d72179213b930c6fbbc80712815451f0cdec68bcd63703612a87caa67669,persisted Structured A3 interpretation tables,1cb694f4323ac2d05d973b5631539bd4e3a95ed3ffe3a7405a9e35c6b377092e
