predictor,group,permutation_strategy,replicates,baseline_joint_nll,baseline_brier,baseline_pr_auc,permutation_nll_importance,permutation_nll_sd,permutation_brier_importance,permutation_brier_sd,permutation_pr_auc_importance,permutation_pr_auc_sd,rank_by_mean_degradation,plot_rank
distance_to_prev4_positive_log1p,detection history/front,history_within_week,10,0.0682661199760982,0.0113533852869718,0.493448298324213,0.0400478359390118,0.000111546758979465,0.00471947170986015,2.41738868518287e-05,0.160280717509782,0.0026333430544165,1,1
weeks_since_detection_within_50km_log1p,detection history/front,history_within_week,10,0.0682661199760982,0.0113533852869718,0.493448298324213,0.0123361614829575,5.88057173524776e-05,0.00334463967176065,1.70365199622341e-05,0.0671713297969017,0.00194634504721925,2,2
distance_to_any_prior_positive_log1p,detection history/front,history_within_week,10,0.0682661199760982,0.0113533852869718,0.493448298324213,0.0100036799514807,4.35874548157246e-05,0.0029905322229099,1.30371299928532e-05,0.0662570981274403,0.00208540329112702,3,3
agera5_relhum_min,environmental,dynamic_within_week,10,0.0682661199760982,0.0113533852869718,0.493448298324213,0.00116949084001973,5.19783023158079e-05,9.7726546103008e-05,5.49852727407594e-06,0.00912508411337735,0.00111493978193432,6,4
era5_lai_low,environmental,dynamic_within_week,10,0.0682661199760982,0.0113533852869718,0.493448298324213,0.000896538165641639,4.85914339955489e-05,1.89693200958888e-05,1.21779139485027e-06,0.00101225355682164,0.000233387736201295,14,5
road_density,anthropogenic,static_across_nodes,10,0.0682661199760982,0.0113533852869718,0.493448298324213,0.000752765395836125,0.000145590433122882,0.000104969906867111,1.31985993985761e-05,0.0109208406948073,0.00421610528795215,5,6
era5land_lai_high_mean,environmental,dynamic_within_week,10,0.0682661199760982,0.0113533852869718,0.493448298324213,0.000537404516835111,2.97202083187061e-05,7.52019400738825e-05,2.70367107458099e-06,0.00545242942227431,0.000810391565283838,8,7
era5land_tmean,environmental,dynamic_within_week,10,0.0682661199760982,0.0113533852869718,0.493448298324213,0.000509183987598583,3.93298637380353e-05,1.65051656736085e-05,1.30978540499618e-06,0.00230773596496749,0.000262480453771608,11,8
sheep_density,livestock,static_across_nodes,10,0.0682661199760982,0.0113533852869718,0.493448298324213,0.000305713312778212,3.63075352943731e-05,0.000137417837310242,1.10474642538171e-05,0.0116742912614277,0.0024240170439617,4,9
pig_density,livestock,static_across_nodes,10,0.0682661199760982,0.0113533852869718,0.493448298324213,0.000305511651535376,5.63304138883897e-05,0.00010464547698855,1.20548620782774e-05,0.00485033763726543,0.0025962380409696,9,10
week_sin,seasonal,calendar_week_block,10,0.0682661199760982,0.0113533852869718,0.493448298324213,0.000252409159577752,4.99644140413576e-05,-7.42993971526544e-07,1.10258331228611e-06,-0.000360625452530822,0.00024445308748148,32,11
cattle_density,livestock,static_across_nodes,10,0.0682661199760982,0.0113533852869718,0.493448298324213,0.000187301858562575,3.59686659110782e-05,7.16087609711947e-05,1.55176102175398e-05,0.000540468083277418,0.00270227838721052,19,12
water_difference_wv0033_minus_wv0010_0_15,soil,static_across_nodes,10,0.0682661199760982,0.0113533852869718,0.493448298324213,0.000160113648127741,3.50097959508457e-05,2.39669906283555e-05,6.03465491075828e-06,0.00723614953121016,0.00131882699790356,7,13
night_illumination,anthropogenic,static_across_nodes,10,0.0682661199760982,0.0113533852869718,0.493448298324213,0.000152034502549289,1.99734423216573e-05,2.13109296863124e-05,5.89203057983393e-06,0.00233132587583017,0.00122335690289939,12,14
detection_within_50km_ever_available,detection history/front,history_within_week,10,0.0682661199760982,0.0113533852869718,0.493448298324213,0.000150259551893567,4.77300926269126e-06,7.56602042027661e-05,1.34762547278884e-06,0.00174609735049007,0.000260561712554282,13,15
horse_density,livestock,static_across_nodes,10,0.0682661199760982,0.0113533852869718,0.493448298324213,0.000138205680551753,1.83461730648649e-05,5.52577341207016e-05,5.90868166812098e-06,-0.00233723200946119,0.00180508056286301,34,16
era5land_surface_pressure_mean,environmental,dynamic_within_week,10,0.0682661199760982,0.0113533852869718,0.493448298324213,0.000113599348338907,1.43606804860883e-05,-1.5040098600913e-07,1.27506225720831e-07,-2.07749556287107e-05,3.69306983966961e-05,21,17
clay_0_15,soil,static_across_nodes,10,0.0682661199760982,0.0113533852869718,0.493448298324213,0.000110528041607604,3.56309408394234e-05,2.20728181454886e-06,4.81073174245504e-07,-0.000166363184203894,0.00014925103069859,31,18
goat_density,livestock,static_across_nodes,10,0.0682661199760982,0.0113533852869718,0.493448298324213,0.000107756913585412,1.19389280539163e-05,3.8445506789613e-05,4.77127975036944e-06,-0.00161984703824805,0.00136100859749617,33,19
era5_mintemp,environmental,dynamic_within_week,10,0.0682661199760982,0.0113533852869718,0.493448298324213,8.91881848737744e-05,3.27928863307391e-06,4.30628454678204e-05,1.21092973916676e-06,0.00386219448377581,0.000503234805073744,10,20
week_cos,seasonal,calendar_week_block,10,0.0682661199760982,0.0113533852869718,0.493448298324213,7.16898050970166e-05,2.73659414488425e-05,4.41192272743196e-08,6.22746080754833e-08,-3.92947933688548e-05,1.86464453238232e-05,23,21
era5land_lai_low_mean,environmental,dynamic_within_week,10,0.0682661199760982,0.0113533852869718,0.493448298324213,4.88188607487214e-05,5.20752585305985e-06,2.17961962188e-05,1.33784131286177e-06,0.00141137842824379,0.000252047027921402,17,22
era5_soilmoist,environmental,dynamic_within_week,10,0.0682661199760982,0.0113533852869718,0.493448298324213,3.76396926871692e-05,2.24787239702796e-06,1.43356472838215e-05,1.09454601055892e-06,0.000768090801037358,0.000309515769109416,18,23
era5land_soiltemp_l1_mean,environmental,dynamic_within_week,10,0.0682661199760982,0.0113533852869718,0.493448298324213,2.62988957945021e-05,1.40656368755184e-06,1.27189269188749e-05,1.18876455175052e-06,0.00183867874798094,0.000306475233446354,15,24
era5land_soiltemp_l2_mean,environmental,dynamic_within_week,10,0.0682661199760982,0.0113533852869718,0.493448298324213,2.4325673634705e-05,2.88682059203433e-06,1.3239359101332e-05,9.25380185611916e-07,0.00170946379931975,0.000239359204814947,16,25
era5land_soilwater_l1_mean,environmental,dynamic_within_week,10,0.0682661199760982,0.0113533852869718,0.493448298324213,2.31120457926809e-05,4.18110942155875e-06,1.16645650931871e-05,1.14581546056361e-06,0.000600222371177089,0.000394010559340612,20,26
era5land_soilwater_l2_mean,environmental,dynamic_within_week,10,0.0682661199760982,0.0113533852869718,0.493448298324213,1.57361574073076e-05,5.24838233281419e-06,1.51913219094066e-06,2.53369120647462e-07,4.93939094988349e-05,6.94324533349419e-05,22,27
pig_density_imputed,livestock missingness,static_across_nodes,10,0.0682661199760982,0.0113533852869718,0.493448298324213,7.16683934420814e-12,1.09200312244817e-10,-8.37794243702117e-13,3.91330156840376e-11,-2.82076602631243e-09,7.44125103451777e-09,30,28
any_prior_positive_available,detection history/front,history_within_week,10,0.0682661199760982,0.0113533852869718,0.493448298324213,0,0,0,0,0,0,24,29
cattle_density_imputed,livestock missingness,static_across_nodes,10,0.0682661199760982,0.0113533852869718,0.493448298324213,0,0,0,0,0,0,24,30
goat_density_imputed,livestock missingness,static_across_nodes,10,0.0682661199760982,0.0113533852869718,0.493448298324213,0,0,0,0,0,0,24,31
horse_density_imputed,livestock missingness,static_across_nodes,10,0.0682661199760982,0.0113533852869718,0.493448298324213,0,0,0,0,0,0,24,32
prev4_positive_available,detection history/front,history_within_week,10,0.0682661199760982,0.0113533852869718,0.493448298324213,0,0,0,0,0,0,24,33
sheep_density_imputed,livestock missingness,static_across_nodes,10,0.0682661199760982,0.0113533852869718,0.493448298324213,0,0,0,0,0,0,24,34
